[0m02:38:37.804574 [debug] [MainThread]: Sending event: {'category': 'dbt', 'action': 'invocation', 'label': 'start', 'context': [<snowplow_tracker.self_describing_json.SelfDescribingJson object at 0x000001B9688F4110>, <snowplow_tracker.self_describing_json.SelfDescribingJson object at 0x000001B9688E77D0>, <snowplow_tracker.self_describing_json.SelfDescribingJson object at 0x000001B9688EB4D0>]}


============================== 02:38:37.822449 | ab2dc3d2-6e36-44eb-a267-b9f0c9750295 ==============================
[0m02:38:37.822449 [info ] [MainThread]: Running with dbt=1.11.11
[0m02:38:37.822449 [debug] [MainThread]: running dbt with arguments {'version_check': 'True', 'no_print': 'None', 'static_parser': 'True', 'target_path': 'None', 'warn_error_options': 'WarnErrorOptionsV2(error=[], warn=[], silence=[])', 'printer_width': '80', 'write_json': 'True', 'introspect': 'True', 'log_cache_events': 'False', 'empty': 'None', 'cache_selected_only': 'False', 'fail_fast': 'False', 'debug': 'False', 'log_format': 'default', 'profiles_dir': 'C:\\Users\\Shank\\PROJECT-CS\\data engineering\\weather-data-platform\\dbt_weather', 'send_anonymous_usage_stats': 'True', 'quiet': 'False', 'warn_error': 'None', 'partial_parse': 'True', 'indirect_selection': 'eager', 'invocation_command': 'dbt debug', 'use_colors': 'True', 'use_experimental_parser': 'False', 'log_path': 'C:\\Users\\Shank\\PROJECT-CS\\data engineering\\weather-data-platform\\dbt_weather\\logs'}
[0m02:38:37.907155 [info ] [MainThread]: dbt version: 1.11.11
[0m02:38:37.910567 [info ] [MainThread]: python version: 3.11.7
[0m02:38:37.910567 [info ] [MainThread]: python path: C:\Users\Shank\anaconda3\python.exe
[0m02:38:37.914754 [info ] [MainThread]: os info: Windows-10-10.0.26200-SP0
[0m02:38:38.237694 [info ] [MainThread]: Using profiles dir at C:\Users\Shank\PROJECT-CS\data engineering\weather-data-platform\dbt_weather
[0m02:38:38.241794 [info ] [MainThread]: Using profiles.yml file at C:\Users\Shank\PROJECT-CS\data engineering\weather-data-platform\dbt_weather\profiles.yml
[0m02:38:38.241794 [info ] [MainThread]: Using dbt_project.yml file at C:\Users\Shank\PROJECT-CS\data engineering\weather-data-platform\dbt_weather\dbt_project.yml
[0m02:38:38.251584 [info ] [MainThread]: adapter type: duckdb
[0m02:38:38.254873 [info ] [MainThread]: adapter version: 1.10.1
[0m02:38:38.615765 [info ] [MainThread]: Configuration:
[0m02:38:38.615765 [info ] [MainThread]:   profiles.yml file [[32mOK found and valid[0m]
[0m02:38:38.615765 [info ] [MainThread]:   dbt_project.yml file [[32mOK found and valid[0m]
[0m02:38:38.615765 [info ] [MainThread]: Required dependencies:
[0m02:38:38.615765 [debug] [MainThread]: Executing "git --help"
[0m02:38:38.733085 [debug] [MainThread]: STDOUT: "b"usage: git [-v | --version] [-h | --help] [-C <path>] [-c <name>=<value>]\n           [--exec-path[=<path>]] [--html-path] [--man-path] [--info-path]\n           [-p | --paginate | -P | --no-pager] [--no-replace-objects] [--bare]\n           [--git-dir=<path>] [--work-tree=<path>] [--namespace=<name>]\n           [--config-env=<name>=<envvar>] <command> [<args>]\n\nThese are common Git commands used in various situations:\n\nstart a working area (see also: git help tutorial)\n   clone     Clone a repository into a new directory\n   init      Create an empty Git repository or reinitialize an existing one\n\nwork on the current change (see also: git help everyday)\n   add       Add file contents to the index\n   mv        Move or rename a file, a directory, or a symlink\n   restore   Restore working tree files\n   rm        Remove files from the working tree and from the index\n\nexamine the history and state (see also: git help revisions)\n   bisect    Use binary search to find the commit that introduced a bug\n   diff      Show changes between commits, commit and working tree, etc\n   grep      Print lines matching a pattern\n   log       Show commit logs\n   show      Show various types of objects\n   status    Show the working tree status\n\ngrow, mark and tweak your common history\n   branch    List, create, or delete branches\n   commit    Record changes to the repository\n   merge     Join two or more development histories together\n   rebase    Reapply commits on top of another base tip\n   reset     Reset current HEAD to the specified state\n   switch    Switch branches\n   tag       Create, list, delete or verify a tag object signed with GPG\n\ncollaborate (see also: git help workflows)\n   fetch     Download objects and refs from another repository\n   pull      Fetch from and integrate with another repository or a local branch\n   push      Update remote refs along with associated objects\n\n'git help -a' and 'git help -g' list available subcommands and some\nconcept guides. See 'git help <command>' or 'git help <concept>'\nto read about a specific subcommand or concept.\nSee 'git help git' for an overview of the system.\n""
[0m02:38:38.733542 [debug] [MainThread]: STDERR: "b''"
[0m02:38:38.735562 [info ] [MainThread]:  - git [[32mOK found[0m]

[0m02:38:38.737397 [info ] [MainThread]: Connection:
[0m02:38:38.737397 [info ] [MainThread]:   database: analytics
[0m02:38:38.740012 [info ] [MainThread]:   schema: weather
[0m02:38:38.740012 [info ] [MainThread]:   path: ../duckdb/analytics.duckdb
[0m02:38:38.743997 [info ] [MainThread]:   config_options: None
[0m02:38:38.743997 [info ] [MainThread]:   extensions: None
[0m02:38:38.746997 [info ] [MainThread]:   settings: {}
[0m02:38:38.746997 [info ] [MainThread]:   external_root: .
[0m02:38:38.749894 [info ] [MainThread]:   use_credential_provider: None
[0m02:38:38.751098 [info ] [MainThread]:   attach: None
[0m02:38:38.754234 [info ] [MainThread]:   filesystems: None
[0m02:38:38.754234 [info ] [MainThread]:   remote: None
[0m02:38:38.757248 [info ] [MainThread]:   plugins: None
[0m02:38:38.757248 [info ] [MainThread]:   disable_transactions: False
[0m02:38:38.761322 [info ] [MainThread]: Registered adapter: duckdb=1.10.1
[0m02:38:39.837429 [debug] [MainThread]: Acquiring new duckdb connection 'debug'
[0m02:38:40.599484 [debug] [MainThread]: Using duckdb connection "debug"
[0m02:38:40.599484 [debug] [MainThread]: On debug: select 1 as id
[0m02:38:40.606325 [debug] [MainThread]: Opening a new connection, currently in state init
[0m02:38:40.808728 [debug] [MainThread]: SQL status: OK in 0.202 seconds
[0m02:38:40.810483 [debug] [MainThread]: On debug: Close
[0m02:38:40.813369 [info ] [MainThread]:   Connection test: [[32mOK connection ok[0m]

[0m02:38:40.813369 [info ] [MainThread]: [32mAll checks passed![0m
[0m02:38:40.819301 [debug] [MainThread]: Command `dbt debug` succeeded at 02:38:40.819301 after 3.35 seconds
[0m02:38:40.819301 [debug] [MainThread]: Connection 'debug' was properly closed.
[0m02:38:40.822995 [debug] [MainThread]: Sending event: {'category': 'dbt', 'action': 'invocation', 'label': 'end', 'context': [<snowplow_tracker.self_describing_json.SelfDescribingJson object at 0x000001B969D02750>, <snowplow_tracker.self_describing_json.SelfDescribingJson object at 0x000001B969FE8F90>, <snowplow_tracker.self_describing_json.SelfDescribingJson object at 0x000001B9688E71D0>]}
[0m02:38:40.822995 [debug] [MainThread]: Flushing usage events
[0m02:38:43.371039 [debug] [MainThread]: An error was encountered while trying to flush usage events
[0m02:40:15.474747 [debug] [MainThread]: Sending event: {'category': 'dbt', 'action': 'invocation', 'label': 'start', 'context': [<snowplow_tracker.self_describing_json.SelfDescribingJson object at 0x0000015F479A53D0>, <snowplow_tracker.self_describing_json.SelfDescribingJson object at 0x0000015F4799B650>, <snowplow_tracker.self_describing_json.SelfDescribingJson object at 0x0000015F4799AF50>]}


============================== 02:40:15.484691 | c1b2a4a8-4ff2-429d-9c47-5e496f4ec403 ==============================
[0m02:40:15.484691 [info ] [MainThread]: Running with dbt=1.11.11
[0m02:40:15.484691 [debug] [MainThread]: running dbt with arguments {'version_check': 'True', 'no_print': 'None', 'static_parser': 'True', 'target_path': 'None', 'warn_error_options': 'WarnErrorOptionsV2(error=[], warn=[], silence=[])', 'printer_width': '80', 'write_json': 'True', 'empty': 'None', 'log_cache_events': 'False', 'introspect': 'True', 'cache_selected_only': 'False', 'log_format': 'default', 'debug': 'False', 'fail_fast': 'False', 'profiles_dir': 'C:\\Users\\Shank\\PROJECT-CS\\data engineering\\weather-data-platform\\dbt_weather', 'send_anonymous_usage_stats': 'True', 'quiet': 'False', 'warn_error': 'None', 'partial_parse': 'True', 'indirect_selection': 'eager', 'use_colors': 'True', 'invocation_command': 'dbt deps', 'use_experimental_parser': 'False', 'log_path': 'C:\\Users\\Shank\\PROJECT-CS\\data engineering\\weather-data-platform\\dbt_weather\\logs'}
[0m02:40:17.395018 [debug] [MainThread]: Sending event: {'category': 'dbt', 'action': 'project_id', 'label': 'c1b2a4a8-4ff2-429d-9c47-5e496f4ec403', 'context': [<snowplow_tracker.self_describing_json.SelfDescribingJson object at 0x0000015F47A2A1D0>]}
[0m02:40:17.477135 [info ] [MainThread]: Warning: No packages were found in packages.yml
[0m02:40:17.480408 [info ] [MainThread]: Warning: No packages were found in packages.yml
[0m02:40:17.483223 [debug] [MainThread]: Command `dbt deps` succeeded at 02:40:17.483223 after 2.34 seconds
[0m02:40:17.485016 [debug] [MainThread]: Sending event: {'category': 'dbt', 'action': 'invocation', 'label': 'end', 'context': [<snowplow_tracker.self_describing_json.SelfDescribingJson object at 0x0000015F40EB6750>, <snowplow_tracker.self_describing_json.SelfDescribingJson object at 0x0000015F40EB62D0>, <snowplow_tracker.self_describing_json.SelfDescribingJson object at 0x0000015F40EB65D0>]}
[0m02:40:17.486462 [debug] [MainThread]: Flushing usage events
[0m02:40:19.722730 [debug] [MainThread]: An error was encountered while trying to flush usage events
[0m02:44:40.781702 [debug] [MainThread]: Sending event: {'category': 'dbt', 'action': 'invocation', 'label': 'start', 'context': [<snowplow_tracker.self_describing_json.SelfDescribingJson object at 0x000001DA6A5440D0>, <snowplow_tracker.self_describing_json.SelfDescribingJson object at 0x000001DA6A5CB790>, <snowplow_tracker.self_describing_json.SelfDescribingJson object at 0x000001DA6A545250>]}


============================== 02:44:40.796207 | 380f5fe1-9e93-4ac3-8edf-a1740059a71b ==============================
[0m02:44:40.796207 [info ] [MainThread]: Running with dbt=1.11.11
[0m02:44:40.796207 [debug] [MainThread]: running dbt with arguments {'version_check': 'True', 'no_print': 'None', 'static_parser': 'True', 'target_path': 'None', 'warn_error_options': 'WarnErrorOptionsV2(error=[], warn=[], silence=[])', 'printer_width': '80', 'write_json': 'True', 'introspect': 'True', 'log_cache_events': 'False', 'empty': 'None', 'cache_selected_only': 'False', 'fail_fast': 'False', 'debug': 'False', 'log_format': 'default', 'partial_parse': 'True', 'send_anonymous_usage_stats': 'True', 'quiet': 'False', 'warn_error': 'None', 'profiles_dir': 'C:\\Users\\Shank\\PROJECT-CS\\data engineering\\weather-data-platform\\dbt_weather', 'use_colors': 'True', 'invocation_command': 'dbt deps', 'indirect_selection': 'eager', 'use_experimental_parser': 'False', 'log_path': 'C:\\Users\\Shank\\PROJECT-CS\\data engineering\\weather-data-platform\\dbt_weather\\logs'}
[0m02:44:42.298605 [debug] [MainThread]: Sending event: {'category': 'dbt', 'action': 'project_id', 'label': '380f5fe1-9e93-4ac3-8edf-a1740059a71b', 'context': [<snowplow_tracker.self_describing_json.SelfDescribingJson object at 0x000001DA6A5379D0>]}
[0m02:44:42.394076 [debug] [MainThread]: Set downloads directory='C:\Users\Shank\AppData\Local\Temp\dbt-downloads-ho4ydzlm'
[0m02:44:42.394076 [debug] [MainThread]: Making package index registry request: GET https://hub.getdbt.com/api/v1/index.json
[0m02:44:43.878593 [debug] [MainThread]: Response from registry index: GET https://hub.getdbt.com/api/v1/index.json 200
[0m02:44:43.880604 [debug] [MainThread]: Making package registry request: GET https://hub.getdbt.com/api/v1/dbt-labs/dbt_utils.json
[0m02:44:45.049554 [debug] [MainThread]: Response from registry: GET https://hub.getdbt.com/api/v1/dbt-labs/dbt_utils.json 200
[0m02:44:45.080448 [debug] [MainThread]: Making package registry request: GET https://hub.getdbt.com/api/v1/dbt-labs/codegen.json
[0m02:44:46.686994 [debug] [MainThread]: Response from registry: GET https://hub.getdbt.com/api/v1/dbt-labs/codegen.json 200
[0m02:44:46.746853 [info ] [MainThread]: Updating lock file in file path: C:\Users\Shank\PROJECT-CS\data engineering\weather-data-platform\dbt_weather/package-lock.yml
[0m02:44:46.797749 [debug] [MainThread]: Set downloads directory='C:\Users\Shank\AppData\Local\Temp\dbt-downloads-b5v_rl6v'
[0m02:44:46.820516 [info ] [MainThread]: Installing dbt-labs/dbt_utils
[0m02:44:49.929684 [info ] [MainThread]: Installed from version 1.1.1
[0m02:44:49.932387 [info ] [MainThread]: Updated version available: 1.4.0
[0m02:44:49.934401 [debug] [MainThread]: Sending event: {'category': 'dbt', 'action': 'package', 'label': '380f5fe1-9e93-4ac3-8edf-a1740059a71b', 'property_': 'install', 'context': [<snowplow_tracker.self_describing_json.SelfDescribingJson object at 0x000001DA6B639610>, <snowplow_tracker.self_describing_json.SelfDescribingJson object at 0x000001DA6BB84910>]}
[0m02:44:49.937865 [info ] [MainThread]: Installing dbt-labs/codegen
[0m02:44:52.076274 [info ] [MainThread]: Installed from version 0.12.1
[0m02:44:52.076274 [info ] [MainThread]: Updated version available: 0.14.1
[0m02:44:52.076274 [debug] [MainThread]: Sending event: {'category': 'dbt', 'action': 'package', 'label': '380f5fe1-9e93-4ac3-8edf-a1740059a71b', 'property_': 'install', 'context': [<snowplow_tracker.self_describing_json.SelfDescribingJson object at 0x000001DA6BB85350>, <snowplow_tracker.self_describing_json.SelfDescribingJson object at 0x000001DA6BB844D0>]}
[0m02:44:52.076274 [info ] [MainThread]: 
[0m02:44:52.076274 [info ] [MainThread]: Updates available for packages: ['dbt-labs/dbt_utils', 'dbt-labs/codegen']                 
Update your versions in packages.yml, then run dbt deps
[0m02:44:52.097589 [debug] [MainThread]: Command `dbt deps` succeeded at 02:44:52.096329 after 11.79 seconds
[0m02:44:52.099864 [debug] [MainThread]: Sending event: {'category': 'dbt', 'action': 'invocation', 'label': 'end', 'context': [<snowplow_tracker.self_describing_json.SelfDescribingJson object at 0x000001DA6A537150>, <snowplow_tracker.self_describing_json.SelfDescribingJson object at 0x000001DA6A5372D0>, <snowplow_tracker.self_describing_json.SelfDescribingJson object at 0x000001DA6A537090>]}
[0m02:44:52.103016 [debug] [MainThread]: Flushing usage events
[0m02:44:54.673843 [debug] [MainThread]: An error was encountered while trying to flush usage events
[0m02:46:16.306572 [debug] [MainThread]: Sending event: {'category': 'dbt', 'action': 'invocation', 'label': 'start', 'context': [<snowplow_tracker.self_describing_json.SelfDescribingJson object at 0x0000028879C4A510>, <snowplow_tracker.self_describing_json.SelfDescribingJson object at 0x0000028879C4AE90>, <snowplow_tracker.self_describing_json.SelfDescribingJson object at 0x0000028879C4A750>]}


============================== 02:46:16.314659 | e330a96d-e708-47e1-bb13-5513972cc163 ==============================
[0m02:46:16.314659 [info ] [MainThread]: Running with dbt=1.11.11
[0m02:46:16.330611 [debug] [MainThread]: running dbt with arguments {'static_parser': 'True', 'no_print': 'None', 'version_check': 'True', 'warn_error_options': 'WarnErrorOptionsV2(error=[], warn=[], silence=[])', 'target_path': 'None', 'printer_width': '80', 'write_json': 'True', 'empty': 'None', 'log_cache_events': 'False', 'introspect': 'True', 'cache_selected_only': 'False', 'log_format': 'default', 'debug': 'False', 'fail_fast': 'False', 'partial_parse': 'True', 'send_anonymous_usage_stats': 'True', 'quiet': 'False', 'warn_error': 'None', 'profiles_dir': 'C:\\Users\\Shank\\PROJECT-CS\\data engineering\\weather-data-platform\\dbt_weather', 'invocation_command': 'dbt debug', 'use_colors': 'True', 'indirect_selection': 'eager', 'use_experimental_parser': 'False', 'log_path': 'C:\\Users\\Shank\\PROJECT-CS\\data engineering\\weather-data-platform\\dbt_weather\\logs'}
[0m02:46:16.410300 [info ] [MainThread]: dbt version: 1.11.11
[0m02:46:16.410300 [info ] [MainThread]: python version: 3.11.7
[0m02:46:16.410300 [info ] [MainThread]: python path: C:\Users\Shank\anaconda3\python.exe
[0m02:46:16.410300 [info ] [MainThread]: os info: Windows-10-10.0.26200-SP0
[0m02:46:16.833034 [info ] [MainThread]: Using profiles dir at C:\Users\Shank\PROJECT-CS\data engineering\weather-data-platform\dbt_weather
[0m02:46:16.833034 [info ] [MainThread]: Using profiles.yml file at C:\Users\Shank\PROJECT-CS\data engineering\weather-data-platform\dbt_weather\profiles.yml
[0m02:46:16.833034 [info ] [MainThread]: Using dbt_project.yml file at C:\Users\Shank\PROJECT-CS\data engineering\weather-data-platform\dbt_weather\dbt_project.yml
[0m02:46:16.849100 [info ] [MainThread]: adapter type: duckdb
[0m02:46:16.853411 [info ] [MainThread]: adapter version: 1.10.1
[0m02:46:17.315056 [info ] [MainThread]: Configuration:
[0m02:46:17.315056 [info ] [MainThread]:   profiles.yml file [[32mOK found and valid[0m]
[0m02:46:17.319958 [info ] [MainThread]:   dbt_project.yml file [[32mOK found and valid[0m]
[0m02:46:17.322006 [info ] [MainThread]: Required dependencies:
[0m02:46:17.322006 [debug] [MainThread]: Executing "git --help"
[0m02:46:17.457936 [debug] [MainThread]: STDOUT: "b"usage: git [-v | --version] [-h | --help] [-C <path>] [-c <name>=<value>]\n           [--exec-path[=<path>]] [--html-path] [--man-path] [--info-path]\n           [-p | --paginate | -P | --no-pager] [--no-replace-objects] [--bare]\n           [--git-dir=<path>] [--work-tree=<path>] [--namespace=<name>]\n           [--config-env=<name>=<envvar>] <command> [<args>]\n\nThese are common Git commands used in various situations:\n\nstart a working area (see also: git help tutorial)\n   clone     Clone a repository into a new directory\n   init      Create an empty Git repository or reinitialize an existing one\n\nwork on the current change (see also: git help everyday)\n   add       Add file contents to the index\n   mv        Move or rename a file, a directory, or a symlink\n   restore   Restore working tree files\n   rm        Remove files from the working tree and from the index\n\nexamine the history and state (see also: git help revisions)\n   bisect    Use binary search to find the commit that introduced a bug\n   diff      Show changes between commits, commit and working tree, etc\n   grep      Print lines matching a pattern\n   log       Show commit logs\n   show      Show various types of objects\n   status    Show the working tree status\n\ngrow, mark and tweak your common history\n   branch    List, create, or delete branches\n   commit    Record changes to the repository\n   merge     Join two or more development histories together\n   rebase    Reapply commits on top of another base tip\n   reset     Reset current HEAD to the specified state\n   switch    Switch branches\n   tag       Create, list, delete or verify a tag object signed with GPG\n\ncollaborate (see also: git help workflows)\n   fetch     Download objects and refs from another repository\n   pull      Fetch from and integrate with another repository or a local branch\n   push      Update remote refs along with associated objects\n\n'git help -a' and 'git help -g' list available subcommands and some\nconcept guides. See 'git help <command>' or 'git help <concept>'\nto read about a specific subcommand or concept.\nSee 'git help git' for an overview of the system.\n""
[0m02:46:17.458737 [debug] [MainThread]: STDERR: "b''"
[0m02:46:17.460586 [info ] [MainThread]:  - git [[32mOK found[0m]

[0m02:46:17.462222 [info ] [MainThread]: Connection:
[0m02:46:17.463632 [info ] [MainThread]:   database: analytics
[0m02:46:17.466013 [info ] [MainThread]:   schema: weather
[0m02:46:17.468797 [info ] [MainThread]:   path: ../duckdb/analytics.duckdb
[0m02:46:17.470718 [info ] [MainThread]:   config_options: None
[0m02:46:17.472483 [info ] [MainThread]:   extensions: None
[0m02:46:17.474255 [info ] [MainThread]:   settings: {}
[0m02:46:17.475744 [info ] [MainThread]:   external_root: .
[0m02:46:17.478568 [info ] [MainThread]:   use_credential_provider: None
[0m02:46:17.479705 [info ] [MainThread]:   attach: None
[0m02:46:17.481719 [info ] [MainThread]:   filesystems: None
[0m02:46:17.482733 [info ] [MainThread]:   remote: None
[0m02:46:17.485773 [info ] [MainThread]:   plugins: None
[0m02:46:17.487427 [info ] [MainThread]:   disable_transactions: False
[0m02:46:17.492152 [info ] [MainThread]: Registered adapter: duckdb=1.10.1
[0m02:46:18.457525 [debug] [MainThread]: Acquiring new duckdb connection 'debug'
[0m02:46:19.140730 [debug] [MainThread]: Using duckdb connection "debug"
[0m02:46:19.140730 [debug] [MainThread]: On debug: select 1 as id
[0m02:46:19.158099 [debug] [MainThread]: Opening a new connection, currently in state init
[0m02:46:19.432898 [debug] [MainThread]: SQL status: OK in 0.275 seconds
[0m02:46:19.434686 [debug] [MainThread]: On debug: Close
[0m02:46:19.434686 [info ] [MainThread]:   Connection test: [[32mOK connection ok[0m]

[0m02:46:19.439536 [info ] [MainThread]: [32mAll checks passed![0m
[0m02:46:19.439536 [debug] [MainThread]: Command `dbt debug` succeeded at 02:46:19.439536 after 3.50 seconds
[0m02:46:19.439536 [debug] [MainThread]: Connection 'debug' was properly closed.
[0m02:46:19.439536 [debug] [MainThread]: Sending event: {'category': 'dbt', 'action': 'invocation', 'label': 'end', 'context': [<snowplow_tracker.self_describing_json.SelfDescribingJson object at 0x0000028879C47050>, <snowplow_tracker.self_describing_json.SelfDescribingJson object at 0x0000028879C471D0>, <snowplow_tracker.self_describing_json.SelfDescribingJson object at 0x0000028879A10A10>]}
[0m02:46:19.447391 [debug] [MainThread]: Flushing usage events
[0m02:46:21.842553 [debug] [MainThread]: An error was encountered while trying to flush usage events
[0m02:46:29.095610 [debug] [MainThread]: Sending event: {'category': 'dbt', 'action': 'invocation', 'label': 'start', 'context': [<snowplow_tracker.self_describing_json.SelfDescribingJson object at 0x000001DCF3F50450>, <snowplow_tracker.self_describing_json.SelfDescribingJson object at 0x000001DCF3D100D0>, <snowplow_tracker.self_describing_json.SelfDescribingJson object at 0x000001DCF3D10550>]}


============================== 02:46:29.101666 | 06556102-b68e-4037-9f15-a8c826ddb62b ==============================
[0m02:46:29.101666 [info ] [MainThread]: Running with dbt=1.11.11
[0m02:46:29.101666 [debug] [MainThread]: running dbt with arguments {'version_check': 'True', 'no_print': 'None', 'static_parser': 'True', 'warn_error_options': 'WarnErrorOptionsV2(error=[], warn=[], silence=[])', 'target_path': 'None', 'printer_width': '80', 'write_json': 'True', 'empty': 'None', 'log_cache_events': 'False', 'introspect': 'True', 'cache_selected_only': 'False', 'fail_fast': 'False', 'debug': 'False', 'log_format': 'default', 'profiles_dir': 'C:\\Users\\Shank\\PROJECT-CS\\data engineering\\weather-data-platform\\dbt_weather', 'send_anonymous_usage_stats': 'True', 'quiet': 'False', 'warn_error': 'None', 'partial_parse': 'True', 'invocation_command': 'dbt ls', 'indirect_selection': 'eager', 'use_colors': 'True', 'use_experimental_parser': 'False', 'log_path': 'C:\\Users\\Shank\\PROJECT-CS\\data engineering\\weather-data-platform\\dbt_weather\\logs'}
[0m02:46:30.516622 [debug] [MainThread]: Sending event: {'category': 'dbt', 'action': 'project_id', 'label': '06556102-b68e-4037-9f15-a8c826ddb62b', 'context': [<snowplow_tracker.self_describing_json.SelfDescribingJson object at 0x000001DCF519A050>]}
[0m02:46:30.745768 [debug] [MainThread]: Sending event: {'category': 'dbt', 'action': 'adapter_info', 'label': '06556102-b68e-4037-9f15-a8c826ddb62b', 'context': [<snowplow_tracker.self_describing_json.SelfDescribingJson object at 0x000001DCF09E7C10>]}
[0m02:46:30.755201 [info ] [MainThread]: Registered adapter: duckdb=1.10.1
[0m02:46:31.702506 [debug] [MainThread]: checksum: 30a8cc8fdcbf66701b0944d4ccce3fa46dd04b61e5df68b9f16d57b2e0e3f0be, vars: {}, profile: , target: , version: 1.11.11
[0m02:46:31.702506 [info ] [MainThread]: Unable to do partial parsing because saved manifest not found. Starting full parse.
[0m02:46:31.711365 [debug] [MainThread]: Sending event: {'category': 'dbt', 'action': 'partial_parser', 'label': '06556102-b68e-4037-9f15-a8c826ddb62b', 'context': [<snowplow_tracker.self_describing_json.SelfDescribingJson object at 0x000001DCF5172F50>]}
[0m02:46:38.216925 [warn ] [MainThread]: [[33mWARNING[0m]: Did not find matching node for patch with name 'int_weather_forecast' in the 'models' section of file 'models\intermediate\schema.yml'
[0m02:46:38.234870 [warn ] [MainThread]: [[33mWARNING[0m]: Did not find matching node for patch with name 'int_weather_anomalies' in the 'models' section of file 'models\intermediate\schema.yml'
[0m02:46:38.260475 [warn ] [MainThread]: [[33mWARNING[0m]: Did not find matching node for patch with name 'int_weather_station_metrics' in the 'models' section of file 'models\intermediate\schema.yml'
[0m02:46:38.282843 [warn ] [MainThread]: [[33mWARNING[0m]: Did not find matching node for patch with name 'int_climate_patterns' in the 'models' section of file 'models\intermediate\schema.yml'
[0m02:46:38.300959 [warn ] [MainThread]: [[33mWARNING[0m]: Did not find matching node for patch with name 'int_weather_correlation' in the 'models' section of file 'models\intermediate\schema.yml'
[0m02:46:38.630957 [warn ] [MainThread]: [[33mWARNING[0m][MissingArgumentsPropertyInGenericTestDeprecation]: Deprecated
functionality
Found top-level arguments to test `dbt_utils.accepted_range` defined on
'int_weather_metrics' in package 'weather_analytics'
(models\intermediate\schema.yml). Arguments to generic tests should be nested
under the `arguments` property.
[0m02:46:38.630957 [debug] [MainThread]: Sending event: {'category': 'dbt', 'action': 'deprecation', 'label': '06556102-b68e-4037-9f15-a8c826ddb62b', 'property_': 'warn', 'context': [<snowplow_tracker.self_describing_json.SelfDescribingJson object at 0x000001DCF5AD9CD0>]}
[0m02:46:39.330886 [warn ] [MainThread]: [[33mWARNING[0m]: Did not find matching node for patch with name 'weather_daily_summary' in the 'models' section of file 'models\marts\schema.yml'
[0m02:46:39.341773 [warn ] [MainThread]: [[33mWARNING[0m]: Did not find matching node for patch with name 'weather_trend_analysis' in the 'models' section of file 'models\marts\schema.yml'
[0m02:46:39.354177 [warn ] [MainThread]: [[33mWARNING[0m]: Did not find matching node for patch with name 'extreme_weather_events' in the 'models' section of file 'models\marts\schema.yml'
[0m02:46:39.369223 [warn ] [MainThread]: [[33mWARNING[0m]: Did not find matching node for patch with name 'mart_weather_quality' in the 'models' section of file 'models\marts\schema.yml'
[0m02:46:39.387031 [warn ] [MainThread]: [[33mWARNING[0m]: Did not find matching node for patch with name 'mart_weather_forecast_accuracy' in the 'models' section of file 'models\marts\schema.yml'
[0m02:46:40.454106 [error] [MainThread]: Encountered an error:
Compilation Error
  dbt found two schema.yml entries for the same resource named int_weather_metrics. Resources and their associated columns may only be described a single time. To fix this, remove the resource entry for int_weather_metrics in one of these files:
   - models\staging\schema.yml
  models\intermediate\schema.yml
[0m02:46:40.454106 [warn ] [MainThread]: [[33mWARNING[0m][DeprecationsSummary]: Deprecated functionality
Summary of encountered deprecations:
- MissingArgumentsPropertyInGenericTestDeprecation: 73 occurrences
To see all deprecation instances instead of just the first occurrence of each,
run command again with the `--show-all-deprecations` flag. You may also need to
run with `--no-partial-parse` as some deprecations are only encountered during
parsing.
[0m02:46:40.460305 [debug] [MainThread]: Command `dbt ls` failed at 02:46:40.460305 after 11.68 seconds
[0m02:46:40.460305 [debug] [MainThread]: Sending event: {'category': 'dbt', 'action': 'invocation', 'label': 'end', 'context': [<snowplow_tracker.self_describing_json.SelfDescribingJson object at 0x000001DCF5B652D0>, <snowplow_tracker.self_describing_json.SelfDescribingJson object at 0x000001DCF586EC90>, <snowplow_tracker.self_describing_json.SelfDescribingJson object at 0x000001DCED4E65D0>]}
[0m02:46:40.460305 [debug] [MainThread]: Flushing usage events
[0m02:46:42.819515 [debug] [MainThread]: An error was encountered while trying to flush usage events
[0m02:46:50.154802 [debug] [MainThread]: Sending event: {'category': 'dbt', 'action': 'invocation', 'label': 'start', 'context': [<snowplow_tracker.self_describing_json.SelfDescribingJson object at 0x000001D3A26E07D0>, <snowplow_tracker.self_describing_json.SelfDescribingJson object at 0x000001D3A26E1990>, <snowplow_tracker.self_describing_json.SelfDescribingJson object at 0x000001D3A26E0550>]}


============================== 02:46:50.167170 | 8a448e1e-5f0c-4618-bbe5-d319d41f5ded ==============================
[0m02:46:50.167170 [info ] [MainThread]: Running with dbt=1.11.11
[0m02:46:50.169960 [debug] [MainThread]: running dbt with arguments {'static_parser': 'True', 'no_print': 'None', 'version_check': 'True', 'warn_error_options': 'WarnErrorOptionsV2(error=[], warn=[], silence=[])', 'target_path': 'None', 'printer_width': '80', 'write_json': 'True', 'introspect': 'True', 'log_cache_events': 'False', 'empty': 'False', 'cache_selected_only': 'False', 'log_format': 'default', 'debug': 'False', 'fail_fast': 'False', 'partial_parse': 'True', 'send_anonymous_usage_stats': 'True', 'quiet': 'False', 'warn_error': 'None', 'profiles_dir': 'C:\\Users\\Shank\\PROJECT-CS\\data engineering\\weather-data-platform\\dbt_weather', 'use_colors': 'True', 'indirect_selection': 'eager', 'invocation_command': 'dbt run --select stg_weather', 'use_experimental_parser': 'False', 'log_path': 'C:\\Users\\Shank\\PROJECT-CS\\data engineering\\weather-data-platform\\dbt_weather\\logs'}
[0m02:46:51.570199 [debug] [MainThread]: Sending event: {'category': 'dbt', 'action': 'project_id', 'label': '8a448e1e-5f0c-4618-bbe5-d319d41f5ded', 'context': [<snowplow_tracker.self_describing_json.SelfDescribingJson object at 0x000001D3A3951850>]}
[0m02:46:51.819377 [debug] [MainThread]: Sending event: {'category': 'dbt', 'action': 'adapter_info', 'label': '8a448e1e-5f0c-4618-bbe5-d319d41f5ded', 'context': [<snowplow_tracker.self_describing_json.SelfDescribingJson object at 0x000001D39F127E90>]}
[0m02:46:51.827840 [info ] [MainThread]: Registered adapter: duckdb=1.10.1
[0m02:46:52.833728 [debug] [MainThread]: checksum: 30a8cc8fdcbf66701b0944d4ccce3fa46dd04b61e5df68b9f16d57b2e0e3f0be, vars: {}, profile: , target: , version: 1.11.11
[0m02:46:52.840203 [info ] [MainThread]: Unable to do partial parsing because saved manifest not found. Starting full parse.
[0m02:46:52.841772 [debug] [MainThread]: Sending event: {'category': 'dbt', 'action': 'partial_parser', 'label': '8a448e1e-5f0c-4618-bbe5-d319d41f5ded', 'context': [<snowplow_tracker.self_describing_json.SelfDescribingJson object at 0x000001D3A3A2D8D0>]}
[0m02:46:57.902621 [warn ] [MainThread]: [[33mWARNING[0m]: Did not find matching node for patch with name 'int_weather_forecast' in the 'models' section of file 'models\intermediate\schema.yml'
[0m02:46:57.930455 [warn ] [MainThread]: [[33mWARNING[0m]: Did not find matching node for patch with name 'int_weather_anomalies' in the 'models' section of file 'models\intermediate\schema.yml'
[0m02:46:57.944436 [warn ] [MainThread]: [[33mWARNING[0m]: Did not find matching node for patch with name 'int_weather_station_metrics' in the 'models' section of file 'models\intermediate\schema.yml'
[0m02:46:57.959051 [warn ] [MainThread]: [[33mWARNING[0m]: Did not find matching node for patch with name 'int_climate_patterns' in the 'models' section of file 'models\intermediate\schema.yml'
[0m02:46:57.975696 [warn ] [MainThread]: [[33mWARNING[0m]: Did not find matching node for patch with name 'int_weather_correlation' in the 'models' section of file 'models\intermediate\schema.yml'
[0m02:46:58.270992 [warn ] [MainThread]: [[33mWARNING[0m][MissingArgumentsPropertyInGenericTestDeprecation]: Deprecated
functionality
Found top-level arguments to test `dbt_utils.accepted_range` defined on
'int_weather_metrics' in package 'weather_analytics'
(models\intermediate\schema.yml). Arguments to generic tests should be nested
under the `arguments` property.
[0m02:46:58.270992 [debug] [MainThread]: Sending event: {'category': 'dbt', 'action': 'deprecation', 'label': '8a448e1e-5f0c-4618-bbe5-d319d41f5ded', 'property_': 'warn', 'context': [<snowplow_tracker.self_describing_json.SelfDescribingJson object at 0x000001D3A42AC110>]}
[0m02:46:58.974329 [warn ] [MainThread]: [[33mWARNING[0m]: Did not find matching node for patch with name 'weather_daily_summary' in the 'models' section of file 'models\marts\schema.yml'
[0m02:46:58.990148 [warn ] [MainThread]: [[33mWARNING[0m]: Did not find matching node for patch with name 'weather_trend_analysis' in the 'models' section of file 'models\marts\schema.yml'
[0m02:46:59.008457 [warn ] [MainThread]: [[33mWARNING[0m]: Did not find matching node for patch with name 'extreme_weather_events' in the 'models' section of file 'models\marts\schema.yml'
[0m02:46:59.027786 [warn ] [MainThread]: [[33mWARNING[0m]: Did not find matching node for patch with name 'mart_weather_quality' in the 'models' section of file 'models\marts\schema.yml'
[0m02:46:59.034986 [warn ] [MainThread]: [[33mWARNING[0m]: Did not find matching node for patch with name 'mart_weather_forecast_accuracy' in the 'models' section of file 'models\marts\schema.yml'
[0m02:47:00.097087 [error] [MainThread]: Encountered an error:
Compilation Error
  dbt found two schema.yml entries for the same resource named int_weather_metrics. Resources and their associated columns may only be described a single time. To fix this, remove the resource entry for int_weather_metrics in one of these files:
   - models\staging\schema.yml
  models\intermediate\schema.yml
[0m02:47:00.097087 [warn ] [MainThread]: [[33mWARNING[0m][DeprecationsSummary]: Deprecated functionality
Summary of encountered deprecations:
- MissingArgumentsPropertyInGenericTestDeprecation: 73 occurrences
To see all deprecation instances instead of just the first occurrence of each,
run command again with the `--show-all-deprecations` flag. You may also need to
run with `--no-partial-parse` as some deprecations are only encountered during
parsing.
[0m02:47:00.097087 [debug] [MainThread]: Command `dbt run` failed at 02:47:00.097087 after 10.26 seconds
[0m02:47:00.097087 [debug] [MainThread]: Sending event: {'category': 'dbt', 'action': 'invocation', 'label': 'end', 'context': [<snowplow_tracker.self_describing_json.SelfDescribingJson object at 0x000001D3A43CA8D0>, <snowplow_tracker.self_describing_json.SelfDescribingJson object at 0x000001D39BBF6850>, <snowplow_tracker.self_describing_json.SelfDescribingJson object at 0x000001D3A40159D0>]}
[0m02:47:00.097087 [debug] [MainThread]: Flushing usage events
[0m02:47:02.669133 [debug] [MainThread]: An error was encountered while trying to flush usage events
[0m02:47:10.386937 [debug] [MainThread]: Sending event: {'category': 'dbt', 'action': 'invocation', 'label': 'start', 'context': [<snowplow_tracker.self_describing_json.SelfDescribingJson object at 0x0000021CB67168D0>, <snowplow_tracker.self_describing_json.SelfDescribingJson object at 0x0000021CB6637510>, <snowplow_tracker.self_describing_json.SelfDescribingJson object at 0x0000021CB6637850>]}


============================== 02:47:10.409614 | c210265a-d526-42cd-ae9c-f99f41fe1f40 ==============================
[0m02:47:10.409614 [info ] [MainThread]: Running with dbt=1.11.11
[0m02:47:10.413913 [debug] [MainThread]: running dbt with arguments {'version_check': 'True', 'no_print': 'None', 'static_parser': 'True', 'target_path': 'None', 'warn_error_options': 'WarnErrorOptionsV2(error=[], warn=[], silence=[])', 'printer_width': '80', 'write_json': 'True', 'empty': 'False', 'log_cache_events': 'False', 'introspect': 'True', 'cache_selected_only': 'False', 'log_format': 'default', 'debug': 'False', 'fail_fast': 'False', 'partial_parse': 'True', 'send_anonymous_usage_stats': 'True', 'quiet': 'False', 'warn_error': 'None', 'profiles_dir': 'C:\\Users\\Shank\\PROJECT-CS\\data engineering\\weather-data-platform\\dbt_weather', 'invocation_command': 'dbt run --select int_weather_metrics', 'indirect_selection': 'eager', 'use_colors': 'True', 'use_experimental_parser': 'False', 'log_path': 'C:\\Users\\Shank\\PROJECT-CS\\data engineering\\weather-data-platform\\dbt_weather\\logs'}
[0m02:47:11.758397 [debug] [MainThread]: Sending event: {'category': 'dbt', 'action': 'project_id', 'label': 'c210265a-d526-42cd-ae9c-f99f41fe1f40', 'context': [<snowplow_tracker.self_describing_json.SelfDescribingJson object at 0x0000021CB78B55D0>]}
[0m02:47:12.034591 [debug] [MainThread]: Sending event: {'category': 'dbt', 'action': 'adapter_info', 'label': 'c210265a-d526-42cd-ae9c-f99f41fe1f40', 'context': [<snowplow_tracker.self_describing_json.SelfDescribingJson object at 0x0000021CB3077510>]}
[0m02:47:12.045647 [info ] [MainThread]: Registered adapter: duckdb=1.10.1
[0m02:47:12.914231 [debug] [MainThread]: checksum: 30a8cc8fdcbf66701b0944d4ccce3fa46dd04b61e5df68b9f16d57b2e0e3f0be, vars: {}, profile: , target: , version: 1.11.11
[0m02:47:12.932881 [info ] [MainThread]: Unable to do partial parsing because saved manifest not found. Starting full parse.
[0m02:47:12.937555 [debug] [MainThread]: Sending event: {'category': 'dbt', 'action': 'partial_parser', 'label': 'c210265a-d526-42cd-ae9c-f99f41fe1f40', 'context': [<snowplow_tracker.self_describing_json.SelfDescribingJson object at 0x0000021CB78A6CD0>]}
[0m02:47:17.554355 [warn ] [MainThread]: [[33mWARNING[0m]: Did not find matching node for patch with name 'int_weather_forecast' in the 'models' section of file 'models\intermediate\schema.yml'
[0m02:47:17.571354 [warn ] [MainThread]: [[33mWARNING[0m]: Did not find matching node for patch with name 'int_weather_anomalies' in the 'models' section of file 'models\intermediate\schema.yml'
[0m02:47:17.585476 [warn ] [MainThread]: [[33mWARNING[0m]: Did not find matching node for patch with name 'int_weather_station_metrics' in the 'models' section of file 'models\intermediate\schema.yml'
[0m02:47:17.600531 [warn ] [MainThread]: [[33mWARNING[0m]: Did not find matching node for patch with name 'int_climate_patterns' in the 'models' section of file 'models\intermediate\schema.yml'
[0m02:47:17.608352 [warn ] [MainThread]: [[33mWARNING[0m]: Did not find matching node for patch with name 'int_weather_correlation' in the 'models' section of file 'models\intermediate\schema.yml'
[0m02:47:17.927471 [warn ] [MainThread]: [[33mWARNING[0m][MissingArgumentsPropertyInGenericTestDeprecation]: Deprecated
functionality
Found top-level arguments to test `dbt_utils.accepted_range` defined on
'int_weather_metrics' in package 'weather_analytics'
(models\intermediate\schema.yml). Arguments to generic tests should be nested
under the `arguments` property.
[0m02:47:17.936455 [debug] [MainThread]: Sending event: {'category': 'dbt', 'action': 'deprecation', 'label': 'c210265a-d526-42cd-ae9c-f99f41fe1f40', 'property_': 'warn', 'context': [<snowplow_tracker.self_describing_json.SelfDescribingJson object at 0x0000021CB827E050>]}
[0m02:47:18.695736 [warn ] [MainThread]: [[33mWARNING[0m]: Did not find matching node for patch with name 'weather_daily_summary' in the 'models' section of file 'models\marts\schema.yml'
[0m02:47:18.709490 [warn ] [MainThread]: [[33mWARNING[0m]: Did not find matching node for patch with name 'weather_trend_analysis' in the 'models' section of file 'models\marts\schema.yml'
[0m02:47:18.731750 [warn ] [MainThread]: [[33mWARNING[0m]: Did not find matching node for patch with name 'extreme_weather_events' in the 'models' section of file 'models\marts\schema.yml'
[0m02:47:18.753299 [warn ] [MainThread]: [[33mWARNING[0m]: Did not find matching node for patch with name 'mart_weather_quality' in the 'models' section of file 'models\marts\schema.yml'
[0m02:47:18.771229 [warn ] [MainThread]: [[33mWARNING[0m]: Did not find matching node for patch with name 'mart_weather_forecast_accuracy' in the 'models' section of file 'models\marts\schema.yml'
[0m02:47:19.869002 [error] [MainThread]: Encountered an error:
Compilation Error
  dbt found two schema.yml entries for the same resource named int_weather_metrics. Resources and their associated columns may only be described a single time. To fix this, remove the resource entry for int_weather_metrics in one of these files:
   - models\staging\schema.yml
  models\intermediate\schema.yml
[0m02:47:19.869002 [warn ] [MainThread]: [[33mWARNING[0m][DeprecationsSummary]: Deprecated functionality
Summary of encountered deprecations:
- MissingArgumentsPropertyInGenericTestDeprecation: 73 occurrences
To see all deprecation instances instead of just the first occurrence of each,
run command again with the `--show-all-deprecations` flag. You may also need to
run with `--no-partial-parse` as some deprecations are only encountered during
parsing.
[0m02:47:19.878126 [debug] [MainThread]: Command `dbt run` failed at 02:47:19.878126 after 9.85 seconds
[0m02:47:19.880135 [debug] [MainThread]: Sending event: {'category': 'dbt', 'action': 'invocation', 'label': 'end', 'context': [<snowplow_tracker.self_describing_json.SelfDescribingJson object at 0x0000021CB82B5D90>, <snowplow_tracker.self_describing_json.SelfDescribingJson object at 0x0000021CB8053090>, <snowplow_tracker.self_describing_json.SelfDescribingJson object at 0x0000021CB7F71350>]}
[0m02:47:19.882146 [debug] [MainThread]: Flushing usage events
[0m02:47:21.997917 [debug] [MainThread]: An error was encountered while trying to flush usage events
[0m02:47:29.430310 [debug] [MainThread]: Sending event: {'category': 'dbt', 'action': 'invocation', 'label': 'start', 'context': [<snowplow_tracker.self_describing_json.SelfDescribingJson object at 0x00000250E47251D0>, <snowplow_tracker.self_describing_json.SelfDescribingJson object at 0x00000250E4717B50>, <snowplow_tracker.self_describing_json.SelfDescribingJson object at 0x00000250E47171D0>]}


============================== 02:47:29.442452 | 77030402-83e8-418d-8247-edc4e6b506d5 ==============================
[0m02:47:29.442452 [info ] [MainThread]: Running with dbt=1.11.11
[0m02:47:29.446211 [debug] [MainThread]: running dbt with arguments {'static_parser': 'True', 'no_print': 'None', 'version_check': 'True', 'target_path': 'None', 'warn_error_options': 'WarnErrorOptionsV2(error=[], warn=[], silence=[])', 'printer_width': '80', 'write_json': 'True', 'introspect': 'True', 'log_cache_events': 'False', 'empty': 'False', 'cache_selected_only': 'False', 'log_format': 'default', 'debug': 'False', 'fail_fast': 'False', 'partial_parse': 'True', 'send_anonymous_usage_stats': 'True', 'quiet': 'False', 'warn_error': 'None', 'profiles_dir': 'C:\\Users\\Shank\\PROJECT-CS\\data engineering\\weather-data-platform\\dbt_weather', 'use_colors': 'True', 'invocation_command': 'dbt run --select mart_city_weather', 'indirect_selection': 'eager', 'use_experimental_parser': 'False', 'log_path': 'C:\\Users\\Shank\\PROJECT-CS\\data engineering\\weather-data-platform\\dbt_weather\\logs'}
[0m02:47:30.682131 [debug] [MainThread]: Sending event: {'category': 'dbt', 'action': 'project_id', 'label': '77030402-83e8-418d-8247-edc4e6b506d5', 'context': [<snowplow_tracker.self_describing_json.SelfDescribingJson object at 0x00000250E47C5690>]}
[0m02:47:30.926643 [debug] [MainThread]: Sending event: {'category': 'dbt', 'action': 'adapter_info', 'label': '77030402-83e8-418d-8247-edc4e6b506d5', 'context': [<snowplow_tracker.self_describing_json.SelfDescribingJson object at 0x00000250E1180650>]}
[0m02:47:30.942554 [info ] [MainThread]: Registered adapter: duckdb=1.10.1
[0m02:47:31.804253 [debug] [MainThread]: checksum: 30a8cc8fdcbf66701b0944d4ccce3fa46dd04b61e5df68b9f16d57b2e0e3f0be, vars: {}, profile: , target: , version: 1.11.11
[0m02:47:31.804253 [info ] [MainThread]: Unable to do partial parsing because saved manifest not found. Starting full parse.
[0m02:47:31.811748 [debug] [MainThread]: Sending event: {'category': 'dbt', 'action': 'partial_parser', 'label': '77030402-83e8-418d-8247-edc4e6b506d5', 'context': [<snowplow_tracker.self_describing_json.SelfDescribingJson object at 0x00000250E5C86C50>]}
[0m02:47:36.355871 [warn ] [MainThread]: [[33mWARNING[0m]: Did not find matching node for patch with name 'int_weather_forecast' in the 'models' section of file 'models\intermediate\schema.yml'
[0m02:47:36.365468 [warn ] [MainThread]: [[33mWARNING[0m]: Did not find matching node for patch with name 'int_weather_anomalies' in the 'models' section of file 'models\intermediate\schema.yml'
[0m02:47:36.389725 [warn ] [MainThread]: [[33mWARNING[0m]: Did not find matching node for patch with name 'int_weather_station_metrics' in the 'models' section of file 'models\intermediate\schema.yml'
[0m02:47:36.410181 [warn ] [MainThread]: [[33mWARNING[0m]: Did not find matching node for patch with name 'int_climate_patterns' in the 'models' section of file 'models\intermediate\schema.yml'
[0m02:47:36.426284 [warn ] [MainThread]: [[33mWARNING[0m]: Did not find matching node for patch with name 'int_weather_correlation' in the 'models' section of file 'models\intermediate\schema.yml'
[0m02:47:36.747600 [warn ] [MainThread]: [[33mWARNING[0m][MissingArgumentsPropertyInGenericTestDeprecation]: Deprecated
functionality
Found top-level arguments to test `dbt_utils.accepted_range` defined on
'int_weather_metrics' in package 'weather_analytics'
(models\intermediate\schema.yml). Arguments to generic tests should be nested
under the `arguments` property.
[0m02:47:36.749146 [debug] [MainThread]: Sending event: {'category': 'dbt', 'action': 'deprecation', 'label': '77030402-83e8-418d-8247-edc4e6b506d5', 'property_': 'warn', 'context': [<snowplow_tracker.self_describing_json.SelfDescribingJson object at 0x00000250E59C1CD0>]}
[0m02:47:37.398100 [warn ] [MainThread]: [[33mWARNING[0m]: Did not find matching node for patch with name 'weather_daily_summary' in the 'models' section of file 'models\marts\schema.yml'
[0m02:47:37.417707 [warn ] [MainThread]: [[33mWARNING[0m]: Did not find matching node for patch with name 'weather_trend_analysis' in the 'models' section of file 'models\marts\schema.yml'
[0m02:47:37.439088 [warn ] [MainThread]: [[33mWARNING[0m]: Did not find matching node for patch with name 'extreme_weather_events' in the 'models' section of file 'models\marts\schema.yml'
[0m02:47:37.458572 [warn ] [MainThread]: [[33mWARNING[0m]: Did not find matching node for patch with name 'mart_weather_quality' in the 'models' section of file 'models\marts\schema.yml'
[0m02:47:37.473821 [warn ] [MainThread]: [[33mWARNING[0m]: Did not find matching node for patch with name 'mart_weather_forecast_accuracy' in the 'models' section of file 'models\marts\schema.yml'
[0m02:47:38.547355 [error] [MainThread]: Encountered an error:
Compilation Error
  dbt found two schema.yml entries for the same resource named int_weather_metrics. Resources and their associated columns may only be described a single time. To fix this, remove the resource entry for int_weather_metrics in one of these files:
   - models\staging\schema.yml
  models\intermediate\schema.yml
[0m02:47:38.547355 [warn ] [MainThread]: [[33mWARNING[0m][DeprecationsSummary]: Deprecated functionality
Summary of encountered deprecations:
- MissingArgumentsPropertyInGenericTestDeprecation: 73 occurrences
To see all deprecation instances instead of just the first occurrence of each,
run command again with the `--show-all-deprecations` flag. You may also need to
run with `--no-partial-parse` as some deprecations are only encountered during
parsing.
[0m02:47:38.565090 [debug] [MainThread]: Command `dbt run` failed at 02:47:38.565090 after 9.42 seconds
[0m02:47:38.567100 [debug] [MainThread]: Sending event: {'category': 'dbt', 'action': 'invocation', 'label': 'end', 'context': [<snowplow_tracker.self_describing_json.SelfDescribingJson object at 0x00000250E6055D90>, <snowplow_tracker.self_describing_json.SelfDescribingJson object at 0x00000250E6076090>, <snowplow_tracker.self_describing_json.SelfDescribingJson object at 0x00000250DDEABFD0>]}
[0m02:47:38.569110 [debug] [MainThread]: Flushing usage events
[0m02:47:40.727570 [debug] [MainThread]: An error was encountered while trying to flush usage events
[0m02:47:47.408102 [debug] [MainThread]: Sending event: {'category': 'dbt', 'action': 'invocation', 'label': 'start', 'context': [<snowplow_tracker.self_describing_json.SelfDescribingJson object at 0x000001558BC25750>, <snowplow_tracker.self_describing_json.SelfDescribingJson object at 0x000001558BCFB390>, <snowplow_tracker.self_describing_json.SelfDescribingJson object at 0x000001558BC25A10>]}


============================== 02:47:47.408102 | be8d8fe6-0d83-4291-abdf-a3b8e4029222 ==============================
[0m02:47:47.408102 [info ] [MainThread]: Running with dbt=1.11.11
[0m02:47:47.423020 [debug] [MainThread]: running dbt with arguments {'static_parser': 'True', 'no_print': 'None', 'version_check': 'True', 'target_path': 'None', 'warn_error_options': 'WarnErrorOptionsV2(error=[], warn=[], silence=[])', 'printer_width': '80', 'write_json': 'True', 'empty': 'False', 'log_cache_events': 'False', 'introspect': 'True', 'cache_selected_only': 'False', 'fail_fast': 'False', 'debug': 'False', 'log_format': 'default', 'profiles_dir': 'C:\\Users\\Shank\\PROJECT-CS\\data engineering\\weather-data-platform\\dbt_weather', 'send_anonymous_usage_stats': 'True', 'quiet': 'False', 'warn_error': 'None', 'partial_parse': 'True', 'invocation_command': 'dbt build', 'indirect_selection': 'eager', 'use_colors': 'True', 'use_experimental_parser': 'False', 'log_path': 'C:\\Users\\Shank\\PROJECT-CS\\data engineering\\weather-data-platform\\dbt_weather\\logs'}
[0m02:47:48.635072 [debug] [MainThread]: Sending event: {'category': 'dbt', 'action': 'project_id', 'label': 'be8d8fe6-0d83-4291-abdf-a3b8e4029222', 'context': [<snowplow_tracker.self_describing_json.SelfDescribingJson object at 0x000001558B21B050>]}
[0m02:47:48.836930 [debug] [MainThread]: Sending event: {'category': 'dbt', 'action': 'adapter_info', 'label': 'be8d8fe6-0d83-4291-abdf-a3b8e4029222', 'context': [<snowplow_tracker.self_describing_json.SelfDescribingJson object at 0x00000155886676D0>]}
[0m02:47:48.857008 [info ] [MainThread]: Registered adapter: duckdb=1.10.1
[0m02:47:49.705223 [debug] [MainThread]: checksum: 30a8cc8fdcbf66701b0944d4ccce3fa46dd04b61e5df68b9f16d57b2e0e3f0be, vars: {}, profile: , target: , version: 1.11.11
[0m02:47:49.705223 [info ] [MainThread]: Unable to do partial parsing because saved manifest not found. Starting full parse.
[0m02:47:49.734281 [debug] [MainThread]: Sending event: {'category': 'dbt', 'action': 'partial_parser', 'label': 'be8d8fe6-0d83-4291-abdf-a3b8e4029222', 'context': [<snowplow_tracker.self_describing_json.SelfDescribingJson object at 0x000001558CFD2010>]}
[0m02:47:54.041898 [warn ] [MainThread]: [[33mWARNING[0m]: Did not find matching node for patch with name 'int_weather_forecast' in the 'models' section of file 'models\intermediate\schema.yml'
[0m02:47:54.064293 [warn ] [MainThread]: [[33mWARNING[0m]: Did not find matching node for patch with name 'int_weather_anomalies' in the 'models' section of file 'models\intermediate\schema.yml'
[0m02:47:54.079339 [warn ] [MainThread]: [[33mWARNING[0m]: Did not find matching node for patch with name 'int_weather_station_metrics' in the 'models' section of file 'models\intermediate\schema.yml'
[0m02:47:54.099069 [warn ] [MainThread]: [[33mWARNING[0m]: Did not find matching node for patch with name 'int_climate_patterns' in the 'models' section of file 'models\intermediate\schema.yml'
[0m02:47:54.114693 [warn ] [MainThread]: [[33mWARNING[0m]: Did not find matching node for patch with name 'int_weather_correlation' in the 'models' section of file 'models\intermediate\schema.yml'
[0m02:47:54.451427 [warn ] [MainThread]: [[33mWARNING[0m][MissingArgumentsPropertyInGenericTestDeprecation]: Deprecated
functionality
Found top-level arguments to test `dbt_utils.accepted_range` defined on
'int_weather_metrics' in package 'weather_analytics'
(models\intermediate\schema.yml). Arguments to generic tests should be nested
under the `arguments` property.
[0m02:47:54.451427 [debug] [MainThread]: Sending event: {'category': 'dbt', 'action': 'deprecation', 'label': 'be8d8fe6-0d83-4291-abdf-a3b8e4029222', 'property_': 'warn', 'context': [<snowplow_tracker.self_describing_json.SelfDescribingJson object at 0x000001558D74F0D0>]}
[0m02:47:55.170165 [warn ] [MainThread]: [[33mWARNING[0m]: Did not find matching node for patch with name 'weather_daily_summary' in the 'models' section of file 'models\marts\schema.yml'
[0m02:47:55.183679 [warn ] [MainThread]: [[33mWARNING[0m]: Did not find matching node for patch with name 'weather_trend_analysis' in the 'models' section of file 'models\marts\schema.yml'
[0m02:47:55.193849 [warn ] [MainThread]: [[33mWARNING[0m]: Did not find matching node for patch with name 'extreme_weather_events' in the 'models' section of file 'models\marts\schema.yml'
[0m02:47:55.217596 [warn ] [MainThread]: [[33mWARNING[0m]: Did not find matching node for patch with name 'mart_weather_quality' in the 'models' section of file 'models\marts\schema.yml'
[0m02:47:55.229770 [warn ] [MainThread]: [[33mWARNING[0m]: Did not find matching node for patch with name 'mart_weather_forecast_accuracy' in the 'models' section of file 'models\marts\schema.yml'
[0m02:47:56.277257 [error] [MainThread]: Encountered an error:
Compilation Error
  dbt found two schema.yml entries for the same resource named int_weather_metrics. Resources and their associated columns may only be described a single time. To fix this, remove the resource entry for int_weather_metrics in one of these files:
   - models\staging\schema.yml
  models\intermediate\schema.yml
[0m02:47:56.277257 [warn ] [MainThread]: [[33mWARNING[0m][DeprecationsSummary]: Deprecated functionality
Summary of encountered deprecations:
- MissingArgumentsPropertyInGenericTestDeprecation: 73 occurrences
To see all deprecation instances instead of just the first occurrence of each,
run command again with the `--show-all-deprecations` flag. You may also need to
run with `--no-partial-parse` as some deprecations are only encountered during
parsing.
[0m02:47:56.287157 [debug] [MainThread]: Command `dbt build` failed at 02:47:56.283575 after 9.16 seconds
[0m02:47:56.287157 [debug] [MainThread]: Sending event: {'category': 'dbt', 'action': 'invocation', 'label': 'end', 'context': [<snowplow_tracker.self_describing_json.SelfDescribingJson object at 0x000001558D3DDD90>, <snowplow_tracker.self_describing_json.SelfDescribingJson object at 0x000001558D3DE090>, <snowplow_tracker.self_describing_json.SelfDescribingJson object at 0x000001558D567890>]}
[0m02:47:56.290255 [debug] [MainThread]: Flushing usage events
[0m02:47:58.857765 [debug] [MainThread]: An error was encountered while trying to flush usage events
[0m02:51:11.994984 [debug] [MainThread]: Sending event: {'category': 'dbt', 'action': 'invocation', 'label': 'start', 'context': [<snowplow_tracker.self_describing_json.SelfDescribingJson object at 0x0000021C2F218F10>, <snowplow_tracker.self_describing_json.SelfDescribingJson object at 0x0000021C2F217CD0>, <snowplow_tracker.self_describing_json.SelfDescribingJson object at 0x0000021C2F21B190>]}


============================== 02:51:12.006213 | 2c32258b-0a0b-44dd-9ea0-4f3831dbcba6 ==============================
[0m02:51:12.006213 [info ] [MainThread]: Running with dbt=1.11.11
[0m02:51:12.010778 [debug] [MainThread]: running dbt with arguments {'version_check': 'True', 'no_print': 'None', 'static_parser': 'True', 'target_path': 'None', 'warn_error_options': 'WarnErrorOptionsV2(error=[], warn=[], silence=[])', 'printer_width': '80', 'write_json': 'True', 'introspect': 'True', 'log_cache_events': 'False', 'empty': 'None', 'cache_selected_only': 'False', 'log_format': 'default', 'debug': 'False', 'fail_fast': 'False', 'partial_parse': 'True', 'send_anonymous_usage_stats': 'True', 'quiet': 'False', 'warn_error': 'None', 'profiles_dir': 'C:\\Users\\Shank\\PROJECT-CS\\data engineering\\weather-data-platform\\dbt_weather', 'use_colors': 'True', 'invocation_command': 'dbt clean', 'indirect_selection': 'eager', 'use_experimental_parser': 'False', 'log_path': 'C:\\Users\\Shank\\PROJECT-CS\\data engineering\\weather-data-platform\\dbt_weather\\logs'}
[0m02:51:13.265312 [debug] [MainThread]: Sending event: {'category': 'dbt', 'action': 'project_id', 'label': '2c32258b-0a0b-44dd-9ea0-4f3831dbcba6', 'context': [<snowplow_tracker.self_describing_json.SelfDescribingJson object at 0x0000021C2F2D1690>]}
[0m02:51:13.577936 [debug] [MainThread]: Command `dbt clean` succeeded at 02:51:13.577936 after 1.93 seconds
[0m02:51:13.580865 [debug] [MainThread]: Sending event: {'category': 'dbt', 'action': 'invocation', 'label': 'end', 'context': [<snowplow_tracker.self_describing_json.SelfDescribingJson object at 0x0000021C28736750>, <snowplow_tracker.self_describing_json.SelfDescribingJson object at 0x0000021C287362D0>, <snowplow_tracker.self_describing_json.SelfDescribingJson object at 0x0000021C28736610>]}
[0m02:51:13.582208 [debug] [MainThread]: Flushing usage events
[0m02:51:15.918066 [debug] [MainThread]: An error was encountered while trying to flush usage events
[0m02:51:23.997568 [debug] [MainThread]: Sending event: {'category': 'dbt', 'action': 'invocation', 'label': 'start', 'context': [<snowplow_tracker.self_describing_json.SelfDescribingJson object at 0x0000020A1C760B90>, <snowplow_tracker.self_describing_json.SelfDescribingJson object at 0x0000020A1C7EA7D0>, <snowplow_tracker.self_describing_json.SelfDescribingJson object at 0x0000020A1C760390>]}


============================== 02:51:24.009860 | d1211500-c3c2-44bd-9300-76f509176e7a ==============================
[0m02:51:24.009860 [info ] [MainThread]: Running with dbt=1.11.11
[0m02:51:24.011728 [debug] [MainThread]: running dbt with arguments {'static_parser': 'True', 'no_print': 'None', 'version_check': 'True', 'warn_error_options': 'WarnErrorOptionsV2(error=[], warn=[], silence=[])', 'target_path': 'None', 'printer_width': '80', 'write_json': 'True', 'empty': 'None', 'log_cache_events': 'False', 'introspect': 'True', 'cache_selected_only': 'False', 'fail_fast': 'False', 'debug': 'False', 'log_format': 'default', 'profiles_dir': 'C:\\Users\\Shank\\PROJECT-CS\\data engineering\\weather-data-platform\\dbt_weather', 'send_anonymous_usage_stats': 'True', 'quiet': 'False', 'warn_error': 'None', 'partial_parse': 'True', 'invocation_command': 'dbt debug', 'use_colors': 'True', 'indirect_selection': 'eager', 'use_experimental_parser': 'False', 'log_path': 'C:\\Users\\Shank\\PROJECT-CS\\data engineering\\weather-data-platform\\dbt_weather\\logs'}
[0m02:51:24.077822 [info ] [MainThread]: dbt version: 1.11.11
[0m02:51:24.077822 [info ] [MainThread]: python version: 3.11.7
[0m02:51:24.077822 [info ] [MainThread]: python path: C:\Users\Shank\anaconda3\python.exe
[0m02:51:24.086310 [info ] [MainThread]: os info: Windows-10-10.0.26200-SP0
[0m02:51:24.408778 [info ] [MainThread]: Using profiles dir at C:\Users\Shank\PROJECT-CS\data engineering\weather-data-platform\dbt_weather
[0m02:51:24.408778 [info ] [MainThread]: Using profiles.yml file at C:\Users\Shank\PROJECT-CS\data engineering\weather-data-platform\dbt_weather\profiles.yml
[0m02:51:24.424580 [info ] [MainThread]: Using dbt_project.yml file at C:\Users\Shank\PROJECT-CS\data engineering\weather-data-platform\dbt_weather\dbt_project.yml
[0m02:51:24.433019 [info ] [MainThread]: adapter type: duckdb
[0m02:51:24.433019 [info ] [MainThread]: adapter version: 1.10.1
[0m02:51:24.889695 [info ] [MainThread]: Configuration:
[0m02:51:24.895741 [info ] [MainThread]:   profiles.yml file [[32mOK found and valid[0m]
[0m02:51:24.897375 [info ] [MainThread]:   dbt_project.yml file [[32mOK found and valid[0m]
[0m02:51:24.899015 [info ] [MainThread]: Required dependencies:
[0m02:51:24.902330 [debug] [MainThread]: Executing "git --help"
[0m02:51:25.022322 [debug] [MainThread]: STDOUT: "b"usage: git [-v | --version] [-h | --help] [-C <path>] [-c <name>=<value>]\n           [--exec-path[=<path>]] [--html-path] [--man-path] [--info-path]\n           [-p | --paginate | -P | --no-pager] [--no-replace-objects] [--bare]\n           [--git-dir=<path>] [--work-tree=<path>] [--namespace=<name>]\n           [--config-env=<name>=<envvar>] <command> [<args>]\n\nThese are common Git commands used in various situations:\n\nstart a working area (see also: git help tutorial)\n   clone     Clone a repository into a new directory\n   init      Create an empty Git repository or reinitialize an existing one\n\nwork on the current change (see also: git help everyday)\n   add       Add file contents to the index\n   mv        Move or rename a file, a directory, or a symlink\n   restore   Restore working tree files\n   rm        Remove files from the working tree and from the index\n\nexamine the history and state (see also: git help revisions)\n   bisect    Use binary search to find the commit that introduced a bug\n   diff      Show changes between commits, commit and working tree, etc\n   grep      Print lines matching a pattern\n   log       Show commit logs\n   show      Show various types of objects\n   status    Show the working tree status\n\ngrow, mark and tweak your common history\n   branch    List, create, or delete branches\n   commit    Record changes to the repository\n   merge     Join two or more development histories together\n   rebase    Reapply commits on top of another base tip\n   reset     Reset current HEAD to the specified state\n   switch    Switch branches\n   tag       Create, list, delete or verify a tag object signed with GPG\n\ncollaborate (see also: git help workflows)\n   fetch     Download objects and refs from another repository\n   pull      Fetch from and integrate with another repository or a local branch\n   push      Update remote refs along with associated objects\n\n'git help -a' and 'git help -g' list available subcommands and some\nconcept guides. See 'git help <command>' or 'git help <concept>'\nto read about a specific subcommand or concept.\nSee 'git help git' for an overview of the system.\n""
[0m02:51:25.024144 [debug] [MainThread]: STDERR: "b''"
[0m02:51:25.026191 [info ] [MainThread]:  - git [[32mOK found[0m]

[0m02:51:25.029266 [info ] [MainThread]: Connection:
[0m02:51:25.031598 [info ] [MainThread]:   database: analytics
[0m02:51:25.031598 [info ] [MainThread]:   schema: weather
[0m02:51:25.037013 [info ] [MainThread]:   path: ../duckdb/analytics.duckdb
[0m02:51:25.038555 [info ] [MainThread]:   config_options: None
[0m02:51:25.041590 [info ] [MainThread]:   extensions: None
[0m02:51:25.041590 [info ] [MainThread]:   settings: {}
[0m02:51:25.044672 [info ] [MainThread]:   external_root: .
[0m02:51:25.049019 [info ] [MainThread]:   use_credential_provider: None
[0m02:51:25.049019 [info ] [MainThread]:   attach: None
[0m02:51:25.053918 [info ] [MainThread]:   filesystems: None
[0m02:51:25.056247 [info ] [MainThread]:   remote: None
[0m02:51:25.056247 [info ] [MainThread]:   plugins: None
[0m02:51:25.060643 [info ] [MainThread]:   disable_transactions: False
[0m02:51:25.063513 [info ] [MainThread]: Registered adapter: duckdb=1.10.1
[0m02:51:26.140676 [debug] [MainThread]: Acquiring new duckdb connection 'debug'
[0m02:51:26.923781 [debug] [MainThread]: Using duckdb connection "debug"
[0m02:51:26.929218 [debug] [MainThread]: On debug: select 1 as id
[0m02:51:26.929218 [debug] [MainThread]: Opening a new connection, currently in state init
[0m02:51:26.990357 [debug] [MainThread]: SQL status: OK in 0.059 seconds
[0m02:51:26.991262 [debug] [MainThread]: On debug: Close
[0m02:51:26.995000 [info ] [MainThread]:   Connection test: [[32mOK connection ok[0m]

[0m02:51:26.996054 [info ] [MainThread]: [32mAll checks passed![0m
[0m02:51:27.001829 [debug] [MainThread]: Command `dbt debug` succeeded at 02:51:27.001829 after 3.38 seconds
[0m02:51:27.003518 [debug] [MainThread]: Connection 'debug' was properly closed.
[0m02:51:27.006635 [debug] [MainThread]: Sending event: {'category': 'dbt', 'action': 'invocation', 'label': 'end', 'context': [<snowplow_tracker.self_describing_json.SelfDescribingJson object at 0x0000020A1DB63FD0>, <snowplow_tracker.self_describing_json.SelfDescribingJson object at 0x0000020A1DE62090>, <snowplow_tracker.self_describing_json.SelfDescribingJson object at 0x0000020A1DE60210>]}
[0m02:51:27.006635 [debug] [MainThread]: Flushing usage events
[0m02:51:29.504662 [debug] [MainThread]: An error was encountered while trying to flush usage events
[0m02:51:38.159863 [debug] [MainThread]: Sending event: {'category': 'dbt', 'action': 'invocation', 'label': 'start', 'context': [<snowplow_tracker.self_describing_json.SelfDescribingJson object at 0x000001F6BBA55290>, <snowplow_tracker.self_describing_json.SelfDescribingJson object at 0x000001F6BBA54A10>, <snowplow_tracker.self_describing_json.SelfDescribingJson object at 0x000001F6BBA54250>]}


============================== 02:51:38.175372 | 621e25b6-76e6-4c89-93b2-7fc86a6cbbd6 ==============================
[0m02:51:38.175372 [info ] [MainThread]: Running with dbt=1.11.11
[0m02:51:38.177491 [debug] [MainThread]: running dbt with arguments {'version_check': 'True', 'no_print': 'None', 'static_parser': 'True', 'warn_error_options': 'WarnErrorOptionsV2(error=[], warn=[], silence=[])', 'target_path': 'None', 'printer_width': '80', 'write_json': 'True', 'introspect': 'True', 'log_cache_events': 'False', 'empty': 'False', 'cache_selected_only': 'False', 'log_format': 'default', 'debug': 'False', 'fail_fast': 'False', 'profiles_dir': 'C:\\Users\\Shank\\PROJECT-CS\\data engineering\\weather-data-platform\\dbt_weather', 'send_anonymous_usage_stats': 'True', 'quiet': 'False', 'warn_error': 'None', 'partial_parse': 'True', 'use_colors': 'True', 'invocation_command': 'dbt build --select stg_weather int_weather_metrics mart_city_weather mart_global_weather', 'indirect_selection': 'eager', 'use_experimental_parser': 'False', 'log_path': 'C:\\Users\\Shank\\PROJECT-CS\\data engineering\\weather-data-platform\\dbt_weather\\logs'}
[0m02:51:40.037506 [debug] [MainThread]: Sending event: {'category': 'dbt', 'action': 'project_id', 'label': '621e25b6-76e6-4c89-93b2-7fc86a6cbbd6', 'context': [<snowplow_tracker.self_describing_json.SelfDescribingJson object at 0x000001F6BAA6B310>]}
[0m02:51:40.384292 [debug] [MainThread]: Sending event: {'category': 'dbt', 'action': 'adapter_info', 'label': '621e25b6-76e6-4c89-93b2-7fc86a6cbbd6', 'context': [<snowplow_tracker.self_describing_json.SelfDescribingJson object at 0x000001F6B8486650>]}
[0m02:51:40.399204 [info ] [MainThread]: Registered adapter: duckdb=1.10.1
[0m02:51:41.586300 [error] [MainThread]: Encountered an error:
Compilation Error
  dbt found 2 package(s) specified in packages.yml, but only 0 package(s) installed in dbt_packages. Run "dbt deps" to install package dependencies.
[0m02:51:41.589921 [debug] [MainThread]: Command `dbt build` failed at 02:51:41.589921 after 3.82 seconds
[0m02:51:41.594866 [debug] [MainThread]: Sending event: {'category': 'dbt', 'action': 'invocation', 'label': 'end', 'context': [<snowplow_tracker.self_describing_json.SelfDescribingJson object at 0x000001F6BBA4A190>, <snowplow_tracker.self_describing_json.SelfDescribingJson object at 0x000001F6B4F66190>, <snowplow_tracker.self_describing_json.SelfDescribingJson object at 0x000001F6BCB58050>]}
[0m02:51:41.596927 [debug] [MainThread]: Flushing usage events
[0m02:51:44.291233 [debug] [MainThread]: An error was encountered while trying to flush usage events
[0m02:53:03.342346 [debug] [MainThread]: Sending event: {'category': 'dbt', 'action': 'invocation', 'label': 'start', 'context': [<snowplow_tracker.self_describing_json.SelfDescribingJson object at 0x00000223704C0350>, <snowplow_tracker.self_describing_json.SelfDescribingJson object at 0x00000223704B7D90>, <snowplow_tracker.self_describing_json.SelfDescribingJson object at 0x00000223704B74D0>]}


============================== 02:53:03.357989 | dbae0561-33df-4464-9dcd-0cbc7aea99bf ==============================
[0m02:53:03.357989 [info ] [MainThread]: Running with dbt=1.11.11
[0m02:53:03.361585 [debug] [MainThread]: running dbt with arguments {'version_check': 'True', 'no_print': 'None', 'static_parser': 'True', 'target_path': 'None', 'warn_error_options': 'WarnErrorOptionsV2(error=[], warn=[], silence=[])', 'printer_width': '80', 'write_json': 'True', 'introspect': 'True', 'log_cache_events': 'False', 'empty': 'None', 'cache_selected_only': 'False', 'fail_fast': 'False', 'debug': 'False', 'log_format': 'default', 'partial_parse': 'True', 'send_anonymous_usage_stats': 'True', 'quiet': 'False', 'warn_error': 'None', 'profiles_dir': 'C:\\Users\\Shank\\PROJECT-CS\\data engineering\\weather-data-platform\\dbt_weather', 'use_colors': 'True', 'indirect_selection': 'eager', 'invocation_command': 'dbt deps', 'use_experimental_parser': 'False', 'log_path': 'C:\\Users\\Shank\\PROJECT-CS\\data engineering\\weather-data-platform\\dbt_weather\\logs'}
[0m02:53:04.706414 [debug] [MainThread]: Sending event: {'category': 'dbt', 'action': 'project_id', 'label': 'dbae0561-33df-4464-9dcd-0cbc7aea99bf', 'context': [<snowplow_tracker.self_describing_json.SelfDescribingJson object at 0x0000022370407A90>]}
[0m02:53:04.816283 [debug] [MainThread]: Set downloads directory='C:\Users\Shank\AppData\Local\Temp\dbt-downloads-wmq595nu'
[0m02:53:04.832052 [debug] [MainThread]: Making package index registry request: GET https://hub.getdbt.com/api/v1/index.json
[0m02:53:06.261206 [debug] [MainThread]: Response from registry index: GET https://hub.getdbt.com/api/v1/index.json 200
[0m02:53:06.268175 [debug] [MainThread]: Making package registry request: GET https://hub.getdbt.com/api/v1/dbt-labs/dbt_utils.json
[0m02:53:07.552616 [debug] [MainThread]: Response from registry: GET https://hub.getdbt.com/api/v1/dbt-labs/dbt_utils.json 200
[0m02:53:07.560378 [debug] [MainThread]: Making package registry request: GET https://hub.getdbt.com/api/v1/dbt-labs/codegen.json
[0m02:53:08.816172 [debug] [MainThread]: Response from registry: GET https://hub.getdbt.com/api/v1/dbt-labs/codegen.json 200
[0m02:53:08.816172 [info ] [MainThread]: Installing dbt-labs/dbt_utils
[0m02:53:11.624265 [info ] [MainThread]: Installed from version 1.1.1
[0m02:53:11.628085 [info ] [MainThread]: Updated version available: 1.4.0
[0m02:53:11.628085 [debug] [MainThread]: Sending event: {'category': 'dbt', 'action': 'package', 'label': 'dbae0561-33df-4464-9dcd-0cbc7aea99bf', 'property_': 'install', 'context': [<snowplow_tracker.self_describing_json.SelfDescribingJson object at 0x0000022371624F10>, <snowplow_tracker.self_describing_json.SelfDescribingJson object at 0x000002237169E350>]}
[0m02:53:11.628085 [info ] [MainThread]: Installing dbt-labs/codegen
[0m02:53:13.925765 [info ] [MainThread]: Installed from version 0.12.1
[0m02:53:13.926658 [info ] [MainThread]: Updated version available: 0.14.1
[0m02:53:13.929208 [debug] [MainThread]: Sending event: {'category': 'dbt', 'action': 'package', 'label': 'dbae0561-33df-4464-9dcd-0cbc7aea99bf', 'property_': 'install', 'context': [<snowplow_tracker.self_describing_json.SelfDescribingJson object at 0x00000223715FEF90>, <snowplow_tracker.self_describing_json.SelfDescribingJson object at 0x000002236F5AB190>]}
[0m02:53:13.929208 [info ] [MainThread]: 
[0m02:53:13.933245 [info ] [MainThread]: Updates available for packages: ['dbt-labs/dbt_utils', 'dbt-labs/codegen']                 
Update your versions in packages.yml, then run dbt deps
[0m02:53:13.944225 [debug] [MainThread]: Command `dbt deps` succeeded at 02:53:13.940903 after 11.03 seconds
[0m02:53:13.945246 [debug] [MainThread]: Sending event: {'category': 'dbt', 'action': 'invocation', 'label': 'end', 'context': [<snowplow_tracker.self_describing_json.SelfDescribingJson object at 0x00000223702809D0>, <snowplow_tracker.self_describing_json.SelfDescribingJson object at 0x00000223699E6210>, <snowplow_tracker.self_describing_json.SelfDescribingJson object at 0x00000223699E62D0>]}
[0m02:53:13.949453 [debug] [MainThread]: Flushing usage events
[0m02:53:16.647918 [debug] [MainThread]: An error was encountered while trying to flush usage events
[0m02:53:25.684283 [debug] [MainThread]: Sending event: {'category': 'dbt', 'action': 'invocation', 'label': 'start', 'context': [<snowplow_tracker.self_describing_json.SelfDescribingJson object at 0x000002A7359CA850>, <snowplow_tracker.self_describing_json.SelfDescribingJson object at 0x000002A7359CB6D0>, <snowplow_tracker.self_describing_json.SelfDescribingJson object at 0x000002A7358F1A90>]}


============================== 02:53:25.684283 | c002c743-ff29-4708-8cd3-e422224496cc ==============================
[0m02:53:25.684283 [info ] [MainThread]: Running with dbt=1.11.11
[0m02:53:25.684283 [debug] [MainThread]: running dbt with arguments {'static_parser': 'True', 'no_print': 'None', 'version_check': 'True', 'warn_error_options': 'WarnErrorOptionsV2(error=[], warn=[], silence=[])', 'target_path': 'None', 'printer_width': '80', 'write_json': 'True', 'introspect': 'True', 'log_cache_events': 'False', 'empty': 'False', 'cache_selected_only': 'False', 'log_format': 'default', 'debug': 'False', 'fail_fast': 'False', 'profiles_dir': 'C:\\Users\\Shank\\PROJECT-CS\\data engineering\\weather-data-platform\\dbt_weather', 'send_anonymous_usage_stats': 'True', 'quiet': 'False', 'warn_error': 'None', 'partial_parse': 'True', 'use_colors': 'True', 'invocation_command': 'dbt build', 'indirect_selection': 'eager', 'use_experimental_parser': 'False', 'log_path': 'C:\\Users\\Shank\\PROJECT-CS\\data engineering\\weather-data-platform\\dbt_weather\\logs'}
[0m02:53:26.900973 [debug] [MainThread]: Sending event: {'category': 'dbt', 'action': 'project_id', 'label': 'c002c743-ff29-4708-8cd3-e422224496cc', 'context': [<snowplow_tracker.self_describing_json.SelfDescribingJson object at 0x000002A7369EE490>]}
[0m02:53:27.123470 [debug] [MainThread]: Sending event: {'category': 'dbt', 'action': 'adapter_info', 'label': 'c002c743-ff29-4708-8cd3-e422224496cc', 'context': [<snowplow_tracker.self_describing_json.SelfDescribingJson object at 0x000002A736CAA2D0>]}
[0m02:53:27.144577 [info ] [MainThread]: Registered adapter: duckdb=1.10.1
[0m02:53:27.946877 [debug] [MainThread]: checksum: 30a8cc8fdcbf66701b0944d4ccce3fa46dd04b61e5df68b9f16d57b2e0e3f0be, vars: {}, profile: , target: , version: 1.11.11
[0m02:53:27.946877 [info ] [MainThread]: Unable to do partial parsing because saved manifest not found. Starting full parse.
[0m02:53:27.964260 [debug] [MainThread]: Sending event: {'category': 'dbt', 'action': 'partial_parser', 'label': 'c002c743-ff29-4708-8cd3-e422224496cc', 'context': [<snowplow_tracker.self_describing_json.SelfDescribingJson object at 0x000002A7359CCB10>]}
[0m02:53:33.020540 [warn ] [MainThread]: [[33mWARNING[0m][MissingArgumentsPropertyInGenericTestDeprecation]: Deprecated
functionality
Found top-level arguments to test `dbt_utils.accepted_range` defined on
'int_weather_metrics' in package 'weather_analytics'
(models\intermediate\schema.yml). Arguments to generic tests should be nested
under the `arguments` property.
[0m02:53:33.020540 [debug] [MainThread]: Sending event: {'category': 'dbt', 'action': 'deprecation', 'label': 'c002c743-ff29-4708-8cd3-e422224496cc', 'property_': 'warn', 'context': [<snowplow_tracker.self_describing_json.SelfDescribingJson object at 0x000002A73745A050>]}
[0m02:53:34.752556 [error] [MainThread]: Encountered an error:
Compilation Error
  Model 'model.weather_analytics.stg_weather' (models\staging\stg_weather.sql) depends on a source named 'weather.weather_silver' which was not found
[0m02:53:34.752556 [warn ] [MainThread]: [[33mWARNING[0m][DeprecationsSummary]: Deprecated functionality
Summary of encountered deprecations:
- MissingArgumentsPropertyInGenericTestDeprecation: 54 occurrences
To see all deprecation instances instead of just the first occurrence of each,
run command again with the `--show-all-deprecations` flag. You may also need to
run with `--no-partial-parse` as some deprecations are only encountered during
parsing.
[0m02:53:34.762950 [debug] [MainThread]: Command `dbt build` failed at 02:53:34.762950 after 9.38 seconds
[0m02:53:34.764961 [debug] [MainThread]: Sending event: {'category': 'dbt', 'action': 'invocation', 'label': 'end', 'context': [<snowplow_tracker.self_describing_json.SelfDescribingJson object at 0x000002A72EE062D0>, <snowplow_tracker.self_describing_json.SelfDescribingJson object at 0x000002A737401CD0>, <snowplow_tracker.self_describing_json.SelfDescribingJson object at 0x000002A737401D90>]}
[0m02:53:34.766974 [debug] [MainThread]: Flushing usage events
[0m02:53:37.116413 [debug] [MainThread]: An error was encountered while trying to flush usage events
[0m02:54:23.385954 [debug] [MainThread]: Sending event: {'category': 'dbt', 'action': 'invocation', 'label': 'start', 'context': [<snowplow_tracker.self_describing_json.SelfDescribingJson object at 0x0000015A70F204D0>, <snowplow_tracker.self_describing_json.SelfDescribingJson object at 0x0000015A70FAA0D0>, <snowplow_tracker.self_describing_json.SelfDescribingJson object at 0x0000015A70FAA2D0>]}


============================== 02:54:23.397109 | c1063892-dbef-42ce-8776-19438c095fbb ==============================
[0m02:54:23.397109 [info ] [MainThread]: Running with dbt=1.11.11
[0m02:54:23.401839 [debug] [MainThread]: running dbt with arguments {'version_check': 'True', 'no_print': 'None', 'static_parser': 'True', 'target_path': 'None', 'warn_error_options': 'WarnErrorOptionsV2(error=[], warn=[], silence=[])', 'printer_width': '80', 'write_json': 'True', 'empty': 'None', 'log_cache_events': 'False', 'introspect': 'True', 'cache_selected_only': 'False', 'log_format': 'default', 'debug': 'False', 'fail_fast': 'False', 'partial_parse': 'True', 'send_anonymous_usage_stats': 'True', 'quiet': 'False', 'warn_error': 'None', 'profiles_dir': 'C:\\Users\\Shank\\PROJECT-CS\\data engineering\\weather-data-platform\\dbt_weather', 'indirect_selection': 'eager', 'invocation_command': 'dbt deps', 'use_colors': 'True', 'use_experimental_parser': 'False', 'log_path': 'C:\\Users\\Shank\\PROJECT-CS\\data engineering\\weather-data-platform\\dbt_weather\\logs'}
[0m02:54:24.768375 [debug] [MainThread]: Sending event: {'category': 'dbt', 'action': 'project_id', 'label': 'c1063892-dbef-42ce-8776-19438c095fbb', 'context': [<snowplow_tracker.self_describing_json.SelfDescribingJson object at 0x0000015A70F63250>]}
[0m02:54:25.154523 [debug] [MainThread]: Set downloads directory='C:\Users\Shank\AppData\Local\Temp\dbt-downloads-8yf46igz'
[0m02:54:25.156505 [debug] [MainThread]: Making package index registry request: GET https://hub.getdbt.com/api/v1/index.json
[0m02:54:26.795737 [debug] [MainThread]: Response from registry index: GET https://hub.getdbt.com/api/v1/index.json 200
[0m02:54:26.801222 [debug] [MainThread]: Making package registry request: GET https://hub.getdbt.com/api/v1/dbt-labs/dbt_utils.json
[0m02:54:28.255352 [debug] [MainThread]: Response from registry: GET https://hub.getdbt.com/api/v1/dbt-labs/dbt_utils.json 200
[0m02:54:28.279509 [debug] [MainThread]: Making package registry request: GET https://hub.getdbt.com/api/v1/dbt-labs/codegen.json
[0m02:54:30.177715 [debug] [MainThread]: Response from registry: GET https://hub.getdbt.com/api/v1/dbt-labs/codegen.json 200
[0m02:54:30.186646 [info ] [MainThread]: Installing dbt-labs/dbt_utils
[0m02:54:33.117540 [info ] [MainThread]: Installed from version 1.1.1
[0m02:54:33.117540 [info ] [MainThread]: Updated version available: 1.4.0
[0m02:54:33.122730 [debug] [MainThread]: Sending event: {'category': 'dbt', 'action': 'package', 'label': 'c1063892-dbef-42ce-8776-19438c095fbb', 'property_': 'install', 'context': [<snowplow_tracker.self_describing_json.SelfDescribingJson object at 0x0000015A72010F10>, <snowplow_tracker.self_describing_json.SelfDescribingJson object at 0x0000015A72011DD0>]}
[0m02:54:33.122730 [info ] [MainThread]: Installing dbt-labs/codegen
[0m02:54:35.331484 [info ] [MainThread]: Installed from version 0.12.1
[0m02:54:35.334953 [info ] [MainThread]: Updated version available: 0.14.1
[0m02:54:35.336588 [debug] [MainThread]: Sending event: {'category': 'dbt', 'action': 'package', 'label': 'c1063892-dbef-42ce-8776-19438c095fbb', 'property_': 'install', 'context': [<snowplow_tracker.self_describing_json.SelfDescribingJson object at 0x0000015A72101D10>, <snowplow_tracker.self_describing_json.SelfDescribingJson object at 0x0000015A72010F10>]}
[0m02:54:35.340190 [info ] [MainThread]: 
[0m02:54:35.341932 [info ] [MainThread]: Updates available for packages: ['dbt-labs/dbt_utils', 'dbt-labs/codegen']                 
Update your versions in packages.yml, then run dbt deps
[0m02:54:35.351635 [debug] [MainThread]: Command `dbt deps` succeeded at 02:54:35.350895 after 12.26 seconds
[0m02:54:35.351635 [debug] [MainThread]: Sending event: {'category': 'dbt', 'action': 'invocation', 'label': 'end', 'context': [<snowplow_tracker.self_describing_json.SelfDescribingJson object at 0x0000015A70F17390>, <snowplow_tracker.self_describing_json.SelfDescribingJson object at 0x0000015A70CE0390>, <snowplow_tracker.self_describing_json.SelfDescribingJson object at 0x0000015A70CE0610>]}
[0m02:54:35.355461 [debug] [MainThread]: Flushing usage events
[0m02:54:37.429121 [debug] [MainThread]: An error was encountered while trying to flush usage events
[0m02:54:44.611496 [debug] [MainThread]: Sending event: {'category': 'dbt', 'action': 'invocation', 'label': 'start', 'context': [<snowplow_tracker.self_describing_json.SelfDescribingJson object at 0x0000026CF14D1D10>, <snowplow_tracker.self_describing_json.SelfDescribingJson object at 0x0000026CF14D1990>, <snowplow_tracker.self_describing_json.SelfDescribingJson object at 0x0000026CF14D2AD0>]}


============================== 02:54:44.618251 | 673269bc-f6c9-4b89-9a99-5727b2dd4304 ==============================
[0m02:54:44.618251 [info ] [MainThread]: Running with dbt=1.11.11
[0m02:54:44.626967 [debug] [MainThread]: running dbt with arguments {'version_check': 'True', 'no_print': 'None', 'static_parser': 'True', 'target_path': 'None', 'warn_error_options': 'WarnErrorOptionsV2(error=[], warn=[], silence=[])', 'printer_width': '80', 'write_json': 'True', 'empty': 'False', 'log_cache_events': 'False', 'introspect': 'True', 'cache_selected_only': 'False', 'log_format': 'default', 'debug': 'False', 'fail_fast': 'False', 'partial_parse': 'True', 'send_anonymous_usage_stats': 'True', 'quiet': 'False', 'warn_error': 'None', 'profiles_dir': 'C:\\Users\\Shank\\PROJECT-CS\\data engineering\\weather-data-platform\\dbt_weather', 'indirect_selection': 'eager', 'use_colors': 'True', 'invocation_command': 'dbt build', 'use_experimental_parser': 'False', 'log_path': 'C:\\Users\\Shank\\PROJECT-CS\\data engineering\\weather-data-platform\\dbt_weather\\logs'}
[0m02:54:45.902350 [debug] [MainThread]: Sending event: {'category': 'dbt', 'action': 'project_id', 'label': '673269bc-f6c9-4b89-9a99-5727b2dd4304', 'context': [<snowplow_tracker.self_describing_json.SelfDescribingJson object at 0x0000026CF25DC050>]}
[0m02:54:46.153322 [debug] [MainThread]: Sending event: {'category': 'dbt', 'action': 'adapter_info', 'label': '673269bc-f6c9-4b89-9a99-5727b2dd4304', 'context': [<snowplow_tracker.self_describing_json.SelfDescribingJson object at 0x0000026CEDF17BD0>]}
[0m02:54:46.161403 [info ] [MainThread]: Registered adapter: duckdb=1.10.1
[0m02:54:47.040797 [debug] [MainThread]: checksum: 30a8cc8fdcbf66701b0944d4ccce3fa46dd04b61e5df68b9f16d57b2e0e3f0be, vars: {}, profile: , target: , version: 1.11.11
[0m02:54:47.044797 [info ] [MainThread]: Unable to do partial parsing because saved manifest not found. Starting full parse.
[0m02:54:47.048294 [debug] [MainThread]: Sending event: {'category': 'dbt', 'action': 'partial_parser', 'label': '673269bc-f6c9-4b89-9a99-5727b2dd4304', 'context': [<snowplow_tracker.self_describing_json.SelfDescribingJson object at 0x0000026CF281E190>]}
[0m02:54:51.853131 [warn ] [MainThread]: [[33mWARNING[0m][MissingArgumentsPropertyInGenericTestDeprecation]: Deprecated
functionality
Found top-level arguments to test `dbt_utils.accepted_range` defined on
'int_weather_metrics' in package 'weather_analytics'
(models\intermediate\schema.yml). Arguments to generic tests should be nested
under the `arguments` property.
[0m02:54:51.853131 [debug] [MainThread]: Sending event: {'category': 'dbt', 'action': 'deprecation', 'label': '673269bc-f6c9-4b89-9a99-5727b2dd4304', 'property_': 'warn', 'context': [<snowplow_tracker.self_describing_json.SelfDescribingJson object at 0x0000026CF2D754D0>]}
[0m02:54:53.412901 [error] [MainThread]: Encountered an error:
Compilation Error
  Model 'model.weather_analytics.stg_weather' (models\staging\stg_weather.sql) depends on a source named 'weather.weather_gold' which was not found
[0m02:54:53.421819 [warn ] [MainThread]: [[33mWARNING[0m][DeprecationsSummary]: Deprecated functionality
Summary of encountered deprecations:
- MissingArgumentsPropertyInGenericTestDeprecation: 54 occurrences
To see all deprecation instances instead of just the first occurrence of each,
run command again with the `--show-all-deprecations` flag. You may also need to
run with `--no-partial-parse` as some deprecations are only encountered during
parsing.
[0m02:54:53.425698 [debug] [MainThread]: Command `dbt build` failed at 02:54:53.425698 after 9.11 seconds
[0m02:54:53.427399 [debug] [MainThread]: Sending event: {'category': 'dbt', 'action': 'invocation', 'label': 'end', 'context': [<snowplow_tracker.self_describing_json.SelfDescribingJson object at 0x0000026CF2F47310>, <snowplow_tracker.self_describing_json.SelfDescribingJson object at 0x0000026CF2F45390>, <snowplow_tracker.self_describing_json.SelfDescribingJson object at 0x0000026CF2CE6790>]}
[0m02:54:53.428776 [debug] [MainThread]: Flushing usage events
[0m02:54:55.769706 [debug] [MainThread]: An error was encountered while trying to flush usage events
[0m02:55:52.929577 [debug] [MainThread]: Sending event: {'category': 'dbt', 'action': 'invocation', 'label': 'start', 'context': [<snowplow_tracker.self_describing_json.SelfDescribingJson object at 0x0000021FBACE0550>, <snowplow_tracker.self_describing_json.SelfDescribingJson object at 0x0000021FBACE1FD0>, <snowplow_tracker.self_describing_json.SelfDescribingJson object at 0x0000021FBACE1450>]}


============================== 02:55:52.938604 | 93822d24-d44b-4963-9b25-fa587b0a80a4 ==============================
[0m02:55:52.938604 [info ] [MainThread]: Running with dbt=1.11.11
[0m02:55:52.943723 [debug] [MainThread]: running dbt with arguments {'static_parser': 'True', 'no_print': 'None', 'version_check': 'True', 'warn_error_options': 'WarnErrorOptionsV2(error=[], warn=[], silence=[])', 'target_path': 'None', 'printer_width': '80', 'write_json': 'True', 'introspect': 'True', 'log_cache_events': 'False', 'empty': 'False', 'cache_selected_only': 'False', 'fail_fast': 'False', 'debug': 'False', 'log_format': 'default', 'profiles_dir': 'C:\\Users\\Shank\\PROJECT-CS\\data engineering\\weather-data-platform\\dbt_weather', 'send_anonymous_usage_stats': 'True', 'quiet': 'False', 'warn_error': 'None', 'partial_parse': 'True', 'use_colors': 'True', 'invocation_command': 'dbt run', 'indirect_selection': 'eager', 'use_experimental_parser': 'False', 'log_path': 'C:\\Users\\Shank\\PROJECT-CS\\data engineering\\weather-data-platform\\dbt_weather\\logs'}
[0m02:55:54.153590 [debug] [MainThread]: Sending event: {'category': 'dbt', 'action': 'project_id', 'label': '93822d24-d44b-4963-9b25-fa587b0a80a4', 'context': [<snowplow_tracker.self_describing_json.SelfDescribingJson object at 0x0000021FBBDC5910>]}
[0m02:55:54.359689 [debug] [MainThread]: Sending event: {'category': 'dbt', 'action': 'adapter_info', 'label': '93822d24-d44b-4963-9b25-fa587b0a80a4', 'context': [<snowplow_tracker.self_describing_json.SelfDescribingJson object at 0x0000021FB77173D0>]}
[0m02:55:54.379245 [info ] [MainThread]: Registered adapter: duckdb=1.10.1
[0m02:55:55.146574 [debug] [MainThread]: checksum: 30a8cc8fdcbf66701b0944d4ccce3fa46dd04b61e5df68b9f16d57b2e0e3f0be, vars: {}, profile: , target: , version: 1.11.11
[0m02:55:55.162556 [info ] [MainThread]: Unable to do partial parsing because saved manifest not found. Starting full parse.
[0m02:55:55.166830 [debug] [MainThread]: Sending event: {'category': 'dbt', 'action': 'partial_parser', 'label': '93822d24-d44b-4963-9b25-fa587b0a80a4', 'context': [<snowplow_tracker.self_describing_json.SelfDescribingJson object at 0x0000021FBC246150>]}
[0m02:55:59.782296 [warn ] [MainThread]: [[33mWARNING[0m][MissingArgumentsPropertyInGenericTestDeprecation]: Deprecated
functionality
Found top-level arguments to test `dbt_utils.accepted_range` defined on
'int_weather_metrics' in package 'weather_analytics'
(models\intermediate\schema.yml). Arguments to generic tests should be nested
under the `arguments` property.
[0m02:55:59.782296 [debug] [MainThread]: Sending event: {'category': 'dbt', 'action': 'deprecation', 'label': '93822d24-d44b-4963-9b25-fa587b0a80a4', 'property_': 'warn', 'context': [<snowplow_tracker.self_describing_json.SelfDescribingJson object at 0x0000021FBC7BAA50>]}
[0m02:56:01.246721 [error] [MainThread]: Encountered an error:
Compilation Error
  Model 'model.weather_analytics.stg_weather' (models\staging\stg_weather.sql) depends on a source named 'weather.weather_gold' which was not found
[0m02:56:01.246721 [warn ] [MainThread]: [[33mWARNING[0m][DeprecationsSummary]: Deprecated functionality
Summary of encountered deprecations:
- MissingArgumentsPropertyInGenericTestDeprecation: 54 occurrences
To see all deprecation instances instead of just the first occurrence of each,
run command again with the `--show-all-deprecations` flag. You may also need to
run with `--no-partial-parse` as some deprecations are only encountered during
parsing.
[0m02:56:01.252636 [debug] [MainThread]: Command `dbt run` failed at 02:56:01.252636 after 8.63 seconds
[0m02:56:01.254650 [debug] [MainThread]: Sending event: {'category': 'dbt', 'action': 'invocation', 'label': 'end', 'context': [<snowplow_tracker.self_describing_json.SelfDescribingJson object at 0x0000021FBC8FC250>, <snowplow_tracker.self_describing_json.SelfDescribingJson object at 0x0000021FB41E62D0>, <snowplow_tracker.self_describing_json.SelfDescribingJson object at 0x0000021FBC53FB90>]}
[0m02:56:01.256661 [debug] [MainThread]: Flushing usage events
[0m02:56:03.457848 [debug] [MainThread]: An error was encountered while trying to flush usage events
[0m02:57:10.316363 [debug] [MainThread]: Sending event: {'category': 'dbt', 'action': 'invocation', 'label': 'start', 'context': [<snowplow_tracker.self_describing_json.SelfDescribingJson object at 0x000001DFD7870210>, <snowplow_tracker.self_describing_json.SelfDescribingJson object at 0x000001DFD7867990>, <snowplow_tracker.self_describing_json.SelfDescribingJson object at 0x000001DFD6970B50>]}


============================== 02:57:10.331132 | 8c75f163-1b04-4e39-a6f2-6b048e3ef56a ==============================
[0m02:57:10.331132 [info ] [MainThread]: Running with dbt=1.11.11
[0m02:57:10.332239 [debug] [MainThread]: running dbt with arguments {'version_check': 'True', 'no_print': 'None', 'static_parser': 'True', 'target_path': 'None', 'warn_error_options': 'WarnErrorOptionsV2(error=[], warn=[], silence=[])', 'printer_width': '80', 'write_json': 'True', 'empty': 'None', 'log_cache_events': 'False', 'introspect': 'True', 'cache_selected_only': 'False', 'fail_fast': 'False', 'debug': 'False', 'log_format': 'default', 'partial_parse': 'True', 'send_anonymous_usage_stats': 'True', 'quiet': 'False', 'warn_error': 'None', 'profiles_dir': 'C:\\Users\\Shank\\PROJECT-CS\\data engineering\\weather-data-platform\\dbt_weather', 'indirect_selection': 'eager', 'invocation_command': 'dbt deps', 'use_colors': 'True', 'use_experimental_parser': 'False', 'log_path': 'C:\\Users\\Shank\\PROJECT-CS\\data engineering\\weather-data-platform\\dbt_weather\\logs'}
[0m02:57:11.409636 [debug] [MainThread]: Sending event: {'category': 'dbt', 'action': 'project_id', 'label': '8c75f163-1b04-4e39-a6f2-6b048e3ef56a', 'context': [<snowplow_tracker.self_describing_json.SelfDescribingJson object at 0x000001DFD786A790>]}
[0m02:57:11.745828 [debug] [MainThread]: Set downloads directory='C:\Users\Shank\AppData\Local\Temp\dbt-downloads-bj1gh1yx'
[0m02:57:11.761538 [debug] [MainThread]: Making package index registry request: GET https://hub.getdbt.com/api/v1/index.json
[0m02:57:13.122102 [debug] [MainThread]: Response from registry index: GET https://hub.getdbt.com/api/v1/index.json 200
[0m02:57:13.131455 [debug] [MainThread]: Making package registry request: GET https://hub.getdbt.com/api/v1/dbt-labs/dbt_utils.json
[0m02:57:14.305091 [debug] [MainThread]: Response from registry: GET https://hub.getdbt.com/api/v1/dbt-labs/dbt_utils.json 200
[0m02:57:14.320994 [debug] [MainThread]: Making package registry request: GET https://hub.getdbt.com/api/v1/dbt-labs/codegen.json
[0m02:57:16.145218 [debug] [MainThread]: Response from registry: GET https://hub.getdbt.com/api/v1/dbt-labs/codegen.json 200
[0m02:57:16.149930 [info ] [MainThread]: Installing dbt-labs/dbt_utils
[0m02:57:18.663103 [info ] [MainThread]: Installed from version 1.1.1
[0m02:57:18.663103 [info ] [MainThread]: Updated version available: 1.4.0
[0m02:57:18.666143 [debug] [MainThread]: Sending event: {'category': 'dbt', 'action': 'package', 'label': '8c75f163-1b04-4e39-a6f2-6b048e3ef56a', 'property_': 'install', 'context': [<snowplow_tracker.self_describing_json.SelfDescribingJson object at 0x000001DFD695B150>, <snowplow_tracker.self_describing_json.SelfDescribingJson object at 0x000001DFD49D6BD0>]}
[0m02:57:18.666143 [info ] [MainThread]: Installing dbt-labs/codegen
[0m02:57:20.648765 [info ] [MainThread]: Installed from version 0.12.1
[0m02:57:20.658014 [info ] [MainThread]: Updated version available: 0.14.1
[0m02:57:20.660060 [debug] [MainThread]: Sending event: {'category': 'dbt', 'action': 'package', 'label': '8c75f163-1b04-4e39-a6f2-6b048e3ef56a', 'property_': 'install', 'context': [<snowplow_tracker.self_describing_json.SelfDescribingJson object at 0x000001DFD684B1D0>, <snowplow_tracker.self_describing_json.SelfDescribingJson object at 0x000001DFD68C1E50>]}
[0m02:57:20.660060 [info ] [MainThread]: 
[0m02:57:20.662075 [info ] [MainThread]: Updates available for packages: ['dbt-labs/dbt_utils', 'dbt-labs/codegen']                 
Update your versions in packages.yml, then run dbt deps
[0m02:57:20.670713 [debug] [MainThread]: Command `dbt deps` succeeded at 02:57:20.668422 after 10.64 seconds
[0m02:57:20.670713 [debug] [MainThread]: Sending event: {'category': 'dbt', 'action': 'invocation', 'label': 'end', 'context': [<snowplow_tracker.self_describing_json.SelfDescribingJson object at 0x000001DFD7867210>, <snowplow_tracker.self_describing_json.SelfDescribingJson object at 0x000001DFD7867B50>, <snowplow_tracker.self_describing_json.SelfDescribingJson object at 0x000001DFD78672D0>]}
[0m02:57:20.673908 [debug] [MainThread]: Flushing usage events
[0m02:57:22.741580 [debug] [MainThread]: An error was encountered while trying to flush usage events
[0m02:57:29.570528 [debug] [MainThread]: Sending event: {'category': 'dbt', 'action': 'invocation', 'label': 'start', 'context': [<snowplow_tracker.self_describing_json.SelfDescribingJson object at 0x000001F63B2D42D0>, <snowplow_tracker.self_describing_json.SelfDescribingJson object at 0x000001F63B2D4190>, <snowplow_tracker.self_describing_json.SelfDescribingJson object at 0x000001F63B2D58D0>]}


============================== 02:57:29.577922 | 96ff0555-83aa-4d1a-8e62-8cae365a0e9b ==============================
[0m02:57:29.577922 [info ] [MainThread]: Running with dbt=1.11.11
[0m02:57:29.582467 [debug] [MainThread]: running dbt with arguments {'static_parser': 'True', 'no_print': 'None', 'version_check': 'True', 'warn_error_options': 'WarnErrorOptionsV2(error=[], warn=[], silence=[])', 'target_path': 'None', 'printer_width': '80', 'write_json': 'True', 'empty': 'None', 'log_cache_events': 'False', 'introspect': 'True', 'cache_selected_only': 'False', 'fail_fast': 'False', 'debug': 'False', 'log_format': 'default', 'profiles_dir': 'C:\\Users\\Shank\\PROJECT-CS\\data engineering\\weather-data-platform\\dbt_weather', 'send_anonymous_usage_stats': 'True', 'quiet': 'False', 'warn_error': 'None', 'partial_parse': 'True', 'invocation_command': 'dbt debug', 'indirect_selection': 'eager', 'use_colors': 'True', 'use_experimental_parser': 'False', 'log_path': 'C:\\Users\\Shank\\PROJECT-CS\\data engineering\\weather-data-platform\\dbt_weather\\logs'}
[0m02:57:29.642732 [info ] [MainThread]: dbt version: 1.11.11
[0m02:57:29.642732 [info ] [MainThread]: python version: 3.11.7
[0m02:57:29.642732 [info ] [MainThread]: python path: C:\Users\Shank\anaconda3\python.exe
[0m02:57:29.648850 [info ] [MainThread]: os info: Windows-10-10.0.26200-SP0
[0m02:57:30.001283 [info ] [MainThread]: Using profiles dir at C:\Users\Shank\PROJECT-CS\data engineering\weather-data-platform\dbt_weather
[0m02:57:30.003295 [info ] [MainThread]: Using profiles.yml file at C:\Users\Shank\PROJECT-CS\data engineering\weather-data-platform\dbt_weather\profiles.yml
[0m02:57:30.005713 [info ] [MainThread]: Using dbt_project.yml file at C:\Users\Shank\PROJECT-CS\data engineering\weather-data-platform\dbt_weather\dbt_project.yml
[0m02:57:30.028393 [info ] [MainThread]: adapter type: duckdb
[0m02:57:30.028393 [info ] [MainThread]: adapter version: 1.10.1
[0m02:57:30.381917 [info ] [MainThread]: Configuration:
[0m02:57:30.381917 [info ] [MainThread]:   profiles.yml file [[32mOK found and valid[0m]
[0m02:57:30.381917 [info ] [MainThread]:   dbt_project.yml file [[32mOK found and valid[0m]
[0m02:57:30.393362 [info ] [MainThread]: Required dependencies:
[0m02:57:30.394781 [debug] [MainThread]: Executing "git --help"
[0m02:57:30.511239 [debug] [MainThread]: STDOUT: "b"usage: git [-v | --version] [-h | --help] [-C <path>] [-c <name>=<value>]\n           [--exec-path[=<path>]] [--html-path] [--man-path] [--info-path]\n           [-p | --paginate | -P | --no-pager] [--no-replace-objects] [--bare]\n           [--git-dir=<path>] [--work-tree=<path>] [--namespace=<name>]\n           [--config-env=<name>=<envvar>] <command> [<args>]\n\nThese are common Git commands used in various situations:\n\nstart a working area (see also: git help tutorial)\n   clone     Clone a repository into a new directory\n   init      Create an empty Git repository or reinitialize an existing one\n\nwork on the current change (see also: git help everyday)\n   add       Add file contents to the index\n   mv        Move or rename a file, a directory, or a symlink\n   restore   Restore working tree files\n   rm        Remove files from the working tree and from the index\n\nexamine the history and state (see also: git help revisions)\n   bisect    Use binary search to find the commit that introduced a bug\n   diff      Show changes between commits, commit and working tree, etc\n   grep      Print lines matching a pattern\n   log       Show commit logs\n   show      Show various types of objects\n   status    Show the working tree status\n\ngrow, mark and tweak your common history\n   branch    List, create, or delete branches\n   commit    Record changes to the repository\n   merge     Join two or more development histories together\n   rebase    Reapply commits on top of another base tip\n   reset     Reset current HEAD to the specified state\n   switch    Switch branches\n   tag       Create, list, delete or verify a tag object signed with GPG\n\ncollaborate (see also: git help workflows)\n   fetch     Download objects and refs from another repository\n   pull      Fetch from and integrate with another repository or a local branch\n   push      Update remote refs along with associated objects\n\n'git help -a' and 'git help -g' list available subcommands and some\nconcept guides. See 'git help <command>' or 'git help <concept>'\nto read about a specific subcommand or concept.\nSee 'git help git' for an overview of the system.\n""
[0m02:57:30.511239 [debug] [MainThread]: STDERR: "b''"
[0m02:57:30.521925 [info ] [MainThread]:  - git [[32mOK found[0m]

[0m02:57:30.521925 [info ] [MainThread]: Connection:
[0m02:57:30.525692 [info ] [MainThread]:   database: analytics
[0m02:57:30.527247 [info ] [MainThread]:   schema: weather
[0m02:57:30.528525 [info ] [MainThread]:   path: ../duckdb/analytics.duckdb
[0m02:57:30.531833 [info ] [MainThread]:   config_options: None
[0m02:57:30.531833 [info ] [MainThread]:   extensions: None
[0m02:57:30.535564 [info ] [MainThread]:   settings: {}
[0m02:57:30.535564 [info ] [MainThread]:   external_root: .
[0m02:57:30.535564 [info ] [MainThread]:   use_credential_provider: None
[0m02:57:30.540563 [info ] [MainThread]:   attach: None
[0m02:57:30.543282 [info ] [MainThread]:   filesystems: None
[0m02:57:30.545945 [info ] [MainThread]:   remote: None
[0m02:57:30.548635 [info ] [MainThread]:   plugins: None
[0m02:57:30.551500 [info ] [MainThread]:   disable_transactions: False
[0m02:57:30.553057 [info ] [MainThread]: Registered adapter: duckdb=1.10.1
[0m02:57:31.316864 [debug] [MainThread]: Acquiring new duckdb connection 'debug'
[0m02:57:32.078916 [debug] [MainThread]: Using duckdb connection "debug"
[0m02:57:32.078916 [debug] [MainThread]: On debug: select 1 as id
[0m02:57:32.078916 [debug] [MainThread]: Opening a new connection, currently in state init
[0m02:57:32.302451 [debug] [MainThread]: SQL status: OK in 0.231 seconds
[0m02:57:32.315432 [debug] [MainThread]: On debug: Close
[0m02:57:32.315432 [info ] [MainThread]:   Connection test: [[32mOK connection ok[0m]

[0m02:57:32.315432 [info ] [MainThread]: [32mAll checks passed![0m
[0m02:57:32.322017 [debug] [MainThread]: Command `dbt debug` succeeded at 02:57:32.322017 after 3.05 seconds
[0m02:57:32.324038 [debug] [MainThread]: Connection 'debug' was properly closed.
[0m02:57:32.324038 [debug] [MainThread]: Sending event: {'category': 'dbt', 'action': 'invocation', 'label': 'end', 'context': [<snowplow_tracker.self_describing_json.SelfDescribingJson object at 0x000001F63B2C7450>, <snowplow_tracker.self_describing_json.SelfDescribingJson object at 0x000001F63B2C7390>, <snowplow_tracker.self_describing_json.SelfDescribingJson object at 0x000001F63B2C75D0>]}
[0m02:57:32.326719 [debug] [MainThread]: Flushing usage events
[0m02:57:34.712440 [debug] [MainThread]: An error was encountered while trying to flush usage events
[0m02:57:41.697485 [debug] [MainThread]: Sending event: {'category': 'dbt', 'action': 'invocation', 'label': 'start', 'context': [<snowplow_tracker.self_describing_json.SelfDescribingJson object at 0x000002BBB7A10910>, <snowplow_tracker.self_describing_json.SelfDescribingJson object at 0x000002BBB7A07050>, <snowplow_tracker.self_describing_json.SelfDescribingJson object at 0x000002BBB77C1190>]}


============================== 02:57:41.707394 | 3bddc903-b3b6-4089-918f-e69fe2164c45 ==============================
[0m02:57:41.707394 [info ] [MainThread]: Running with dbt=1.11.11
[0m02:57:41.707394 [debug] [MainThread]: running dbt with arguments {'version_check': 'True', 'no_print': 'None', 'static_parser': 'True', 'warn_error_options': 'WarnErrorOptionsV2(error=[], warn=[], silence=[])', 'target_path': 'None', 'printer_width': '80', 'write_json': 'True', 'empty': 'False', 'log_cache_events': 'False', 'introspect': 'True', 'cache_selected_only': 'False', 'log_format': 'default', 'debug': 'False', 'fail_fast': 'False', 'partial_parse': 'True', 'send_anonymous_usage_stats': 'True', 'quiet': 'False', 'warn_error': 'None', 'profiles_dir': 'C:\\Users\\Shank\\PROJECT-CS\\data engineering\\weather-data-platform\\dbt_weather', 'use_colors': 'True', 'indirect_selection': 'eager', 'invocation_command': 'dbt run --select stg_weather', 'use_experimental_parser': 'False', 'log_path': 'C:\\Users\\Shank\\PROJECT-CS\\data engineering\\weather-data-platform\\dbt_weather\\logs'}
[0m02:57:42.944153 [debug] [MainThread]: Sending event: {'category': 'dbt', 'action': 'project_id', 'label': '3bddc903-b3b6-4089-918f-e69fe2164c45', 'context': [<snowplow_tracker.self_describing_json.SelfDescribingJson object at 0x000002BBB8B31C10>]}
[0m02:57:43.158552 [debug] [MainThread]: Sending event: {'category': 'dbt', 'action': 'adapter_info', 'label': '3bddc903-b3b6-4089-918f-e69fe2164c45', 'context': [<snowplow_tracker.self_describing_json.SelfDescribingJson object at 0x000002BBB4447BD0>]}
[0m02:57:43.174435 [info ] [MainThread]: Registered adapter: duckdb=1.10.1
[0m02:57:44.035192 [debug] [MainThread]: checksum: 30a8cc8fdcbf66701b0944d4ccce3fa46dd04b61e5df68b9f16d57b2e0e3f0be, vars: {}, profile: , target: , version: 1.11.11
[0m02:57:44.035192 [info ] [MainThread]: Unable to do partial parsing because saved manifest not found. Starting full parse.
[0m02:57:44.035192 [debug] [MainThread]: Sending event: {'category': 'dbt', 'action': 'partial_parser', 'label': '3bddc903-b3b6-4089-918f-e69fe2164c45', 'context': [<snowplow_tracker.self_describing_json.SelfDescribingJson object at 0x000002BBB7AECB10>]}
[0m02:57:49.440187 [warn ] [MainThread]: [[33mWARNING[0m][MissingArgumentsPropertyInGenericTestDeprecation]: Deprecated
functionality
Found top-level arguments to test `dbt_utils.accepted_range` defined on
'int_weather_metrics' in package 'weather_analytics'
(models\intermediate\schema.yml). Arguments to generic tests should be nested
under the `arguments` property.
[0m02:57:49.440187 [debug] [MainThread]: Sending event: {'category': 'dbt', 'action': 'deprecation', 'label': '3bddc903-b3b6-4089-918f-e69fe2164c45', 'property_': 'warn', 'context': [<snowplow_tracker.self_describing_json.SelfDescribingJson object at 0x000002BBB9634290>]}
[0m02:57:51.665433 [warn ] [MainThread]: [[33mWARNING[0m]: Configuration paths exist in your dbt_project.yml file which do not apply to any resources.
There are 2 unused configuration paths:
- seeds
- snapshots
[0m02:57:51.705746 [debug] [MainThread]: Sending event: {'category': 'dbt', 'action': 'load_project', 'label': '3bddc903-b3b6-4089-918f-e69fe2164c45', 'context': [<snowplow_tracker.self_describing_json.SelfDescribingJson object at 0x000002BBB918A610>]}
[0m02:57:52.149643 [debug] [MainThread]: Wrote artifact WritableManifest to C:\Users\Shank\PROJECT-CS\data engineering\weather-data-platform\dbt_weather\target\manifest.json
[0m02:57:52.165171 [debug] [MainThread]: Wrote artifact SemanticManifest to C:\Users\Shank\PROJECT-CS\data engineering\weather-data-platform\dbt_weather\target\semantic_manifest.json
[0m02:57:52.260924 [debug] [MainThread]: Sending event: {'category': 'dbt', 'action': 'resource_counts', 'label': '3bddc903-b3b6-4089-918f-e69fe2164c45', 'context': [<snowplow_tracker.self_describing_json.SelfDescribingJson object at 0x000002BBB97E3E10>]}
[0m02:57:52.260924 [info ] [MainThread]: Found 14 models, 192 data tests, 2 sources, 611 macros
[0m02:57:52.264899 [debug] [MainThread]: Sending event: {'category': 'dbt', 'action': 'runnable_timing', 'label': '3bddc903-b3b6-4089-918f-e69fe2164c45', 'context': [<snowplow_tracker.self_describing_json.SelfDescribingJson object at 0x000002BBB940C650>]}
[0m02:57:52.273278 [info ] [MainThread]: 
[0m02:57:52.276107 [info ] [MainThread]: Concurrency: 4 threads (target='dev')
[0m02:57:52.276107 [info ] [MainThread]: 
[0m02:57:52.276107 [debug] [MainThread]: Acquiring new duckdb connection 'master'
[0m02:57:52.283252 [debug] [ThreadPool]: Acquiring new duckdb connection 'list_analytics'
[0m02:57:53.039882 [debug] [ThreadPool]: Using duckdb connection "list_analytics"
[0m02:57:53.042458 [debug] [ThreadPool]: On list_analytics: /* {"app": "dbt", "dbt_version": "1.11.11", "profile_name": "weather_analytics", "target_name": "dev", "connection_name": "list_analytics"} */

    
    select schema_name
    from system.information_schema.schemata
    
    where lower(catalog_name) = '"analytics"'
    
  
  
[0m02:57:53.042458 [debug] [ThreadPool]: Opening a new connection, currently in state init
[0m02:57:53.088178 [debug] [ThreadPool]: SQL status: OK in 0.048 seconds
[0m02:57:53.094269 [debug] [ThreadPool]: On list_analytics: Close
[0m02:57:53.094269 [debug] [ThreadPool]: Re-using an available connection from the pool (formerly list_analytics, now create_analytics_weather_staging)
[0m02:57:53.094269 [debug] [ThreadPool]: Creating schema "database: "analytics"
schema: "weather_staging"
"
[0m02:57:53.116312 [debug] [ThreadPool]: Using duckdb connection "create_analytics_weather_staging"
[0m02:57:53.123003 [debug] [ThreadPool]: On create_analytics_weather_staging: /* {"app": "dbt", "dbt_version": "1.11.11", "profile_name": "weather_analytics", "target_name": "dev", "connection_name": "create_analytics_weather_staging"} */

    
        select type from duckdb_databases()
        where lower(database_name)='analytics'
        and type='sqlite'
    
  
[0m02:57:53.124077 [debug] [ThreadPool]: Opening a new connection, currently in state closed
[0m02:57:53.128301 [debug] [ThreadPool]: SQL status: OK in 0.003 seconds
[0m02:57:53.133811 [debug] [ThreadPool]: Using duckdb connection "create_analytics_weather_staging"
[0m02:57:53.134639 [debug] [ThreadPool]: On create_analytics_weather_staging: BEGIN
[0m02:57:53.137934 [debug] [ThreadPool]: SQL status: OK in 0.001 seconds
[0m02:57:53.137934 [debug] [ThreadPool]: Using duckdb connection "create_analytics_weather_staging"
[0m02:57:53.140594 [debug] [ThreadPool]: On create_analytics_weather_staging: /* {"app": "dbt", "dbt_version": "1.11.11", "profile_name": "weather_analytics", "target_name": "dev", "connection_name": "create_analytics_weather_staging"} */

    
    
        create schema if not exists "analytics"."weather_staging"
    
[0m02:57:53.145512 [debug] [ThreadPool]: SQL status: OK in 0.002 seconds
[0m02:57:53.148226 [debug] [ThreadPool]: On create_analytics_weather_staging: COMMIT
[0m02:57:53.151436 [debug] [ThreadPool]: Using duckdb connection "create_analytics_weather_staging"
[0m02:57:53.153159 [debug] [ThreadPool]: On create_analytics_weather_staging: COMMIT
[0m02:57:53.155780 [debug] [ThreadPool]: SQL status: OK in 0.004 seconds
[0m02:57:53.160178 [debug] [ThreadPool]: On create_analytics_weather_staging: Close
[0m02:57:53.204930 [debug] [ThreadPool]: Acquiring new duckdb connection 'list_analytics_weather_marts'
[0m02:57:53.204930 [debug] [ThreadPool]: Acquiring new duckdb connection 'list_analytics_weather_staging'
[0m02:57:53.224717 [debug] [ThreadPool]: Using duckdb connection "list_analytics_weather_marts"
[0m02:57:53.224717 [debug] [ThreadPool]: Acquiring new duckdb connection 'list_analytics_weather_dbt_test__audit'
[0m02:57:53.233345 [debug] [ThreadPool]: Using duckdb connection "list_analytics_weather_staging"
[0m02:57:53.233345 [debug] [ThreadPool]: Acquiring new duckdb connection 'list_analytics_weather_intermediate'
[0m02:57:53.233345 [debug] [ThreadPool]: On list_analytics_weather_marts: BEGIN
[0m02:57:53.242061 [debug] [ThreadPool]: Using duckdb connection "list_analytics_weather_dbt_test__audit"
[0m02:57:53.246201 [debug] [ThreadPool]: On list_analytics_weather_staging: BEGIN
[0m02:57:53.373185 [debug] [ThreadPool]: Using duckdb connection "list_analytics_weather_intermediate"
[0m02:57:53.373185 [debug] [ThreadPool]: Opening a new connection, currently in state init
[0m02:57:53.373185 [debug] [ThreadPool]: On list_analytics_weather_dbt_test__audit: BEGIN
[0m02:57:53.378778 [debug] [ThreadPool]: Opening a new connection, currently in state init
[0m02:57:53.379857 [debug] [ThreadPool]: On list_analytics_weather_intermediate: BEGIN
[0m02:57:53.379857 [debug] [ThreadPool]: SQL status: OK in 0.007 seconds
[0m02:57:53.379857 [debug] [ThreadPool]: Opening a new connection, currently in state init
[0m02:57:53.386516 [debug] [ThreadPool]: SQL status: OK in 0.007 seconds
[0m02:57:53.386516 [debug] [ThreadPool]: Opening a new connection, currently in state init
[0m02:57:53.388584 [debug] [ThreadPool]: Using duckdb connection "list_analytics_weather_marts"
[0m02:57:53.388584 [debug] [ThreadPool]: SQL status: OK in 0.007 seconds
[0m02:57:53.393182 [debug] [ThreadPool]: Using duckdb connection "list_analytics_weather_staging"
[0m02:57:53.393182 [debug] [ThreadPool]: SQL status: OK in 0.007 seconds
[0m02:57:53.393182 [debug] [ThreadPool]: On list_analytics_weather_marts: /* {"app": "dbt", "dbt_version": "1.11.11", "profile_name": "weather_analytics", "target_name": "dev", "connection_name": "list_analytics_weather_marts"} */
select
      'analytics' as database,
      table_name as name,
      table_schema as schema,
      CASE table_type
        WHEN 'BASE TABLE' THEN 'table'
        WHEN 'VIEW' THEN 'view'
        WHEN 'LOCAL TEMPORARY' THEN 'table'
        END as type
    from system.information_schema.tables
    where lower(table_schema) = 'weather_marts'
    and lower(table_catalog) = 'analytics'
  
[0m02:57:53.393182 [debug] [ThreadPool]: Using duckdb connection "list_analytics_weather_dbt_test__audit"
[0m02:57:53.399581 [debug] [ThreadPool]: On list_analytics_weather_staging: /* {"app": "dbt", "dbt_version": "1.11.11", "profile_name": "weather_analytics", "target_name": "dev", "connection_name": "list_analytics_weather_staging"} */
select
      'analytics' as database,
      table_name as name,
      table_schema as schema,
      CASE table_type
        WHEN 'BASE TABLE' THEN 'table'
        WHEN 'VIEW' THEN 'view'
        WHEN 'LOCAL TEMPORARY' THEN 'table'
        END as type
    from system.information_schema.tables
    where lower(table_schema) = 'weather_staging'
    and lower(table_catalog) = 'analytics'
  
[0m02:57:53.400539 [debug] [ThreadPool]: Using duckdb connection "list_analytics_weather_intermediate"
[0m02:57:53.402614 [debug] [ThreadPool]: On list_analytics_weather_dbt_test__audit: /* {"app": "dbt", "dbt_version": "1.11.11", "profile_name": "weather_analytics", "target_name": "dev", "connection_name": "list_analytics_weather_dbt_test__audit"} */
select
      'analytics' as database,
      table_name as name,
      table_schema as schema,
      CASE table_type
        WHEN 'BASE TABLE' THEN 'table'
        WHEN 'VIEW' THEN 'view'
        WHEN 'LOCAL TEMPORARY' THEN 'table'
        END as type
    from system.information_schema.tables
    where lower(table_schema) = 'weather_dbt_test__audit'
    and lower(table_catalog) = 'analytics'
  
[0m02:57:53.407511 [debug] [ThreadPool]: On list_analytics_weather_intermediate: /* {"app": "dbt", "dbt_version": "1.11.11", "profile_name": "weather_analytics", "target_name": "dev", "connection_name": "list_analytics_weather_intermediate"} */
select
      'analytics' as database,
      table_name as name,
      table_schema as schema,
      CASE table_type
        WHEN 'BASE TABLE' THEN 'table'
        WHEN 'VIEW' THEN 'view'
        WHEN 'LOCAL TEMPORARY' THEN 'table'
        END as type
    from system.information_schema.tables
    where lower(table_schema) = 'weather_intermediate'
    and lower(table_catalog) = 'analytics'
  
[0m02:57:53.463019 [debug] [ThreadPool]: SQL status: OK in 0.059 seconds
[0m02:57:53.463019 [debug] [ThreadPool]: SQL status: OK in 0.059 seconds
[0m02:57:53.463019 [debug] [ThreadPool]: SQL status: OK in 0.056 seconds
[0m02:57:53.463019 [debug] [ThreadPool]: SQL status: OK in 0.056 seconds
[0m02:57:53.469947 [debug] [ThreadPool]: On list_analytics_weather_marts: ROLLBACK
[0m02:57:53.471958 [debug] [ThreadPool]: On list_analytics_weather_staging: ROLLBACK
[0m02:57:53.475239 [debug] [ThreadPool]: On list_analytics_weather_dbt_test__audit: ROLLBACK
[0m02:57:53.478065 [debug] [ThreadPool]: On list_analytics_weather_intermediate: ROLLBACK
[0m02:57:53.484094 [debug] [ThreadPool]: Failed to rollback 'list_analytics_weather_marts'
[0m02:57:53.484094 [debug] [ThreadPool]: Failed to rollback 'list_analytics_weather_staging'
[0m02:57:53.486101 [debug] [ThreadPool]: Failed to rollback 'list_analytics_weather_dbt_test__audit'
[0m02:57:53.488107 [debug] [ThreadPool]: Failed to rollback 'list_analytics_weather_intermediate'
[0m02:57:53.488107 [debug] [ThreadPool]: On list_analytics_weather_marts: Close
[0m02:57:53.490116 [debug] [ThreadPool]: On list_analytics_weather_staging: Close
[0m02:57:53.492142 [debug] [ThreadPool]: On list_analytics_weather_dbt_test__audit: Close
[0m02:57:53.492142 [debug] [ThreadPool]: On list_analytics_weather_intermediate: Close
[0m02:57:53.497918 [debug] [MainThread]: Sending event: {'category': 'dbt', 'action': 'runnable_timing', 'label': '3bddc903-b3b6-4089-918f-e69fe2164c45', 'context': [<snowplow_tracker.self_describing_json.SelfDescribingJson object at 0x000002BBB623DE50>]}
[0m02:57:53.499925 [debug] [MainThread]: Using duckdb connection "master"
[0m02:57:53.501931 [debug] [MainThread]: On master: BEGIN
[0m02:57:53.501931 [debug] [MainThread]: Opening a new connection, currently in state init
[0m02:57:53.503937 [debug] [MainThread]: SQL status: OK in 0.002 seconds
[0m02:57:53.505943 [debug] [MainThread]: On master: COMMIT
[0m02:57:53.505943 [debug] [MainThread]: Using duckdb connection "master"
[0m02:57:53.507951 [debug] [MainThread]: On master: COMMIT
[0m02:57:53.509699 [debug] [MainThread]: SQL status: OK in 0.000 seconds
[0m02:57:53.511711 [debug] [MainThread]: On master: Close
[0m02:57:53.527506 [debug] [Thread-1 (]: Began running node model.weather_analytics.stg_weather
[0m02:57:53.529513 [info ] [Thread-1 (]: 1 of 1 START sql view model weather_staging.stg_weather ........................ [RUN]
[0m02:57:53.531519 [debug] [Thread-1 (]: Acquiring new duckdb connection 'model.weather_analytics.stg_weather'
[0m02:57:53.533524 [debug] [Thread-1 (]: Began compiling node model.weather_analytics.stg_weather
[0m02:57:53.560010 [debug] [Thread-1 (]: Writing injected SQL for node "model.weather_analytics.stg_weather"
[0m02:57:53.567740 [debug] [Thread-1 (]: Began executing node model.weather_analytics.stg_weather
[0m02:57:53.637461 [debug] [Thread-1 (]: Writing runtime sql for node "model.weather_analytics.stg_weather"
[0m02:57:53.652107 [debug] [Thread-1 (]: Using duckdb connection "model.weather_analytics.stg_weather"
[0m02:57:53.652107 [debug] [Thread-1 (]: On model.weather_analytics.stg_weather: BEGIN
[0m02:57:53.657539 [debug] [Thread-1 (]: Opening a new connection, currently in state init
[0m02:57:53.657539 [debug] [Thread-1 (]: SQL status: OK in 0.002 seconds
[0m02:57:53.657539 [debug] [Thread-1 (]: Using duckdb connection "model.weather_analytics.stg_weather"
[0m02:57:53.657539 [debug] [Thread-1 (]: On model.weather_analytics.stg_weather: /* {"app": "dbt", "dbt_version": "1.11.11", "profile_name": "weather_analytics", "target_name": "dev", "node_id": "model.weather_analytics.stg_weather"} */

  
  create view "analytics"."weather_staging"."stg_weather__dbt_tmp" as (
    ﻿

SELECT 
    city,
    temperature_celsius,
    humidity,
    pressure,
    wind_speed,
    weather_main,
    weather_description,
    observation_time,
    'sample' as ingestion_id,
    CURRENT_TIMESTAMP() as processed_time
FROM "weather"."weather"."weather_gold"
WHERE is_valid = TRUE
  );

[0m02:57:53.668141 [debug] [Thread-1 (]: DuckDB adapter: duckdb error: Binder Error: Catalog "weather" does not exist!
[0m02:57:53.672381 [debug] [Thread-1 (]: DuckDB adapter: Error running SQL: /* {"app": "dbt", "dbt_version": "1.11.11", "profile_name": "weather_analytics", "target_name": "dev", "node_id": "model.weather_analytics.stg_weather"} */

  
  create view "analytics"."weather_staging"."stg_weather__dbt_tmp" as (
    ﻿

SELECT 
    city,
    temperature_celsius,
    humidity,
    pressure,
    wind_speed,
    weather_main,
    weather_description,
    observation_time,
    'sample' as ingestion_id,
    CURRENT_TIMESTAMP() as processed_time
FROM "weather"."weather"."weather_gold"
WHERE is_valid = TRUE
  );

[0m02:57:53.672381 [debug] [Thread-1 (]: DuckDB adapter: Rolling back transaction.
[0m02:57:53.674647 [debug] [Thread-1 (]: On model.weather_analytics.stg_weather: ROLLBACK
[0m02:57:53.683165 [debug] [Thread-1 (]: Failed to rollback 'model.weather_analytics.stg_weather'
[0m02:57:53.683165 [debug] [Thread-1 (]: On model.weather_analytics.stg_weather: Close
[0m02:57:53.707428 [debug] [Thread-1 (]: Runtime Error in model stg_weather (models\staging\stg_weather.sql)
  Binder Error: Catalog "weather" does not exist!
[0m02:57:53.712841 [debug] [Thread-1 (]: Sending event: {'category': 'dbt', 'action': 'run_model', 'label': '3bddc903-b3b6-4089-918f-e69fe2164c45', 'context': [<snowplow_tracker.self_describing_json.SelfDescribingJson object at 0x000002BBB8F82DD0>]}
[0m02:57:53.712841 [error] [Thread-1 (]: 1 of 1 ERROR creating sql view model weather_staging.stg_weather ............... [[31mERROR[0m in 0.18s]
[0m02:57:53.712841 [debug] [Thread-1 (]: Finished running node model.weather_analytics.stg_weather
[0m02:57:53.712841 [debug] [Thread-7 (]: Marking all children of 'model.weather_analytics.stg_weather' to be skipped because of status 'error'.  Reason: Runtime Error in model stg_weather (models\staging\stg_weather.sql)
  Binder Error: Catalog "weather" does not exist!.
[0m02:57:53.726528 [debug] [MainThread]: Using duckdb connection "master"
[0m02:57:53.726528 [debug] [MainThread]: On master: BEGIN
[0m02:57:53.728646 [debug] [MainThread]: Opening a new connection, currently in state closed
[0m02:57:53.732394 [debug] [MainThread]: SQL status: OK in 0.003 seconds
[0m02:57:53.733219 [debug] [MainThread]: On master: COMMIT
[0m02:57:53.734624 [debug] [MainThread]: Using duckdb connection "master"
[0m02:57:53.736689 [debug] [MainThread]: On master: COMMIT
[0m02:57:53.736689 [debug] [MainThread]: SQL status: OK in 0.000 seconds
[0m02:57:53.740522 [debug] [MainThread]: On master: Close
[0m02:57:53.740522 [debug] [MainThread]: Connection 'master' was properly closed.
[0m02:57:53.740522 [debug] [MainThread]: Connection 'create_analytics_weather_staging' was properly closed.
[0m02:57:53.740522 [debug] [MainThread]: Connection 'list_analytics_weather_marts' was properly closed.
[0m02:57:53.740522 [debug] [MainThread]: Connection 'list_analytics_weather_staging' was properly closed.
[0m02:57:53.746925 [debug] [MainThread]: Connection 'list_analytics_weather_dbt_test__audit' was properly closed.
[0m02:57:53.746925 [debug] [MainThread]: Connection 'list_analytics_weather_intermediate' was properly closed.
[0m02:57:53.746925 [debug] [MainThread]: Connection 'model.weather_analytics.stg_weather' was properly closed.
[0m02:57:53.746925 [info ] [MainThread]: 
[0m02:57:53.746925 [info ] [MainThread]: Finished running 1 view model in 0 hours 0 minutes and 1.47 seconds (1.47s).
[0m02:57:53.755383 [debug] [MainThread]: Command end result
[0m02:57:53.984671 [debug] [MainThread]: Wrote artifact WritableManifest to C:\Users\Shank\PROJECT-CS\data engineering\weather-data-platform\dbt_weather\target\manifest.json
[0m02:57:53.997656 [debug] [MainThread]: Wrote artifact SemanticManifest to C:\Users\Shank\PROJECT-CS\data engineering\weather-data-platform\dbt_weather\target\semantic_manifest.json
[0m02:57:54.018250 [debug] [MainThread]: Wrote artifact RunExecutionResult to C:\Users\Shank\PROJECT-CS\data engineering\weather-data-platform\dbt_weather\target\run_results.json
[0m02:57:54.021218 [info ] [MainThread]: 
[0m02:57:54.021218 [info ] [MainThread]: [31mCompleted with 1 error, 0 partial successes, and 0 warnings:[0m
[0m02:57:54.025914 [info ] [MainThread]: 
[0m02:57:54.027089 [error] [MainThread]: [31mFailure in model stg_weather (models\staging\stg_weather.sql)[0m
[0m02:57:54.029529 [error] [MainThread]:   Runtime Error in model stg_weather (models\staging\stg_weather.sql)
  Binder Error: Catalog "weather" does not exist!
[0m02:57:54.031988 [info ] [MainThread]: 
[0m02:57:54.033860 [info ] [MainThread]:   compiled code at target\compiled\weather_analytics\models\staging\stg_weather.sql
[0m02:57:54.036120 [info ] [MainThread]: 
[0m02:57:54.038948 [info ] [MainThread]: Done. PASS=0 WARN=0 ERROR=1 SKIP=0 NO-OP=0 TOTAL=1
[0m02:57:54.042680 [warn ] [MainThread]: [[33mWARNING[0m][DeprecationsSummary]: Deprecated functionality
Summary of encountered deprecations:
- MissingArgumentsPropertyInGenericTestDeprecation: 54 occurrences
To see all deprecation instances instead of just the first occurrence of each,
run command again with the `--show-all-deprecations` flag. You may also need to
run with `--no-partial-parse` as some deprecations are only encountered during
parsing.
[0m02:57:54.048368 [debug] [MainThread]: Command `dbt run` failed at 02:57:54.047165 after 12.65 seconds
[0m02:57:54.049136 [debug] [MainThread]: Sending event: {'category': 'dbt', 'action': 'invocation', 'label': 'end', 'context': [<snowplow_tracker.self_describing_json.SelfDescribingJson object at 0x000002BBB7AEE9D0>, <snowplow_tracker.self_describing_json.SelfDescribingJson object at 0x000002BBB0EE6850>, <snowplow_tracker.self_describing_json.SelfDescribingJson object at 0x000002BBB0EE6550>]}
[0m02:57:54.049136 [debug] [MainThread]: Flushing usage events
[0m02:57:56.067709 [debug] [MainThread]: An error was encountered while trying to flush usage events
[0m02:58:03.002556 [debug] [MainThread]: Sending event: {'category': 'dbt', 'action': 'invocation', 'label': 'start', 'context': [<snowplow_tracker.self_describing_json.SelfDescribingJson object at 0x00000222842C5850>, <snowplow_tracker.self_describing_json.SelfDescribingJson object at 0x0000022284080350>, <snowplow_tracker.self_describing_json.SelfDescribingJson object at 0x00000222842B7B90>]}


============================== 02:58:03.011974 | bd8ce224-d457-47cd-aaa4-1b976034c61a ==============================
[0m02:58:03.011974 [info ] [MainThread]: Running with dbt=1.11.11
[0m02:58:03.011974 [debug] [MainThread]: running dbt with arguments {'version_check': 'True', 'no_print': 'None', 'static_parser': 'True', 'warn_error_options': 'WarnErrorOptionsV2(error=[], warn=[], silence=[])', 'target_path': 'None', 'printer_width': '80', 'write_json': 'True', 'introspect': 'True', 'log_cache_events': 'False', 'empty': 'False', 'cache_selected_only': 'False', 'log_format': 'default', 'debug': 'False', 'fail_fast': 'False', 'partial_parse': 'True', 'send_anonymous_usage_stats': 'True', 'quiet': 'False', 'warn_error': 'None', 'profiles_dir': 'C:\\Users\\Shank\\PROJECT-CS\\data engineering\\weather-data-platform\\dbt_weather', 'indirect_selection': 'eager', 'use_colors': 'True', 'invocation_command': 'dbt build', 'use_experimental_parser': 'False', 'log_path': 'C:\\Users\\Shank\\PROJECT-CS\\data engineering\\weather-data-platform\\dbt_weather\\logs'}
[0m02:58:04.314114 [debug] [MainThread]: Sending event: {'category': 'dbt', 'action': 'project_id', 'label': 'bd8ce224-d457-47cd-aaa4-1b976034c61a', 'context': [<snowplow_tracker.self_describing_json.SelfDescribingJson object at 0x0000022284345910>]}
[0m02:58:04.535123 [debug] [MainThread]: Sending event: {'category': 'dbt', 'action': 'adapter_info', 'label': 'bd8ce224-d457-47cd-aaa4-1b976034c61a', 'context': [<snowplow_tracker.self_describing_json.SelfDescribingJson object at 0x0000022280D679D0>]}
[0m02:58:04.543494 [info ] [MainThread]: Registered adapter: duckdb=1.10.1
[0m02:58:05.466351 [debug] [MainThread]: checksum: 30a8cc8fdcbf66701b0944d4ccce3fa46dd04b61e5df68b9f16d57b2e0e3f0be, vars: {}, profile: , target: , version: 1.11.11
[0m02:58:06.690784 [debug] [MainThread]: Partial parsing enabled: 0 files deleted, 0 files added, 0 files changed.
[0m02:58:06.692843 [debug] [MainThread]: Nothing changed, skipping partial parsing.
[0m02:58:06.692843 [debug] [MainThread]: Partial parsing enabled, no changes found, skipping parsing
[0m02:58:06.726786 [warn ] [MainThread]: [[33mWARNING[0m]: Configuration paths exist in your dbt_project.yml file which do not apply to any resources.
There are 2 unused configuration paths:
- seeds
- snapshots
[0m02:58:06.870649 [debug] [MainThread]: Sending event: {'category': 'dbt', 'action': 'load_project', 'label': 'bd8ce224-d457-47cd-aaa4-1b976034c61a', 'context': [<snowplow_tracker.self_describing_json.SelfDescribingJson object at 0x0000022285690610>]}
[0m02:58:07.375923 [debug] [MainThread]: Wrote artifact WritableManifest to C:\Users\Shank\PROJECT-CS\data engineering\weather-data-platform\dbt_weather\target\manifest.json
[0m02:58:07.385858 [debug] [MainThread]: Wrote artifact SemanticManifest to C:\Users\Shank\PROJECT-CS\data engineering\weather-data-platform\dbt_weather\target\semantic_manifest.json
[0m02:58:07.525768 [debug] [MainThread]: Sending event: {'category': 'dbt', 'action': 'resource_counts', 'label': 'bd8ce224-d457-47cd-aaa4-1b976034c61a', 'context': [<snowplow_tracker.self_describing_json.SelfDescribingJson object at 0x0000022285DEC190>]}
[0m02:58:07.528268 [info ] [MainThread]: Found 14 models, 192 data tests, 2 sources, 611 macros
[0m02:58:07.577407 [info ] [MainThread]: 
[0m02:58:07.582033 [info ] [MainThread]: Concurrency: 4 threads (target='dev')
[0m02:58:07.582033 [info ] [MainThread]: 
[0m02:58:07.588820 [debug] [MainThread]: Acquiring new duckdb connection 'master'
[0m02:58:07.638580 [debug] [ThreadPool]: Acquiring new duckdb connection 'list_analytics'
[0m02:58:07.640591 [debug] [ThreadPool]: Acquiring new duckdb connection 'list_analytics'
[0m02:58:07.658140 [debug] [ThreadPool]: Acquiring new duckdb connection 'list_analytics'
[0m02:58:07.675230 [debug] [ThreadPool]: Acquiring new duckdb connection 'list_analytics'
[0m02:58:08.357580 [debug] [ThreadPool]: Using duckdb connection "list_analytics"
[0m02:58:08.360737 [debug] [ThreadPool]: Using duckdb connection "list_analytics"
[0m02:58:08.362748 [debug] [ThreadPool]: Using duckdb connection "list_analytics"
[0m02:58:08.363258 [debug] [ThreadPool]: Using duckdb connection "list_analytics"
[0m02:58:08.363258 [debug] [ThreadPool]: On list_analytics: /* {"app": "dbt", "dbt_version": "1.11.11", "profile_name": "weather_analytics", "target_name": "dev", "connection_name": "list_analytics"} */

    
    select schema_name
    from system.information_schema.schemata
    
    where lower(catalog_name) = '"analytics"'
    
  
  
[0m02:58:08.365270 [debug] [ThreadPool]: On list_analytics: /* {"app": "dbt", "dbt_version": "1.11.11", "profile_name": "weather_analytics", "target_name": "dev", "connection_name": "list_analytics"} */

    
    select schema_name
    from system.information_schema.schemata
    
    where lower(catalog_name) = '"analytics"'
    
  
  
[0m02:58:08.367283 [debug] [ThreadPool]: On list_analytics: /* {"app": "dbt", "dbt_version": "1.11.11", "profile_name": "weather_analytics", "target_name": "dev", "connection_name": "list_analytics"} */

    
    select schema_name
    from system.information_schema.schemata
    
    where lower(catalog_name) = '"analytics"'
    
  
  
[0m02:58:08.369295 [debug] [ThreadPool]: On list_analytics: /* {"app": "dbt", "dbt_version": "1.11.11", "profile_name": "weather_analytics", "target_name": "dev", "connection_name": "list_analytics"} */

    
    select schema_name
    from system.information_schema.schemata
    
    where lower(catalog_name) = '"analytics"'
    
  
  
[0m02:58:08.371310 [debug] [ThreadPool]: Opening a new connection, currently in state init
[0m02:58:08.373321 [debug] [ThreadPool]: Opening a new connection, currently in state init
[0m02:58:08.375332 [debug] [ThreadPool]: Opening a new connection, currently in state init
[0m02:58:08.377020 [debug] [ThreadPool]: Opening a new connection, currently in state init
[0m02:58:08.453167 [debug] [ThreadPool]: SQL status: OK in 0.077 seconds
[0m02:58:08.455182 [debug] [ThreadPool]: SQL status: OK in 0.082 seconds
[0m02:58:08.457525 [debug] [ThreadPool]: SQL status: OK in 0.085 seconds
[0m02:58:08.457525 [debug] [ThreadPool]: SQL status: OK in 0.083 seconds
[0m02:58:08.461032 [debug] [ThreadPool]: On list_analytics: Close
[0m02:58:08.465838 [debug] [ThreadPool]: On list_analytics: Close
[0m02:58:08.470572 [debug] [ThreadPool]: On list_analytics: Close
[0m02:58:08.470572 [debug] [ThreadPool]: On list_analytics: Close
[0m02:58:08.476904 [debug] [ThreadPool]: Re-using an available connection from the pool (formerly list_analytics, now create_analytics_weather_staging)
[0m02:58:08.479324 [debug] [ThreadPool]: Re-using an available connection from the pool (formerly list_analytics, now create_analytics_weather_marts)
[0m02:58:08.480644 [debug] [ThreadPool]: Re-using an available connection from the pool (formerly list_analytics, now create_analytics_weather_intermediate)
[0m02:58:08.480644 [debug] [ThreadPool]: Re-using an available connection from the pool (formerly list_analytics, now create_analytics_weather_dbt_test__audit)
[0m02:58:08.480644 [debug] [ThreadPool]: Creating schema "database: "analytics"
schema: "weather_staging"
"
[0m02:58:08.480644 [debug] [ThreadPool]: Creating schema "database: "analytics"
schema: "weather_marts"
"
[0m02:58:08.480644 [debug] [ThreadPool]: Creating schema "database: "analytics"
schema: "weather_intermediate"
"
[0m02:58:08.487867 [debug] [ThreadPool]: Creating schema "database: "analytics"
schema: "weather_dbt_test__audit"
"
[0m02:58:08.508556 [debug] [ThreadPool]: Using duckdb connection "create_analytics_weather_staging"
[0m02:58:08.515457 [debug] [ThreadPool]: Using duckdb connection "create_analytics_weather_marts"
[0m02:58:08.523384 [debug] [ThreadPool]: Using duckdb connection "create_analytics_weather_intermediate"
[0m02:58:08.524394 [debug] [ThreadPool]: Using duckdb connection "create_analytics_weather_dbt_test__audit"
[0m02:58:08.524394 [debug] [ThreadPool]: On create_analytics_weather_staging: /* {"app": "dbt", "dbt_version": "1.11.11", "profile_name": "weather_analytics", "target_name": "dev", "connection_name": "create_analytics_weather_staging"} */

    
        select type from duckdb_databases()
        where lower(database_name)='analytics'
        and type='sqlite'
    
  
[0m02:58:08.524394 [debug] [ThreadPool]: On create_analytics_weather_marts: /* {"app": "dbt", "dbt_version": "1.11.11", "profile_name": "weather_analytics", "target_name": "dev", "connection_name": "create_analytics_weather_marts"} */

    
        select type from duckdb_databases()
        where lower(database_name)='analytics'
        and type='sqlite'
    
  
[0m02:58:08.535273 [debug] [ThreadPool]: On create_analytics_weather_intermediate: /* {"app": "dbt", "dbt_version": "1.11.11", "profile_name": "weather_analytics", "target_name": "dev", "connection_name": "create_analytics_weather_intermediate"} */

    
        select type from duckdb_databases()
        where lower(database_name)='analytics'
        and type='sqlite'
    
  
[0m02:58:08.537285 [debug] [ThreadPool]: On create_analytics_weather_dbt_test__audit: /* {"app": "dbt", "dbt_version": "1.11.11", "profile_name": "weather_analytics", "target_name": "dev", "connection_name": "create_analytics_weather_dbt_test__audit"} */

    
        select type from duckdb_databases()
        where lower(database_name)='analytics'
        and type='sqlite'
    
  
[0m02:58:08.540310 [debug] [ThreadPool]: Opening a new connection, currently in state closed
[0m02:58:08.542324 [debug] [ThreadPool]: Opening a new connection, currently in state closed
[0m02:58:08.542324 [debug] [ThreadPool]: Opening a new connection, currently in state closed
[0m02:58:08.542324 [debug] [ThreadPool]: Opening a new connection, currently in state closed
[0m02:58:08.542324 [debug] [ThreadPool]: SQL status: OK in 0.008 seconds
[0m02:58:08.549607 [debug] [ThreadPool]: SQL status: OK in 0.007 seconds
[0m02:58:08.549607 [debug] [ThreadPool]: SQL status: OK in 0.008 seconds
[0m02:58:08.549607 [debug] [ThreadPool]: SQL status: OK in 0.008 seconds
[0m02:58:08.555834 [debug] [ThreadPool]: Using duckdb connection "create_analytics_weather_staging"
[0m02:58:08.555834 [debug] [ThreadPool]: Using duckdb connection "create_analytics_weather_marts"
[0m02:58:08.555834 [debug] [ThreadPool]: Using duckdb connection "create_analytics_weather_intermediate"
[0m02:58:08.555834 [debug] [ThreadPool]: Using duckdb connection "create_analytics_weather_dbt_test__audit"
[0m02:58:08.555834 [debug] [ThreadPool]: On create_analytics_weather_staging: BEGIN
[0m02:58:08.571745 [debug] [ThreadPool]: On create_analytics_weather_marts: BEGIN
[0m02:58:08.574211 [debug] [ThreadPool]: On create_analytics_weather_intermediate: BEGIN
[0m02:58:08.576226 [debug] [ThreadPool]: On create_analytics_weather_dbt_test__audit: BEGIN
[0m02:58:08.576226 [debug] [ThreadPool]: SQL status: OK in 0.001 seconds
[0m02:58:08.579318 [debug] [ThreadPool]: SQL status: OK in 0.000 seconds
[0m02:58:08.579318 [debug] [ThreadPool]: SQL status: OK in 0.000 seconds
[0m02:58:08.582251 [debug] [ThreadPool]: SQL status: OK in 0.000 seconds
[0m02:58:08.584373 [debug] [ThreadPool]: Using duckdb connection "create_analytics_weather_staging"
[0m02:58:08.584373 [debug] [ThreadPool]: Using duckdb connection "create_analytics_weather_marts"
[0m02:58:08.586151 [debug] [ThreadPool]: Using duckdb connection "create_analytics_weather_intermediate"
[0m02:58:08.591390 [debug] [ThreadPool]: Using duckdb connection "create_analytics_weather_dbt_test__audit"
[0m02:58:08.593386 [debug] [ThreadPool]: On create_analytics_weather_staging: /* {"app": "dbt", "dbt_version": "1.11.11", "profile_name": "weather_analytics", "target_name": "dev", "connection_name": "create_analytics_weather_staging"} */

    
    
        create schema if not exists "analytics"."weather_staging"
    
[0m02:58:08.593386 [debug] [ThreadPool]: On create_analytics_weather_marts: /* {"app": "dbt", "dbt_version": "1.11.11", "profile_name": "weather_analytics", "target_name": "dev", "connection_name": "create_analytics_weather_marts"} */

    
    
        create schema if not exists "analytics"."weather_marts"
    
[0m02:58:08.596410 [debug] [ThreadPool]: On create_analytics_weather_intermediate: /* {"app": "dbt", "dbt_version": "1.11.11", "profile_name": "weather_analytics", "target_name": "dev", "connection_name": "create_analytics_weather_intermediate"} */

    
    
        create schema if not exists "analytics"."weather_intermediate"
    
[0m02:58:08.596410 [debug] [ThreadPool]: On create_analytics_weather_dbt_test__audit: /* {"app": "dbt", "dbt_version": "1.11.11", "profile_name": "weather_analytics", "target_name": "dev", "connection_name": "create_analytics_weather_dbt_test__audit"} */

    
    
        create schema if not exists "analytics"."weather_dbt_test__audit"
    
[0m02:58:08.596410 [debug] [ThreadPool]: SQL status: OK in 0.001 seconds
[0m02:58:08.601558 [debug] [ThreadPool]: SQL status: OK in 0.001 seconds
[0m02:58:08.603572 [debug] [ThreadPool]: SQL status: OK in 0.000 seconds
[0m02:58:08.604820 [debug] [ThreadPool]: SQL status: OK in 0.001 seconds
[0m02:58:08.604820 [debug] [ThreadPool]: On create_analytics_weather_staging: COMMIT
[0m02:58:08.604820 [debug] [ThreadPool]: On create_analytics_weather_marts: COMMIT
[0m02:58:08.604820 [debug] [ThreadPool]: On create_analytics_weather_intermediate: COMMIT
[0m02:58:08.604820 [debug] [ThreadPool]: On create_analytics_weather_dbt_test__audit: COMMIT
[0m02:58:08.604820 [debug] [ThreadPool]: Using duckdb connection "create_analytics_weather_staging"
[0m02:58:08.604820 [debug] [ThreadPool]: Using duckdb connection "create_analytics_weather_marts"
[0m02:58:08.619404 [debug] [ThreadPool]: Using duckdb connection "create_analytics_weather_intermediate"
[0m02:58:08.619404 [debug] [ThreadPool]: Using duckdb connection "create_analytics_weather_dbt_test__audit"
[0m02:58:08.622403 [debug] [ThreadPool]: On create_analytics_weather_staging: COMMIT
[0m02:58:08.622403 [debug] [ThreadPool]: On create_analytics_weather_marts: COMMIT
[0m02:58:08.622403 [debug] [ThreadPool]: On create_analytics_weather_intermediate: COMMIT
[0m02:58:08.622403 [debug] [ThreadPool]: On create_analytics_weather_dbt_test__audit: COMMIT
[0m02:58:08.622403 [debug] [ThreadPool]: SQL status: OK in 0.001 seconds
[0m02:58:08.630635 [debug] [ThreadPool]: On create_analytics_weather_staging: Close
[0m02:58:08.630635 [debug] [ThreadPool]: SQL status: OK in 0.004 seconds
[0m02:58:08.635424 [debug] [ThreadPool]: SQL status: OK in 0.005 seconds
[0m02:58:08.636645 [debug] [ThreadPool]: SQL status: OK in 0.007 seconds
[0m02:58:08.636645 [debug] [ThreadPool]: On create_analytics_weather_marts: Close
[0m02:58:08.636645 [debug] [ThreadPool]: On create_analytics_weather_dbt_test__audit: Close
[0m02:58:08.636645 [debug] [ThreadPool]: On create_analytics_weather_intermediate: Close
[0m02:58:08.674546 [debug] [ThreadPool]: Acquiring new duckdb connection 'list_analytics_weather_staging'
[0m02:58:08.683074 [debug] [ThreadPool]: Using duckdb connection "list_analytics_weather_staging"
[0m02:58:08.683074 [debug] [ThreadPool]: Acquiring new duckdb connection 'list_analytics_weather_marts'
[0m02:58:08.683074 [debug] [ThreadPool]: Acquiring new duckdb connection 'list_analytics_weather_intermediate'
[0m02:58:08.693714 [debug] [ThreadPool]: On list_analytics_weather_staging: BEGIN
[0m02:58:08.693714 [debug] [ThreadPool]: Acquiring new duckdb connection 'list_analytics_weather_dbt_test__audit'
[0m02:58:08.701170 [debug] [ThreadPool]: Using duckdb connection "list_analytics_weather_marts"
[0m02:58:08.705188 [debug] [ThreadPool]: Using duckdb connection "list_analytics_weather_intermediate"
[0m02:58:08.707196 [debug] [ThreadPool]: Opening a new connection, currently in state init
[0m02:58:08.710137 [debug] [ThreadPool]: Using duckdb connection "list_analytics_weather_dbt_test__audit"
[0m02:58:08.710137 [debug] [ThreadPool]: On list_analytics_weather_marts: BEGIN
[0m02:58:08.715233 [debug] [ThreadPool]: On list_analytics_weather_intermediate: BEGIN
[0m02:58:08.718542 [debug] [ThreadPool]: SQL status: OK in 0.011 seconds
[0m02:58:08.718542 [debug] [ThreadPool]: On list_analytics_weather_dbt_test__audit: BEGIN
[0m02:58:08.718542 [debug] [ThreadPool]: Opening a new connection, currently in state init
[0m02:58:08.722357 [debug] [ThreadPool]: Opening a new connection, currently in state init
[0m02:58:08.723733 [debug] [ThreadPool]: Using duckdb connection "list_analytics_weather_staging"
[0m02:58:08.725189 [debug] [ThreadPool]: Opening a new connection, currently in state init
[0m02:58:08.725189 [debug] [ThreadPool]: SQL status: OK in 0.007 seconds
[0m02:58:08.729139 [debug] [ThreadPool]: SQL status: OK in 0.007 seconds
[0m02:58:08.730929 [debug] [ThreadPool]: On list_analytics_weather_staging: /* {"app": "dbt", "dbt_version": "1.11.11", "profile_name": "weather_analytics", "target_name": "dev", "connection_name": "list_analytics_weather_staging"} */
select
      'analytics' as database,
      table_name as name,
      table_schema as schema,
      CASE table_type
        WHEN 'BASE TABLE' THEN 'table'
        WHEN 'VIEW' THEN 'view'
        WHEN 'LOCAL TEMPORARY' THEN 'table'
        END as type
    from system.information_schema.tables
    where lower(table_schema) = 'weather_staging'
    and lower(table_catalog) = 'analytics'
  
[0m02:58:08.730929 [debug] [ThreadPool]: SQL status: OK in 0.007 seconds
[0m02:58:08.730929 [debug] [ThreadPool]: Using duckdb connection "list_analytics_weather_marts"
[0m02:58:08.730929 [debug] [ThreadPool]: Using duckdb connection "list_analytics_weather_intermediate"
[0m02:58:08.730929 [debug] [ThreadPool]: Using duckdb connection "list_analytics_weather_dbt_test__audit"
[0m02:58:08.730929 [debug] [ThreadPool]: On list_analytics_weather_marts: /* {"app": "dbt", "dbt_version": "1.11.11", "profile_name": "weather_analytics", "target_name": "dev", "connection_name": "list_analytics_weather_marts"} */
select
      'analytics' as database,
      table_name as name,
      table_schema as schema,
      CASE table_type
        WHEN 'BASE TABLE' THEN 'table'
        WHEN 'VIEW' THEN 'view'
        WHEN 'LOCAL TEMPORARY' THEN 'table'
        END as type
    from system.information_schema.tables
    where lower(table_schema) = 'weather_marts'
    and lower(table_catalog) = 'analytics'
  
[0m02:58:08.730929 [debug] [ThreadPool]: On list_analytics_weather_intermediate: /* {"app": "dbt", "dbt_version": "1.11.11", "profile_name": "weather_analytics", "target_name": "dev", "connection_name": "list_analytics_weather_intermediate"} */
select
      'analytics' as database,
      table_name as name,
      table_schema as schema,
      CASE table_type
        WHEN 'BASE TABLE' THEN 'table'
        WHEN 'VIEW' THEN 'view'
        WHEN 'LOCAL TEMPORARY' THEN 'table'
        END as type
    from system.information_schema.tables
    where lower(table_schema) = 'weather_intermediate'
    and lower(table_catalog) = 'analytics'
  
[0m02:58:08.730929 [debug] [ThreadPool]: On list_analytics_weather_dbt_test__audit: /* {"app": "dbt", "dbt_version": "1.11.11", "profile_name": "weather_analytics", "target_name": "dev", "connection_name": "list_analytics_weather_dbt_test__audit"} */
select
      'analytics' as database,
      table_name as name,
      table_schema as schema,
      CASE table_type
        WHEN 'BASE TABLE' THEN 'table'
        WHEN 'VIEW' THEN 'view'
        WHEN 'LOCAL TEMPORARY' THEN 'table'
        END as type
    from system.information_schema.tables
    where lower(table_schema) = 'weather_dbt_test__audit'
    and lower(table_catalog) = 'analytics'
  
[0m02:58:08.771771 [debug] [ThreadPool]: SQL status: OK in 0.027 seconds
[0m02:58:08.771771 [debug] [ThreadPool]: SQL status: OK in 0.036 seconds
[0m02:58:08.773335 [debug] [ThreadPool]: SQL status: OK in 0.028 seconds
[0m02:58:08.776086 [debug] [ThreadPool]: On list_analytics_weather_intermediate: ROLLBACK
[0m02:58:08.779740 [debug] [ThreadPool]: On list_analytics_weather_staging: ROLLBACK
[0m02:58:08.779740 [debug] [ThreadPool]: SQL status: OK in 0.038 seconds
[0m02:58:08.782397 [debug] [ThreadPool]: On list_analytics_weather_dbt_test__audit: ROLLBACK
[0m02:58:08.788487 [debug] [ThreadPool]: On list_analytics_weather_marts: ROLLBACK
[0m02:58:08.788487 [debug] [ThreadPool]: Failed to rollback 'list_analytics_weather_intermediate'
[0m02:58:08.788487 [debug] [ThreadPool]: Failed to rollback 'list_analytics_weather_staging'
[0m02:58:08.793716 [debug] [ThreadPool]: Failed to rollback 'list_analytics_weather_dbt_test__audit'
[0m02:58:08.793716 [debug] [ThreadPool]: Failed to rollback 'list_analytics_weather_marts'
[0m02:58:08.797904 [debug] [ThreadPool]: On list_analytics_weather_intermediate: Close
[0m02:58:08.797904 [debug] [ThreadPool]: On list_analytics_weather_staging: Close
[0m02:58:08.797904 [debug] [ThreadPool]: On list_analytics_weather_dbt_test__audit: Close
[0m02:58:08.797904 [debug] [ThreadPool]: On list_analytics_weather_marts: Close
[0m02:58:08.807512 [debug] [MainThread]: Sending event: {'category': 'dbt', 'action': 'runnable_timing', 'label': 'bd8ce224-d457-47cd-aaa4-1b976034c61a', 'context': [<snowplow_tracker.self_describing_json.SelfDescribingJson object at 0x000002228613C390>]}
[0m02:58:08.809568 [debug] [MainThread]: Using duckdb connection "master"
[0m02:58:08.810810 [debug] [MainThread]: On master: BEGIN
[0m02:58:08.810810 [debug] [MainThread]: Opening a new connection, currently in state init
[0m02:58:08.810810 [debug] [MainThread]: SQL status: OK in 0.002 seconds
[0m02:58:08.810810 [debug] [MainThread]: On master: COMMIT
[0m02:58:08.810810 [debug] [MainThread]: Using duckdb connection "master"
[0m02:58:08.810810 [debug] [MainThread]: On master: COMMIT
[0m02:58:08.818985 [debug] [MainThread]: SQL status: OK in 0.000 seconds
[0m02:58:08.818985 [debug] [MainThread]: On master: Close
[0m02:58:08.831385 [debug] [Thread-1 (]: Began running node model.weather_analytics.stg_weather
[0m02:58:08.833317 [info ] [Thread-1 (]: 1 of 206 START sql view model weather_staging.stg_weather ...................... [RUN]
[0m02:58:08.833317 [debug] [Thread-1 (]: Acquiring new duckdb connection 'model.weather_analytics.stg_weather'
[0m02:58:08.833317 [debug] [Thread-1 (]: Began compiling node model.weather_analytics.stg_weather
[0m02:58:08.859316 [debug] [Thread-1 (]: Writing injected SQL for node "model.weather_analytics.stg_weather"
[0m02:58:08.866690 [debug] [Thread-1 (]: Began executing node model.weather_analytics.stg_weather
[0m02:58:08.939046 [debug] [Thread-1 (]: Writing runtime sql for node "model.weather_analytics.stg_weather"
[0m02:58:08.939046 [debug] [Thread-1 (]: Using duckdb connection "model.weather_analytics.stg_weather"
[0m02:58:08.939046 [debug] [Thread-1 (]: On model.weather_analytics.stg_weather: BEGIN
[0m02:58:08.939046 [debug] [Thread-1 (]: Opening a new connection, currently in state init
[0m02:58:08.939046 [debug] [Thread-1 (]: SQL status: OK in 0.002 seconds
[0m02:58:08.954182 [debug] [Thread-1 (]: Using duckdb connection "model.weather_analytics.stg_weather"
[0m02:58:08.956457 [debug] [Thread-1 (]: On model.weather_analytics.stg_weather: /* {"app": "dbt", "dbt_version": "1.11.11", "profile_name": "weather_analytics", "target_name": "dev", "node_id": "model.weather_analytics.stg_weather"} */

  
  create view "analytics"."weather_staging"."stg_weather__dbt_tmp" as (
    ﻿

SELECT 
    city,
    temperature_celsius,
    humidity,
    pressure,
    wind_speed,
    weather_main,
    weather_description,
    observation_time,
    'sample' as ingestion_id,
    CURRENT_TIMESTAMP() as processed_time
FROM "weather"."weather"."weather_gold"
WHERE is_valid = TRUE
  );

[0m02:58:08.956457 [debug] [Thread-1 (]: DuckDB adapter: duckdb error: Binder Error: Catalog "weather" does not exist!
[0m02:58:08.956457 [debug] [Thread-1 (]: DuckDB adapter: Error running SQL: /* {"app": "dbt", "dbt_version": "1.11.11", "profile_name": "weather_analytics", "target_name": "dev", "node_id": "model.weather_analytics.stg_weather"} */

  
  create view "analytics"."weather_staging"."stg_weather__dbt_tmp" as (
    ﻿

SELECT 
    city,
    temperature_celsius,
    humidity,
    pressure,
    wind_speed,
    weather_main,
    weather_description,
    observation_time,
    'sample' as ingestion_id,
    CURRENT_TIMESTAMP() as processed_time
FROM "weather"."weather"."weather_gold"
WHERE is_valid = TRUE
  );

[0m02:58:08.960767 [debug] [Thread-1 (]: DuckDB adapter: Rolling back transaction.
[0m02:58:08.963334 [debug] [Thread-1 (]: On model.weather_analytics.stg_weather: ROLLBACK
[0m02:58:08.967555 [debug] [Thread-1 (]: Failed to rollback 'model.weather_analytics.stg_weather'
[0m02:58:08.971547 [debug] [Thread-1 (]: On model.weather_analytics.stg_weather: Close
[0m02:58:08.986721 [debug] [Thread-1 (]: Runtime Error in model stg_weather (models\staging\stg_weather.sql)
  Binder Error: Catalog "weather" does not exist!
[0m02:58:08.994547 [debug] [Thread-1 (]: Sending event: {'category': 'dbt', 'action': 'run_model', 'label': 'bd8ce224-d457-47cd-aaa4-1b976034c61a', 'context': [<snowplow_tracker.self_describing_json.SelfDescribingJson object at 0x00000222842B81D0>]}
[0m02:58:08.995847 [error] [Thread-1 (]: 1 of 206 ERROR creating sql view model weather_staging.stg_weather ............. [[31mERROR[0m in 0.15s]
[0m02:58:08.995847 [debug] [Thread-1 (]: Finished running node model.weather_analytics.stg_weather
[0m02:58:09.000591 [debug] [Thread-7 (]: Marking all children of 'model.weather_analytics.stg_weather' to be skipped because of status 'error'.  Reason: Runtime Error in model stg_weather (models\staging\stg_weather.sql)
  Binder Error: Catalog "weather" does not exist!.
[0m02:58:09.000591 [debug] [Thread-3 (]: Began running node test.weather_analytics.accepted_values_stg_weather_humidity__False__0__10__20__30__40__50__60__70__80__90__100.73e778e1d8
[0m02:58:09.006141 [debug] [Thread-4 (]: Began running node test.weather_analytics.accepted_values_stg_weather_temperature_celsius__False___50___40___30___20___10__0__10__20__30__40__50__60.7a1e325c60
[0m02:58:09.006141 [debug] [Thread-2 (]: Began running node test.weather_analytics.accepted_values_stg_weather_weather_main__Clear__Clouds__Rain__Snow__Thunderstorm__Drizzle__Mist__Fog.561ae1bb6f
[0m02:58:09.006141 [debug] [Thread-1 (]: Began running node test.weather_analytics.dbt_utils_accepted_range_stg_weather_pressure__1100__800.c4ac4a4a40
[0m02:58:09.010513 [info ] [Thread-3 (]: 2 of 206 SKIP test accepted_values_stg_weather_humidity__False__0__10__20__30__40__50__60__70__80__90__100  [[33mSKIP[0m]
[0m02:58:09.010513 [info ] [Thread-4 (]: 3 of 206 SKIP test accepted_values_stg_weather_temperature_celsius__False___50___40___30___20___10__0__10__20__30__40__50__60  [[33mSKIP[0m]
[0m02:58:09.013813 [info ] [Thread-2 (]: 4 of 206 SKIP test accepted_values_stg_weather_weather_main__Clear__Clouds__Rain__Snow__Thunderstorm__Drizzle__Mist__Fog  [[33mSKIP[0m]
[0m02:58:09.017525 [info ] [Thread-1 (]: 5 of 206 SKIP test dbt_utils_accepted_range_stg_weather_pressure__1100__800 .... [[33mSKIP[0m]
[0m02:58:09.017525 [debug] [Thread-3 (]: Finished running node test.weather_analytics.accepted_values_stg_weather_humidity__False__0__10__20__30__40__50__60__70__80__90__100.73e778e1d8
[0m02:58:09.021965 [debug] [Thread-4 (]: Finished running node test.weather_analytics.accepted_values_stg_weather_temperature_celsius__False___50___40___30___20___10__0__10__20__30__40__50__60.7a1e325c60
[0m02:58:09.021965 [debug] [Thread-2 (]: Finished running node test.weather_analytics.accepted_values_stg_weather_weather_main__Clear__Clouds__Rain__Snow__Thunderstorm__Drizzle__Mist__Fog.561ae1bb6f
[0m02:58:09.025350 [debug] [Thread-1 (]: Finished running node test.weather_analytics.dbt_utils_accepted_range_stg_weather_pressure__1100__800.c4ac4a4a40
[0m02:58:09.025350 [debug] [Thread-3 (]: Began running node test.weather_analytics.dbt_utils_accepted_range_stg_weather_wind_speed__150__0.b8294a872e
[0m02:58:09.030099 [debug] [Thread-7 (]: Marking all children of 'test.weather_analytics.accepted_values_stg_weather_humidity__False__0__10__20__30__40__50__60__70__80__90__100.73e778e1d8' to be skipped because of status 'skipped'. 
[0m02:58:09.031696 [debug] [Thread-4 (]: Began running node test.weather_analytics.not_null_stg_weather_city.c03e0c0127
[0m02:58:09.033311 [debug] [Thread-2 (]: Began running node test.weather_analytics.not_null_stg_weather_humidity.b6a67277d4
[0m02:58:09.034865 [debug] [Thread-1 (]: Began running node test.weather_analytics.not_null_stg_weather_ingestion_id.d24f79a9f2
[0m02:58:09.036467 [info ] [Thread-3 (]: 6 of 206 SKIP test dbt_utils_accepted_range_stg_weather_wind_speed__150__0 ..... [[33mSKIP[0m]
[0m02:58:09.039628 [debug] [Thread-7 (]: Marking all children of 'test.weather_analytics.accepted_values_stg_weather_temperature_celsius__False___50___40___30___20___10__0__10__20__30__40__50__60.7a1e325c60' to be skipped because of status 'skipped'. 
[0m02:58:09.041463 [info ] [Thread-4 (]: 7 of 206 SKIP test not_null_stg_weather_city ................................... [[33mSKIP[0m]
[0m02:58:09.042695 [info ] [Thread-2 (]: 8 of 206 SKIP test not_null_stg_weather_humidity ............................... [[33mSKIP[0m]
[0m02:58:09.045952 [info ] [Thread-1 (]: 9 of 206 SKIP test not_null_stg_weather_ingestion_id ........................... [[33mSKIP[0m]
[0m02:58:09.048423 [debug] [Thread-3 (]: Finished running node test.weather_analytics.dbt_utils_accepted_range_stg_weather_wind_speed__150__0.b8294a872e
[0m02:58:09.050973 [debug] [Thread-7 (]: Marking all children of 'test.weather_analytics.accepted_values_stg_weather_weather_main__Clear__Clouds__Rain__Snow__Thunderstorm__Drizzle__Mist__Fog.561ae1bb6f' to be skipped because of status 'skipped'. 
[0m02:58:09.053060 [debug] [Thread-4 (]: Finished running node test.weather_analytics.not_null_stg_weather_city.c03e0c0127
[0m02:58:09.055074 [debug] [Thread-2 (]: Finished running node test.weather_analytics.not_null_stg_weather_humidity.b6a67277d4
[0m02:58:09.055074 [debug] [Thread-1 (]: Finished running node test.weather_analytics.not_null_stg_weather_ingestion_id.d24f79a9f2
[0m02:58:09.058641 [debug] [Thread-3 (]: Began running node test.weather_analytics.not_null_stg_weather_observation_time.d375b794d8
[0m02:58:09.060169 [debug] [Thread-7 (]: Marking all children of 'test.weather_analytics.dbt_utils_accepted_range_stg_weather_pressure__1100__800.c4ac4a4a40' to be skipped because of status 'skipped'. 
[0m02:58:09.062982 [debug] [Thread-4 (]: Began running node test.weather_analytics.not_null_stg_weather_pressure.3ab9f4164d
[0m02:58:09.062982 [debug] [Thread-2 (]: Began running node test.weather_analytics.not_null_stg_weather_processed_time.fae4007b58
[0m02:58:09.066912 [debug] [Thread-1 (]: Began running node test.weather_analytics.not_null_stg_weather_temperature_celsius.8ef573f5f2
[0m02:58:09.069221 [info ] [Thread-3 (]: 10 of 206 SKIP test not_null_stg_weather_observation_time ...................... [[33mSKIP[0m]
[0m02:58:09.073227 [debug] [Thread-7 (]: Marking all children of 'test.weather_analytics.dbt_utils_accepted_range_stg_weather_wind_speed__150__0.b8294a872e' to be skipped because of status 'skipped'. 
[0m02:58:09.074350 [info ] [Thread-4 (]: 11 of 206 SKIP test not_null_stg_weather_pressure .............................. [[33mSKIP[0m]
[0m02:58:09.076785 [info ] [Thread-2 (]: 12 of 206 SKIP test not_null_stg_weather_processed_time ........................ [[33mSKIP[0m]
[0m02:58:09.079935 [info ] [Thread-1 (]: 13 of 206 SKIP test not_null_stg_weather_temperature_celsius ................... [[33mSKIP[0m]
[0m02:58:09.081711 [debug] [Thread-3 (]: Finished running node test.weather_analytics.not_null_stg_weather_observation_time.d375b794d8
[0m02:58:09.084395 [debug] [Thread-7 (]: Marking all children of 'test.weather_analytics.not_null_stg_weather_city.c03e0c0127' to be skipped because of status 'skipped'. 
[0m02:58:09.087346 [debug] [Thread-4 (]: Finished running node test.weather_analytics.not_null_stg_weather_pressure.3ab9f4164d
[0m02:58:09.089220 [debug] [Thread-2 (]: Finished running node test.weather_analytics.not_null_stg_weather_processed_time.fae4007b58
[0m02:58:09.090848 [debug] [Thread-1 (]: Finished running node test.weather_analytics.not_null_stg_weather_temperature_celsius.8ef573f5f2
[0m02:58:09.090848 [debug] [Thread-3 (]: Began running node test.weather_analytics.not_null_stg_weather_weather_description.cab6aa0704
[0m02:58:09.096231 [debug] [Thread-7 (]: Marking all children of 'test.weather_analytics.not_null_stg_weather_humidity.b6a67277d4' to be skipped because of status 'skipped'. 
[0m02:58:09.097934 [debug] [Thread-4 (]: Began running node test.weather_analytics.not_null_stg_weather_weather_main.6eaf717f12
[0m02:58:09.097934 [debug] [Thread-2 (]: Began running node test.weather_analytics.not_null_stg_weather_wind_speed.4738c7fd13
[0m02:58:09.101198 [debug] [Thread-1 (]: Began running node test.weather_analytics.test_weather_city_coverage
[0m02:58:09.103002 [info ] [Thread-3 (]: 14 of 206 SKIP test not_null_stg_weather_weather_description ................... [[33mSKIP[0m]
[0m02:58:09.104585 [debug] [Thread-7 (]: Marking all children of 'test.weather_analytics.not_null_stg_weather_ingestion_id.d24f79a9f2' to be skipped because of status 'skipped'. 
[0m02:58:09.108053 [info ] [Thread-4 (]: 15 of 206 SKIP test not_null_stg_weather_weather_main .......................... [[33mSKIP[0m]
[0m02:58:09.108542 [info ] [Thread-2 (]: 16 of 206 SKIP test not_null_stg_weather_wind_speed ............................ [[33mSKIP[0m]
[0m02:58:09.113271 [info ] [Thread-1 (]: 17 of 206 SKIP test test_weather_city_coverage ................................. [[33mSKIP[0m]
[0m02:58:09.114146 [debug] [Thread-3 (]: Finished running node test.weather_analytics.not_null_stg_weather_weather_description.cab6aa0704
[0m02:58:09.117591 [debug] [Thread-7 (]: Marking all children of 'test.weather_analytics.not_null_stg_weather_observation_time.d375b794d8' to be skipped because of status 'skipped'. 
[0m02:58:09.122245 [debug] [Thread-4 (]: Finished running node test.weather_analytics.not_null_stg_weather_weather_main.6eaf717f12
[0m02:58:09.124117 [debug] [Thread-2 (]: Finished running node test.weather_analytics.not_null_stg_weather_wind_speed.4738c7fd13
[0m02:58:09.126482 [debug] [Thread-1 (]: Finished running node test.weather_analytics.test_weather_city_coverage
[0m02:58:09.126482 [debug] [Thread-3 (]: Began running node test.weather_analytics.test_weather_duplicates
[0m02:58:09.131059 [debug] [Thread-7 (]: Marking all children of 'test.weather_analytics.not_null_stg_weather_pressure.3ab9f4164d' to be skipped because of status 'skipped'. 
[0m02:58:09.132213 [debug] [Thread-4 (]: Began running node test.weather_analytics.test_weather_humidity_range
[0m02:58:09.132213 [debug] [Thread-2 (]: Began running node test.weather_analytics.test_weather_seasonal_patterns
[0m02:58:09.137373 [debug] [Thread-1 (]: Began running node test.weather_analytics.test_weather_temperature_consistency
[0m02:58:09.139420 [info ] [Thread-3 (]: 18 of 206 SKIP test test_weather_duplicates .................................... [[33mSKIP[0m]
[0m02:58:09.139420 [debug] [Thread-7 (]: Marking all children of 'test.weather_analytics.not_null_stg_weather_processed_time.fae4007b58' to be skipped because of status 'skipped'. 
[0m02:58:09.144160 [info ] [Thread-4 (]: 19 of 206 SKIP test test_weather_humidity_range ................................ [[33mSKIP[0m]
[0m02:58:09.144160 [info ] [Thread-2 (]: 20 of 206 SKIP test test_weather_seasonal_patterns ............................. [[33mSKIP[0m]
[0m02:58:09.146861 [info ] [Thread-1 (]: 21 of 206 SKIP test test_weather_temperature_consistency ....................... [[33mSKIP[0m]
[0m02:58:09.148906 [debug] [Thread-3 (]: Finished running node test.weather_analytics.test_weather_duplicates
[0m02:58:09.150923 [debug] [Thread-7 (]: Marking all children of 'test.weather_analytics.not_null_stg_weather_temperature_celsius.8ef573f5f2' to be skipped because of status 'skipped'. 
[0m02:58:09.153922 [debug] [Thread-4 (]: Finished running node test.weather_analytics.test_weather_humidity_range
[0m02:58:09.157166 [debug] [Thread-2 (]: Finished running node test.weather_analytics.test_weather_seasonal_patterns
[0m02:58:09.157166 [debug] [Thread-1 (]: Finished running node test.weather_analytics.test_weather_temperature_consistency
[0m02:58:09.157166 [debug] [Thread-3 (]: Began running node test.weather_analytics.test_weather_temperature_range
[0m02:58:09.164074 [debug] [Thread-7 (]: Marking all children of 'test.weather_analytics.not_null_stg_weather_weather_description.cab6aa0704' to be skipped because of status 'skipped'. 
[0m02:58:09.164513 [debug] [Thread-4 (]: Began running node test.weather_analytics.unique_stg_weather_city__city__observation_time.fa00d0c117
[0m02:58:09.167602 [debug] [Thread-2 (]: Began running node test.weather_analytics.unique_stg_weather_ingestion_id.41c238a614
[0m02:58:09.167602 [info ] [Thread-3 (]: 22 of 206 SKIP test test_weather_temperature_range ............................. [[33mSKIP[0m]
[0m02:58:09.172980 [debug] [Thread-7 (]: Marking all children of 'test.weather_analytics.not_null_stg_weather_weather_main.6eaf717f12' to be skipped because of status 'skipped'. 
[0m02:58:09.174990 [info ] [Thread-4 (]: 23 of 206 SKIP test unique_stg_weather_city__city__observation_time ............ [[33mSKIP[0m]
[0m02:58:09.174990 [info ] [Thread-2 (]: 24 of 206 SKIP test unique_stg_weather_ingestion_id ............................ [[33mSKIP[0m]
[0m02:58:09.177605 [debug] [Thread-3 (]: Finished running node test.weather_analytics.test_weather_temperature_range
[0m02:58:09.180218 [debug] [Thread-7 (]: Marking all children of 'test.weather_analytics.not_null_stg_weather_wind_speed.4738c7fd13' to be skipped because of status 'skipped'. 
[0m02:58:09.182296 [debug] [Thread-4 (]: Finished running node test.weather_analytics.unique_stg_weather_city__city__observation_time.fa00d0c117
[0m02:58:09.183411 [debug] [Thread-2 (]: Finished running node test.weather_analytics.unique_stg_weather_ingestion_id.41c238a614
[0m02:58:09.187608 [debug] [Thread-7 (]: Marking all children of 'test.weather_analytics.test_weather_city_coverage' to be skipped because of status 'skipped'. 
[0m02:58:09.191440 [debug] [Thread-7 (]: Marking all children of 'test.weather_analytics.test_weather_duplicates' to be skipped because of status 'skipped'. 
[0m02:58:09.194077 [debug] [Thread-7 (]: Marking all children of 'test.weather_analytics.test_weather_humidity_range' to be skipped because of status 'skipped'. 
[0m02:58:09.194077 [debug] [Thread-7 (]: Marking all children of 'test.weather_analytics.test_weather_seasonal_patterns' to be skipped because of status 'skipped'. 
[0m02:58:09.194077 [debug] [Thread-7 (]: Marking all children of 'test.weather_analytics.test_weather_temperature_consistency' to be skipped because of status 'skipped'. 
[0m02:58:09.199950 [debug] [Thread-7 (]: Marking all children of 'test.weather_analytics.test_weather_temperature_range' to be skipped because of status 'skipped'. 
[0m02:58:09.202044 [debug] [Thread-7 (]: Marking all children of 'test.weather_analytics.unique_stg_weather_city__city__observation_time.fa00d0c117' to be skipped because of status 'skipped'. 
[0m02:58:09.202044 [debug] [Thread-7 (]: Marking all children of 'test.weather_analytics.unique_stg_weather_ingestion_id.41c238a614' to be skipped because of status 'skipped'. 
[0m02:58:09.205937 [debug] [Thread-1 (]: Began running node model.weather_analytics.extreme_weather_events
[0m02:58:09.209159 [debug] [Thread-3 (]: Began running node model.weather_analytics.int_climate_patterns
[0m02:58:09.211005 [debug] [Thread-4 (]: Began running node model.weather_analytics.int_weather_anomalies
[0m02:58:09.212665 [debug] [Thread-2 (]: Began running node model.weather_analytics.int_weather_correlation
[0m02:58:09.213915 [info ] [Thread-1 (]: 25 of 206 SKIP relation weather_marts.extreme_weather_events ................... [[33mSKIP[0m]
[0m02:58:09.216327 [info ] [Thread-3 (]: 26 of 206 SKIP relation weather_intermediate.int_climate_patterns .............. [[33mSKIP[0m]
[0m02:58:09.216327 [info ] [Thread-4 (]: 27 of 206 SKIP relation weather_intermediate.int_weather_anomalies ............. [[33mSKIP[0m]
[0m02:58:09.219262 [info ] [Thread-2 (]: 28 of 206 SKIP relation weather_intermediate.int_weather_correlation ........... [[33mSKIP[0m]
[0m02:58:09.222401 [debug] [Thread-1 (]: Finished running node model.weather_analytics.extreme_weather_events
[0m02:58:09.222942 [debug] [Thread-3 (]: Finished running node model.weather_analytics.int_climate_patterns
[0m02:58:09.225041 [debug] [Thread-4 (]: Finished running node model.weather_analytics.int_weather_anomalies
[0m02:58:09.228160 [debug] [Thread-2 (]: Finished running node model.weather_analytics.int_weather_correlation
[0m02:58:09.228620 [debug] [Thread-1 (]: Began running node model.weather_analytics.int_weather_forecast
[0m02:58:09.228620 [debug] [Thread-7 (]: Marking all children of 'model.weather_analytics.extreme_weather_events' to be skipped because of status 'skipped'. 
[0m02:58:09.231900 [debug] [Thread-3 (]: Began running node model.weather_analytics.int_weather_metrics
[0m02:58:09.233114 [debug] [Thread-4 (]: Began running node model.weather_analytics.int_weather_station_metrics
[0m02:58:09.235178 [debug] [Thread-2 (]: Began running node model.weather_analytics.mart_weather_forecast_accuracy
[0m02:58:09.237203 [info ] [Thread-1 (]: 29 of 206 SKIP relation weather_intermediate.int_weather_forecast .............. [[33mSKIP[0m]
[0m02:58:09.240003 [debug] [Thread-7 (]: Marking all children of 'model.weather_analytics.int_climate_patterns' to be skipped because of status 'skipped'. 
[0m02:58:09.241527 [info ] [Thread-3 (]: 30 of 206 SKIP relation weather_intermediate.int_weather_metrics ............... [[33mSKIP[0m]
[0m02:58:09.244842 [info ] [Thread-4 (]: 31 of 206 SKIP relation weather_intermediate.int_weather_station_metrics ....... [[33mSKIP[0m]
[0m02:58:09.244842 [info ] [Thread-2 (]: 32 of 206 SKIP relation weather_marts.mart_weather_forecast_accuracy ........... [[33mSKIP[0m]
[0m02:58:09.248682 [debug] [Thread-1 (]: Finished running node model.weather_analytics.int_weather_forecast
[0m02:58:09.250598 [debug] [Thread-7 (]: Marking all children of 'model.weather_analytics.int_weather_anomalies' to be skipped because of status 'skipped'. 
[0m02:58:09.252827 [debug] [Thread-3 (]: Finished running node model.weather_analytics.int_weather_metrics
[0m02:58:09.254455 [debug] [Thread-4 (]: Finished running node model.weather_analytics.int_weather_station_metrics
[0m02:58:09.256096 [debug] [Thread-2 (]: Finished running node model.weather_analytics.mart_weather_forecast_accuracy
[0m02:58:09.258218 [debug] [Thread-1 (]: Began running node model.weather_analytics.mart_weather_quality
[0m02:58:09.258218 [debug] [Thread-7 (]: Marking all children of 'model.weather_analytics.int_weather_correlation' to be skipped because of status 'skipped'. 
[0m02:58:09.260919 [debug] [Thread-3 (]: Began running node model.weather_analytics.weather_daily_summary
[0m02:58:09.260919 [debug] [Thread-4 (]: Began running node model.weather_analytics.weather_trend_analysis
[0m02:58:09.266215 [debug] [Thread-2 (]: Began running node test.weather_analytics.accepted_values_extreme_weather_events_event_severity__Low__Medium__High__Extreme.adfe74bd68
[0m02:58:09.267892 [info ] [Thread-1 (]: 33 of 206 SKIP relation weather_marts.mart_weather_quality ..................... [[33mSKIP[0m]
[0m02:58:09.269407 [debug] [Thread-7 (]: Marking all children of 'model.weather_analytics.int_weather_forecast' to be skipped because of status 'skipped'. 
[0m02:58:09.269407 [info ] [Thread-3 (]: 34 of 206 SKIP relation weather_marts.weather_daily_summary .................... [[33mSKIP[0m]
[0m02:58:09.274891 [info ] [Thread-4 (]: 35 of 206 SKIP relation weather_marts.weather_trend_analysis ................... [[33mSKIP[0m]
[0m02:58:09.277748 [info ] [Thread-2 (]: 36 of 206 SKIP test accepted_values_extreme_weather_events_event_severity__Low__Medium__High__Extreme  [[33mSKIP[0m]
[0m02:58:09.277748 [debug] [Thread-1 (]: Finished running node model.weather_analytics.mart_weather_quality
[0m02:58:09.281178 [debug] [Thread-7 (]: Marking all children of 'model.weather_analytics.int_weather_metrics' to be skipped because of status 'skipped'. 
[0m02:58:09.283981 [debug] [Thread-3 (]: Finished running node model.weather_analytics.weather_daily_summary
[0m02:58:09.286653 [debug] [Thread-4 (]: Finished running node model.weather_analytics.weather_trend_analysis
[0m02:58:09.286653 [debug] [Thread-2 (]: Finished running node test.weather_analytics.accepted_values_extreme_weather_events_event_severity__Low__Medium__High__Extreme.adfe74bd68
[0m02:58:09.288715 [debug] [Thread-1 (]: Began running node test.weather_analytics.accepted_values_extreme_weather_events_event_type__Heatwave__Storm__Heavy_Rain__Cold_Wave__Snowstorm__Hailstorm__Tornado.136722eb30
[0m02:58:09.288715 [debug] [Thread-7 (]: Marking all children of 'model.weather_analytics.int_weather_station_metrics' to be skipped because of status 'skipped'. 
[0m02:58:09.293964 [debug] [Thread-3 (]: Began running node test.weather_analytics.accepted_values_extreme_weather_events_is_alert_sent__True__False.5d88596f65
[0m02:58:09.296978 [debug] [Thread-4 (]: Began running node test.weather_analytics.dbt_utils_accepted_range_extreme_weather_events_event_duration_minutes__0.455375c4c9
[0m02:58:09.297280 [debug] [Thread-2 (]: Began running node test.weather_analytics.not_null_extreme_weather_events_city.da70f4ed48
[0m02:58:09.300024 [info ] [Thread-1 (]: 37 of 206 SKIP test accepted_values_extreme_weather_events_event_type__Heatwave__Storm__Heavy_Rain__Cold_Wave__Snowstorm__Hailstorm__Tornado  [[33mSKIP[0m]
[0m02:58:09.300024 [debug] [Thread-7 (]: Marking all children of 'model.weather_analytics.mart_weather_forecast_accuracy' to be skipped because of status 'skipped'. 
[0m02:58:09.302667 [info ] [Thread-3 (]: 38 of 206 SKIP test accepted_values_extreme_weather_events_is_alert_sent__True__False  [[33mSKIP[0m]
[0m02:58:09.305472 [info ] [Thread-4 (]: 39 of 206 SKIP test dbt_utils_accepted_range_extreme_weather_events_event_duration_minutes__0  [[33mSKIP[0m]
[0m02:58:09.305472 [info ] [Thread-2 (]: 40 of 206 SKIP test not_null_extreme_weather_events_city ....................... [[33mSKIP[0m]
[0m02:58:09.309245 [debug] [Thread-1 (]: Finished running node test.weather_analytics.accepted_values_extreme_weather_events_event_type__Heatwave__Storm__Heavy_Rain__Cold_Wave__Snowstorm__Hailstorm__Tornado.136722eb30
[0m02:58:09.312568 [debug] [Thread-7 (]: Marking all children of 'model.weather_analytics.mart_weather_quality' to be skipped because of status 'skipped'. 
[0m02:58:09.315241 [debug] [Thread-3 (]: Finished running node test.weather_analytics.accepted_values_extreme_weather_events_is_alert_sent__True__False.5d88596f65
[0m02:58:09.317181 [debug] [Thread-4 (]: Finished running node test.weather_analytics.dbt_utils_accepted_range_extreme_weather_events_event_duration_minutes__0.455375c4c9
[0m02:58:09.317181 [debug] [Thread-2 (]: Finished running node test.weather_analytics.not_null_extreme_weather_events_city.da70f4ed48
[0m02:58:09.317181 [debug] [Thread-1 (]: Began running node test.weather_analytics.not_null_extreme_weather_events_detection_time.74da6b7919
[0m02:58:09.317181 [debug] [Thread-7 (]: Marking all children of 'model.weather_analytics.weather_daily_summary' to be skipped because of status 'skipped'. 
[0m02:58:09.327031 [debug] [Thread-3 (]: Began running node test.weather_analytics.not_null_extreme_weather_events_event_duration_minutes.cba01a2388
[0m02:58:09.327031 [debug] [Thread-4 (]: Began running node test.weather_analytics.not_null_extreme_weather_events_event_severity.afc6ca8cf1
[0m02:58:09.330937 [debug] [Thread-2 (]: Began running node test.weather_analytics.not_null_extreme_weather_events_event_type.6cc0367ca6
[0m02:58:09.333079 [info ] [Thread-1 (]: 41 of 206 SKIP test not_null_extreme_weather_events_detection_time ............. [[33mSKIP[0m]
[0m02:58:09.333079 [debug] [Thread-7 (]: Marking all children of 'model.weather_analytics.weather_trend_analysis' to be skipped because of status 'skipped'. 
[0m02:58:09.337531 [info ] [Thread-3 (]: 42 of 206 SKIP test not_null_extreme_weather_events_event_duration_minutes ..... [[33mSKIP[0m]
[0m02:58:09.337531 [info ] [Thread-4 (]: 43 of 206 SKIP test not_null_extreme_weather_events_event_severity ............. [[33mSKIP[0m]
[0m02:58:09.337531 [info ] [Thread-2 (]: 44 of 206 SKIP test not_null_extreme_weather_events_event_type ................. [[33mSKIP[0m]
[0m02:58:09.344155 [debug] [Thread-1 (]: Finished running node test.weather_analytics.not_null_extreme_weather_events_detection_time.74da6b7919
[0m02:58:09.345672 [debug] [Thread-7 (]: Marking all children of 'test.weather_analytics.accepted_values_extreme_weather_events_event_severity__Low__Medium__High__Extreme.adfe74bd68' to be skipped because of status 'skipped'. 
[0m02:58:09.345672 [debug] [Thread-3 (]: Finished running node test.weather_analytics.not_null_extreme_weather_events_event_duration_minutes.cba01a2388
[0m02:58:09.351646 [debug] [Thread-4 (]: Finished running node test.weather_analytics.not_null_extreme_weather_events_event_severity.afc6ca8cf1
[0m02:58:09.353533 [debug] [Thread-2 (]: Finished running node test.weather_analytics.not_null_extreme_weather_events_event_type.6cc0367ca6
[0m02:58:09.353533 [debug] [Thread-1 (]: Began running node test.weather_analytics.not_null_extreme_weather_events_observation_time.0520987ae7
[0m02:58:09.353533 [debug] [Thread-7 (]: Marking all children of 'test.weather_analytics.accepted_values_extreme_weather_events_event_type__Heatwave__Storm__Heavy_Rain__Cold_Wave__Snowstorm__Hailstorm__Tornado.136722eb30' to be skipped because of status 'skipped'. 
[0m02:58:09.353533 [debug] [Thread-3 (]: Began running node test.weather_analytics.not_null_extreme_weather_events_temperature_celsius.ab07246549
[0m02:58:09.353533 [debug] [Thread-4 (]: Began running node test.weather_analytics.not_null_extreme_weather_events_weather_description.81f5a41466
[0m02:58:09.361920 [debug] [Thread-2 (]: Began running node test.weather_analytics.not_null_extreme_weather_events_weather_main.8e838d43cc
[0m02:58:09.363971 [info ] [Thread-1 (]: 45 of 206 SKIP test not_null_extreme_weather_events_observation_time ........... [[33mSKIP[0m]
[0m02:58:09.363971 [debug] [Thread-7 (]: Marking all children of 'test.weather_analytics.accepted_values_extreme_weather_events_is_alert_sent__True__False.5d88596f65' to be skipped because of status 'skipped'. 
[0m02:58:09.369207 [info ] [Thread-3 (]: 46 of 206 SKIP test not_null_extreme_weather_events_temperature_celsius ........ [[33mSKIP[0m]
[0m02:58:09.370806 [info ] [Thread-4 (]: 47 of 206 SKIP test not_null_extreme_weather_events_weather_description ........ [[33mSKIP[0m]
[0m02:58:09.373373 [info ] [Thread-2 (]: 48 of 206 SKIP test not_null_extreme_weather_events_weather_main ............... [[33mSKIP[0m]
[0m02:58:09.375012 [debug] [Thread-1 (]: Finished running node test.weather_analytics.not_null_extreme_weather_events_observation_time.0520987ae7
[0m02:58:09.376573 [debug] [Thread-7 (]: Marking all children of 'test.weather_analytics.dbt_utils_accepted_range_extreme_weather_events_event_duration_minutes__0.455375c4c9' to be skipped because of status 'skipped'. 
[0m02:58:09.378177 [debug] [Thread-3 (]: Finished running node test.weather_analytics.not_null_extreme_weather_events_temperature_celsius.ab07246549
[0m02:58:09.380461 [debug] [Thread-4 (]: Finished running node test.weather_analytics.not_null_extreme_weather_events_weather_description.81f5a41466
[0m02:58:09.383123 [debug] [Thread-2 (]: Finished running node test.weather_analytics.not_null_extreme_weather_events_weather_main.8e838d43cc
[0m02:58:09.385006 [debug] [Thread-1 (]: Began running node test.weather_analytics.not_null_extreme_weather_events_wind_speed.47ebe49dd4
[0m02:58:09.386900 [debug] [Thread-7 (]: Marking all children of 'test.weather_analytics.not_null_extreme_weather_events_city.da70f4ed48' to be skipped because of status 'skipped'. 
[0m02:58:09.389411 [debug] [Thread-3 (]: Began running node test.weather_analytics.not_null_int_climate_patterns_city.4b39f99966
[0m02:58:09.391848 [debug] [Thread-4 (]: Began running node test.weather_analytics.not_null_int_climate_patterns_created_at.81bb6f6325
[0m02:58:09.393909 [debug] [Thread-2 (]: Began running node test.weather_analytics.not_null_int_climate_patterns_observation_time.0716fd225a
[0m02:58:09.394603 [info ] [Thread-1 (]: 49 of 206 SKIP test not_null_extreme_weather_events_wind_speed ................. [[33mSKIP[0m]
[0m02:58:09.394603 [debug] [Thread-7 (]: Marking all children of 'test.weather_analytics.not_null_extreme_weather_events_detection_time.74da6b7919' to be skipped because of status 'skipped'. 
[0m02:58:09.399795 [info ] [Thread-3 (]: 50 of 206 SKIP test not_null_int_climate_patterns_city ......................... [[33mSKIP[0m]
[0m02:58:09.400156 [info ] [Thread-4 (]: 51 of 206 SKIP test not_null_int_climate_patterns_created_at ................... [[33mSKIP[0m]
[0m02:58:09.400156 [info ] [Thread-2 (]: 52 of 206 SKIP test not_null_int_climate_patterns_observation_time ............. [[33mSKIP[0m]
[0m02:58:09.400156 [debug] [Thread-1 (]: Finished running node test.weather_analytics.not_null_extreme_weather_events_wind_speed.47ebe49dd4
[0m02:58:09.407994 [debug] [Thread-7 (]: Marking all children of 'test.weather_analytics.not_null_extreme_weather_events_event_duration_minutes.cba01a2388' to be skipped because of status 'skipped'. 
[0m02:58:09.409338 [debug] [Thread-3 (]: Finished running node test.weather_analytics.not_null_int_climate_patterns_city.4b39f99966
[0m02:58:09.409338 [debug] [Thread-4 (]: Finished running node test.weather_analytics.not_null_int_climate_patterns_created_at.81bb6f6325
[0m02:58:09.412092 [debug] [Thread-2 (]: Finished running node test.weather_analytics.not_null_int_climate_patterns_observation_time.0716fd225a
[0m02:58:09.414261 [debug] [Thread-1 (]: Began running node test.weather_analytics.not_null_int_weather_anomalies_city.b704c022f2
[0m02:58:09.414261 [debug] [Thread-7 (]: Marking all children of 'test.weather_analytics.not_null_extreme_weather_events_event_severity.afc6ca8cf1' to be skipped because of status 'skipped'. 
[0m02:58:09.417259 [debug] [Thread-3 (]: Began running node test.weather_analytics.not_null_int_weather_anomalies_created_at.7f9273b6ab
[0m02:58:09.419989 [debug] [Thread-4 (]: Began running node test.weather_analytics.not_null_int_weather_anomalies_observation_time.fb2654a382
[0m02:58:09.421523 [debug] [Thread-2 (]: Began running node test.weather_analytics.not_null_int_weather_anomalies_temperature_celsius.ce492328dc
[0m02:58:09.421523 [info ] [Thread-1 (]: 53 of 206 SKIP test not_null_int_weather_anomalies_city ........................ [[33mSKIP[0m]
[0m02:58:09.425729 [debug] [Thread-7 (]: Marking all children of 'test.weather_analytics.not_null_extreme_weather_events_event_type.6cc0367ca6' to be skipped because of status 'skipped'. 
[0m02:58:09.427639 [info ] [Thread-3 (]: 54 of 206 SKIP test not_null_int_weather_anomalies_created_at .................. [[33mSKIP[0m]
[0m02:58:09.429664 [info ] [Thread-4 (]: 55 of 206 SKIP test not_null_int_weather_anomalies_observation_time ............ [[33mSKIP[0m]
[0m02:58:09.432378 [info ] [Thread-2 (]: 56 of 206 SKIP test not_null_int_weather_anomalies_temperature_celsius ......... [[33mSKIP[0m]
[0m02:58:09.433277 [debug] [Thread-1 (]: Finished running node test.weather_analytics.not_null_int_weather_anomalies_city.b704c022f2
[0m02:58:09.434546 [debug] [Thread-7 (]: Marking all children of 'test.weather_analytics.not_null_extreme_weather_events_observation_time.0520987ae7' to be skipped because of status 'skipped'. 
[0m02:58:09.438047 [debug] [Thread-3 (]: Finished running node test.weather_analytics.not_null_int_weather_anomalies_created_at.7f9273b6ab
[0m02:58:09.440103 [debug] [Thread-4 (]: Finished running node test.weather_analytics.not_null_int_weather_anomalies_observation_time.fb2654a382
[0m02:58:09.441735 [debug] [Thread-2 (]: Finished running node test.weather_analytics.not_null_int_weather_anomalies_temperature_celsius.ce492328dc
[0m02:58:09.443434 [debug] [Thread-1 (]: Began running node test.weather_analytics.not_null_int_weather_correlation_city.cf51e18d7c
[0m02:58:09.443434 [debug] [Thread-7 (]: Marking all children of 'test.weather_analytics.not_null_extreme_weather_events_temperature_celsius.ab07246549' to be skipped because of status 'skipped'. 
[0m02:58:09.443434 [debug] [Thread-3 (]: Began running node test.weather_analytics.not_null_int_weather_correlation_created_at.c12a51bdd2
[0m02:58:09.450208 [debug] [Thread-4 (]: Began running node test.weather_analytics.not_null_int_weather_correlation_observation_time.09534663ad
[0m02:58:09.450208 [debug] [Thread-2 (]: Began running node test.weather_analytics.not_null_int_weather_forecast_city.0fa0fd4844
[0m02:58:09.453883 [info ] [Thread-1 (]: 57 of 206 SKIP test not_null_int_weather_correlation_city ...................... [[33mSKIP[0m]
[0m02:58:09.456549 [debug] [Thread-7 (]: Marking all children of 'test.weather_analytics.not_null_extreme_weather_events_weather_description.81f5a41466' to be skipped because of status 'skipped'. 
[0m02:58:09.457631 [info ] [Thread-3 (]: 58 of 206 SKIP test not_null_int_weather_correlation_created_at ................ [[33mSKIP[0m]
[0m02:58:09.457631 [info ] [Thread-4 (]: 59 of 206 SKIP test not_null_int_weather_correlation_observation_time .......... [[33mSKIP[0m]
[0m02:58:09.462324 [info ] [Thread-2 (]: 60 of 206 SKIP test not_null_int_weather_forecast_city ......................... [[33mSKIP[0m]
[0m02:58:09.464904 [debug] [Thread-1 (]: Finished running node test.weather_analytics.not_null_int_weather_correlation_city.cf51e18d7c
[0m02:58:09.464904 [debug] [Thread-7 (]: Marking all children of 'test.weather_analytics.not_null_extreme_weather_events_weather_main.8e838d43cc' to be skipped because of status 'skipped'. 
[0m02:58:09.468724 [debug] [Thread-3 (]: Finished running node test.weather_analytics.not_null_int_weather_correlation_created_at.c12a51bdd2
[0m02:58:09.471265 [debug] [Thread-4 (]: Finished running node test.weather_analytics.not_null_int_weather_correlation_observation_time.09534663ad
[0m02:58:09.473564 [debug] [Thread-2 (]: Finished running node test.weather_analytics.not_null_int_weather_forecast_city.0fa0fd4844
[0m02:58:09.476112 [debug] [Thread-1 (]: Began running node test.weather_analytics.not_null_int_weather_forecast_created_at.e455c86573
[0m02:58:09.476112 [debug] [Thread-7 (]: Marking all children of 'test.weather_analytics.not_null_extreme_weather_events_wind_speed.47ebe49dd4' to be skipped because of status 'skipped'. 
[0m02:58:09.480530 [debug] [Thread-3 (]: Began running node test.weather_analytics.not_null_int_weather_forecast_observation_time.4ad02c3f72
[0m02:58:09.480530 [debug] [Thread-4 (]: Began running node test.weather_analytics.not_null_int_weather_forecast_temperature_celsius.883edabdbe
[0m02:58:09.484242 [debug] [Thread-2 (]: Began running node test.weather_analytics.accepted_values_int_weather_metrics_temperature_category__Freezing__Cold__Mild__Warm__Hot.522a999279
[0m02:58:09.485712 [info ] [Thread-1 (]: 61 of 206 SKIP test not_null_int_weather_forecast_created_at ................... [[33mSKIP[0m]
[0m02:58:09.485712 [debug] [Thread-7 (]: Marking all children of 'test.weather_analytics.not_null_int_climate_patterns_city.4b39f99966' to be skipped because of status 'skipped'. 
[0m02:58:09.489024 [info ] [Thread-3 (]: 62 of 206 SKIP test not_null_int_weather_forecast_observation_time ............. [[33mSKIP[0m]
[0m02:58:09.490571 [info ] [Thread-4 (]: 63 of 206 SKIP test not_null_int_weather_forecast_temperature_celsius .......... [[33mSKIP[0m]
[0m02:58:09.490571 [info ] [Thread-2 (]: 64 of 206 SKIP test accepted_values_int_weather_metrics_temperature_category__Freezing__Cold__Mild__Warm__Hot  [[33mSKIP[0m]
[0m02:58:09.495452 [debug] [Thread-1 (]: Finished running node test.weather_analytics.not_null_int_weather_forecast_created_at.e455c86573
[0m02:58:09.495452 [debug] [Thread-7 (]: Marking all children of 'test.weather_analytics.not_null_int_climate_patterns_created_at.81bb6f6325' to be skipped because of status 'skipped'. 
[0m02:58:09.495452 [debug] [Thread-3 (]: Finished running node test.weather_analytics.not_null_int_weather_forecast_observation_time.4ad02c3f72
[0m02:58:09.500781 [debug] [Thread-4 (]: Finished running node test.weather_analytics.not_null_int_weather_forecast_temperature_celsius.883edabdbe
[0m02:58:09.504038 [debug] [Thread-2 (]: Finished running node test.weather_analytics.accepted_values_int_weather_metrics_temperature_category__Freezing__Cold__Mild__Warm__Hot.522a999279
[0m02:58:09.505720 [debug] [Thread-1 (]: Began running node test.weather_analytics.accepted_values_int_weather_metrics_trend_direction__Rising__Falling__Stable.709b7c32a7
[0m02:58:09.508004 [debug] [Thread-7 (]: Marking all children of 'test.weather_analytics.not_null_int_climate_patterns_observation_time.0716fd225a' to be skipped because of status 'skipped'. 
[0m02:58:09.508004 [debug] [Thread-3 (]: Began running node test.weather_analytics.dbt_utils_accepted_range_int_weather_metrics_avg_humidity__100__0.632b1d943c
[0m02:58:09.512011 [debug] [Thread-4 (]: Began running node test.weather_analytics.dbt_utils_accepted_range_int_weather_metrics_hourly_readings__1.e4df346ae3
[0m02:58:09.512011 [debug] [Thread-2 (]: Began running node test.weather_analytics.not_null_int_weather_metrics_avg_humidity.9ba8d43927
[0m02:58:09.514757 [info ] [Thread-1 (]: 65 of 206 SKIP test accepted_values_int_weather_metrics_trend_direction__Rising__Falling__Stable  [[33mSKIP[0m]
[0m02:58:09.519373 [debug] [Thread-7 (]: Marking all children of 'test.weather_analytics.not_null_int_weather_anomalies_city.b704c022f2' to be skipped because of status 'skipped'. 
[0m02:58:09.520384 [info ] [Thread-3 (]: 66 of 206 SKIP test dbt_utils_accepted_range_int_weather_metrics_avg_humidity__100__0  [[33mSKIP[0m]
[0m02:58:09.523066 [info ] [Thread-4 (]: 67 of 206 SKIP test dbt_utils_accepted_range_int_weather_metrics_hourly_readings__1  [[33mSKIP[0m]
[0m02:58:09.527467 [info ] [Thread-2 (]: 68 of 206 SKIP test not_null_int_weather_metrics_avg_humidity .................. [[33mSKIP[0m]
[0m02:58:09.529125 [debug] [Thread-1 (]: Finished running node test.weather_analytics.accepted_values_int_weather_metrics_trend_direction__Rising__Falling__Stable.709b7c32a7
[0m02:58:09.531671 [debug] [Thread-7 (]: Marking all children of 'test.weather_analytics.not_null_int_weather_anomalies_created_at.7f9273b6ab' to be skipped because of status 'skipped'. 
[0m02:58:09.533049 [debug] [Thread-3 (]: Finished running node test.weather_analytics.dbt_utils_accepted_range_int_weather_metrics_avg_humidity__100__0.632b1d943c
[0m02:58:09.533049 [debug] [Thread-4 (]: Finished running node test.weather_analytics.dbt_utils_accepted_range_int_weather_metrics_hourly_readings__1.e4df346ae3
[0m02:58:09.536097 [debug] [Thread-2 (]: Finished running node test.weather_analytics.not_null_int_weather_metrics_avg_humidity.9ba8d43927
[0m02:58:09.540086 [debug] [Thread-1 (]: Began running node test.weather_analytics.not_null_int_weather_metrics_avg_temp.1cd1bc9327
[0m02:58:09.542537 [debug] [Thread-7 (]: Marking all children of 'test.weather_analytics.not_null_int_weather_anomalies_observation_time.fb2654a382' to be skipped because of status 'skipped'. 
[0m02:58:09.542537 [debug] [Thread-3 (]: Began running node test.weather_analytics.not_null_int_weather_metrics_avg_wind_speed.e73b3c20d7
[0m02:58:09.545757 [debug] [Thread-4 (]: Began running node test.weather_analytics.not_null_int_weather_metrics_city.8c19b31116
[0m02:58:09.548026 [debug] [Thread-2 (]: Began running node test.weather_analytics.not_null_int_weather_metrics_hourly_readings.c7ca8d0e1a
[0m02:58:09.548026 [info ] [Thread-1 (]: 69 of 206 SKIP test not_null_int_weather_metrics_avg_temp ...................... [[33mSKIP[0m]
[0m02:58:09.552914 [debug] [Thread-7 (]: Marking all children of 'test.weather_analytics.not_null_int_weather_anomalies_temperature_celsius.ce492328dc' to be skipped because of status 'skipped'. 
[0m02:58:09.553495 [info ] [Thread-3 (]: 70 of 206 SKIP test not_null_int_weather_metrics_avg_wind_speed ................ [[33mSKIP[0m]
[0m02:58:09.553495 [info ] [Thread-4 (]: 71 of 206 SKIP test not_null_int_weather_metrics_city .......................... [[33mSKIP[0m]
[0m02:58:09.553495 [info ] [Thread-2 (]: 72 of 206 SKIP test not_null_int_weather_metrics_hourly_readings ............... [[33mSKIP[0m]
[0m02:58:09.559531 [debug] [Thread-1 (]: Finished running node test.weather_analytics.not_null_int_weather_metrics_avg_temp.1cd1bc9327
[0m02:58:09.559531 [debug] [Thread-7 (]: Marking all children of 'test.weather_analytics.not_null_int_weather_correlation_city.cf51e18d7c' to be skipped because of status 'skipped'. 
[0m02:58:09.559531 [debug] [Thread-3 (]: Finished running node test.weather_analytics.not_null_int_weather_metrics_avg_wind_speed.e73b3c20d7
[0m02:58:09.559531 [debug] [Thread-4 (]: Finished running node test.weather_analytics.not_null_int_weather_metrics_city.8c19b31116
[0m02:58:09.559531 [debug] [Thread-2 (]: Finished running node test.weather_analytics.not_null_int_weather_metrics_hourly_readings.c7ca8d0e1a
[0m02:58:09.570462 [debug] [Thread-1 (]: Began running node test.weather_analytics.not_null_int_weather_metrics_last_updated.786c2615b2
[0m02:58:09.572073 [debug] [Thread-7 (]: Marking all children of 'test.weather_analytics.not_null_int_weather_correlation_created_at.c12a51bdd2' to be skipped because of status 'skipped'. 
[0m02:58:09.573673 [debug] [Thread-3 (]: Began running node test.weather_analytics.not_null_int_weather_metrics_max_temp.e2cf5156f7
[0m02:58:09.576827 [debug] [Thread-4 (]: Began running node test.weather_analytics.not_null_int_weather_metrics_min_temp.72bd4c286d
[0m02:58:09.578430 [debug] [Thread-2 (]: Began running node test.weather_analytics.not_null_int_weather_metrics_most_common_weather.c8608af3ff
[0m02:58:09.581267 [info ] [Thread-1 (]: 73 of 206 SKIP test not_null_int_weather_metrics_last_updated .................. [[33mSKIP[0m]
[0m02:58:09.583278 [debug] [Thread-7 (]: Marking all children of 'test.weather_analytics.not_null_int_weather_correlation_observation_time.09534663ad' to be skipped because of status 'skipped'. 
[0m02:58:09.585420 [info ] [Thread-3 (]: 74 of 206 SKIP test not_null_int_weather_metrics_max_temp ...................... [[33mSKIP[0m]
[0m02:58:09.585420 [info ] [Thread-4 (]: 75 of 206 SKIP test not_null_int_weather_metrics_min_temp ...................... [[33mSKIP[0m]
[0m02:58:09.589735 [info ] [Thread-2 (]: 76 of 206 SKIP test not_null_int_weather_metrics_most_common_weather ........... [[33mSKIP[0m]
[0m02:58:09.591303 [debug] [Thread-1 (]: Finished running node test.weather_analytics.not_null_int_weather_metrics_last_updated.786c2615b2
[0m02:58:09.594389 [debug] [Thread-7 (]: Marking all children of 'test.weather_analytics.not_null_int_weather_forecast_city.0fa0fd4844' to be skipped because of status 'skipped'. 
[0m02:58:09.594389 [debug] [Thread-3 (]: Finished running node test.weather_analytics.not_null_int_weather_metrics_max_temp.e2cf5156f7
[0m02:58:09.594389 [debug] [Thread-4 (]: Finished running node test.weather_analytics.not_null_int_weather_metrics_min_temp.72bd4c286d
[0m02:58:09.598256 [debug] [Thread-2 (]: Finished running node test.weather_analytics.not_null_int_weather_metrics_most_common_weather.c8608af3ff
[0m02:58:09.601306 [debug] [Thread-1 (]: Began running node test.weather_analytics.not_null_int_weather_metrics_observation_date.085b47e3d8
[0m02:58:09.602955 [debug] [Thread-7 (]: Marking all children of 'test.weather_analytics.not_null_int_weather_forecast_created_at.e455c86573' to be skipped because of status 'skipped'. 
[0m02:58:09.602955 [debug] [Thread-3 (]: Began running node test.weather_analytics.not_null_int_weather_metrics_rolling_24h_avg_temp.def0ff58eb
[0m02:58:09.606484 [debug] [Thread-4 (]: Began running node test.weather_analytics.not_null_int_weather_metrics_rolling_7d_avg_temp.7977c52111
[0m02:58:09.606484 [debug] [Thread-2 (]: Began running node test.weather_analytics.not_null_int_weather_metrics_temperature_category.4784ba6a79
[0m02:58:09.609792 [info ] [Thread-1 (]: 77 of 206 SKIP test not_null_int_weather_metrics_observation_date .............. [[33mSKIP[0m]
[0m02:58:09.611975 [debug] [Thread-7 (]: Marking all children of 'test.weather_analytics.not_null_int_weather_forecast_observation_time.4ad02c3f72' to be skipped because of status 'skipped'. 
[0m02:58:09.613291 [info ] [Thread-3 (]: 78 of 206 SKIP test not_null_int_weather_metrics_rolling_24h_avg_temp .......... [[33mSKIP[0m]
[0m02:58:09.616396 [info ] [Thread-4 (]: 79 of 206 SKIP test not_null_int_weather_metrics_rolling_7d_avg_temp ........... [[33mSKIP[0m]
[0m02:58:09.616396 [info ] [Thread-2 (]: 80 of 206 SKIP test not_null_int_weather_metrics_temperature_category .......... [[33mSKIP[0m]
[0m02:58:09.620430 [debug] [Thread-1 (]: Finished running node test.weather_analytics.not_null_int_weather_metrics_observation_date.085b47e3d8
[0m02:58:09.621992 [debug] [Thread-7 (]: Marking all children of 'test.weather_analytics.not_null_int_weather_forecast_temperature_celsius.883edabdbe' to be skipped because of status 'skipped'. 
[0m02:58:09.624154 [debug] [Thread-3 (]: Finished running node test.weather_analytics.not_null_int_weather_metrics_rolling_24h_avg_temp.def0ff58eb
[0m02:58:09.624154 [debug] [Thread-4 (]: Finished running node test.weather_analytics.not_null_int_weather_metrics_rolling_7d_avg_temp.7977c52111
[0m02:58:09.628995 [debug] [Thread-2 (]: Finished running node test.weather_analytics.not_null_int_weather_metrics_temperature_category.4784ba6a79
[0m02:58:09.631261 [debug] [Thread-1 (]: Began running node test.weather_analytics.not_null_int_weather_metrics_trend_direction.5ae3b9f279
[0m02:58:09.631800 [debug] [Thread-7 (]: Marking all children of 'test.weather_analytics.accepted_values_int_weather_metrics_temperature_category__Freezing__Cold__Mild__Warm__Hot.522a999279' to be skipped because of status 'skipped'. 
[0m02:58:09.636294 [debug] [Thread-3 (]: Began running node test.weather_analytics.not_null_int_weather_station_metrics_city.cbeef6331b
[0m02:58:09.637982 [debug] [Thread-4 (]: Began running node test.weather_analytics.not_null_int_weather_station_metrics_created_at.f9ed0216de
[0m02:58:09.637982 [debug] [Thread-2 (]: Began running node test.weather_analytics.not_null_int_weather_station_metrics_observation_time.126bea1518
[0m02:58:09.642157 [info ] [Thread-1 (]: 81 of 206 SKIP test not_null_int_weather_metrics_trend_direction ............... [[33mSKIP[0m]
[0m02:58:09.643934 [debug] [Thread-7 (]: Marking all children of 'test.weather_analytics.accepted_values_int_weather_metrics_trend_direction__Rising__Falling__Stable.709b7c32a7' to be skipped because of status 'skipped'. 
[0m02:58:09.643934 [info ] [Thread-3 (]: 82 of 206 SKIP test not_null_int_weather_station_metrics_city .................. [[33mSKIP[0m]
[0m02:58:09.647888 [info ] [Thread-4 (]: 83 of 206 SKIP test not_null_int_weather_station_metrics_created_at ............ [[33mSKIP[0m]
[0m02:58:09.650737 [info ] [Thread-2 (]: 84 of 206 SKIP test not_null_int_weather_station_metrics_observation_time ...... [[33mSKIP[0m]
[0m02:58:09.650737 [debug] [Thread-1 (]: Finished running node test.weather_analytics.not_null_int_weather_metrics_trend_direction.5ae3b9f279
[0m02:58:09.655004 [debug] [Thread-7 (]: Marking all children of 'test.weather_analytics.dbt_utils_accepted_range_int_weather_metrics_avg_humidity__100__0.632b1d943c' to be skipped because of status 'skipped'. 
[0m02:58:09.656059 [debug] [Thread-3 (]: Finished running node test.weather_analytics.not_null_int_weather_station_metrics_city.cbeef6331b
[0m02:58:09.658141 [debug] [Thread-4 (]: Finished running node test.weather_analytics.not_null_int_weather_station_metrics_created_at.f9ed0216de
[0m02:58:09.660912 [debug] [Thread-2 (]: Finished running node test.weather_analytics.not_null_int_weather_station_metrics_observation_time.126bea1518
[0m02:58:09.660912 [debug] [Thread-1 (]: Began running node test.weather_analytics.accepted_values_mart_weather_forecast_accuracy_is_accurate__True__False.66e522fb47
[0m02:58:09.665662 [debug] [Thread-7 (]: Marking all children of 'test.weather_analytics.dbt_utils_accepted_range_int_weather_metrics_hourly_readings__1.e4df346ae3' to be skipped because of status 'skipped'. 
[0m02:58:09.665662 [debug] [Thread-3 (]: Began running node test.weather_analytics.dbt_utils_accepted_range_mart_weather_forecast_accuracy_accuracy_score__100__0.e3b2ad2b53
[0m02:58:09.665662 [debug] [Thread-4 (]: Began running node test.weather_analytics.not_null_mart_weather_forecast_accuracy_absolute_error.bffb98b021
[0m02:58:09.671363 [debug] [Thread-2 (]: Began running node test.weather_analytics.not_null_mart_weather_forecast_accuracy_accuracy_score.bb1ffd2706
[0m02:58:09.673851 [info ] [Thread-1 (]: 85 of 206 SKIP test accepted_values_mart_weather_forecast_accuracy_is_accurate__True__False  [[33mSKIP[0m]
[0m02:58:09.673851 [debug] [Thread-7 (]: Marking all children of 'test.weather_analytics.not_null_int_weather_metrics_avg_humidity.9ba8d43927' to be skipped because of status 'skipped'. 
[0m02:58:09.677916 [info ] [Thread-3 (]: 86 of 206 SKIP test dbt_utils_accepted_range_mart_weather_forecast_accuracy_accuracy_score__100__0  [[33mSKIP[0m]
[0m02:58:09.678556 [info ] [Thread-4 (]: 87 of 206 SKIP test not_null_mart_weather_forecast_accuracy_absolute_error ..... [[33mSKIP[0m]
[0m02:58:09.682678 [info ] [Thread-2 (]: 88 of 206 SKIP test not_null_mart_weather_forecast_accuracy_accuracy_score ..... [[33mSKIP[0m]
[0m02:58:09.683702 [debug] [Thread-1 (]: Finished running node test.weather_analytics.accepted_values_mart_weather_forecast_accuracy_is_accurate__True__False.66e522fb47
[0m02:58:09.686245 [debug] [Thread-7 (]: Marking all children of 'test.weather_analytics.not_null_int_weather_metrics_avg_temp.1cd1bc9327' to be skipped because of status 'skipped'. 
[0m02:58:09.686245 [debug] [Thread-3 (]: Finished running node test.weather_analytics.dbt_utils_accepted_range_mart_weather_forecast_accuracy_accuracy_score__100__0.e3b2ad2b53
[0m02:58:09.692563 [debug] [Thread-4 (]: Finished running node test.weather_analytics.not_null_mart_weather_forecast_accuracy_absolute_error.bffb98b021
[0m02:58:09.694593 [debug] [Thread-2 (]: Finished running node test.weather_analytics.not_null_mart_weather_forecast_accuracy_accuracy_score.bb1ffd2706
[0m02:58:09.695623 [debug] [Thread-1 (]: Began running node test.weather_analytics.not_null_mart_weather_forecast_accuracy_actual_temp.0cc7d2c518
[0m02:58:09.700187 [debug] [Thread-7 (]: Marking all children of 'test.weather_analytics.not_null_int_weather_metrics_avg_wind_speed.e73b3c20d7' to be skipped because of status 'skipped'. 
[0m02:58:09.702201 [debug] [Thread-3 (]: Began running node test.weather_analytics.not_null_mart_weather_forecast_accuracy_city.278a0776ae
[0m02:58:09.704213 [debug] [Thread-4 (]: Began running node test.weather_analytics.not_null_mart_weather_forecast_accuracy_forecast_date.a058122a9d
[0m02:58:09.709907 [debug] [Thread-2 (]: Began running node test.weather_analytics.not_null_mart_weather_forecast_accuracy_forecast_horizon_hours.890b2dfd65
[0m02:58:09.712451 [info ] [Thread-1 (]: 89 of 206 SKIP test not_null_mart_weather_forecast_accuracy_actual_temp ........ [[33mSKIP[0m]
[0m02:58:09.715816 [debug] [Thread-7 (]: Marking all children of 'test.weather_analytics.not_null_int_weather_metrics_city.8c19b31116' to be skipped because of status 'skipped'. 
[0m02:58:09.719096 [info ] [Thread-3 (]: 90 of 206 SKIP test not_null_mart_weather_forecast_accuracy_city ............... [[33mSKIP[0m]
[0m02:58:09.722728 [info ] [Thread-4 (]: 91 of 206 SKIP test not_null_mart_weather_forecast_accuracy_forecast_date ...... [[33mSKIP[0m]
[0m02:58:09.724233 [info ] [Thread-2 (]: 92 of 206 SKIP test not_null_mart_weather_forecast_accuracy_forecast_horizon_hours  [[33mSKIP[0m]
[0m02:58:09.726931 [debug] [Thread-1 (]: Finished running node test.weather_analytics.not_null_mart_weather_forecast_accuracy_actual_temp.0cc7d2c518
[0m02:58:09.729435 [debug] [Thread-7 (]: Marking all children of 'test.weather_analytics.not_null_int_weather_metrics_hourly_readings.c7ca8d0e1a' to be skipped because of status 'skipped'. 
[0m02:58:09.730336 [debug] [Thread-3 (]: Finished running node test.weather_analytics.not_null_mart_weather_forecast_accuracy_city.278a0776ae
[0m02:58:09.733891 [debug] [Thread-4 (]: Finished running node test.weather_analytics.not_null_mart_weather_forecast_accuracy_forecast_date.a058122a9d
[0m02:58:09.734979 [debug] [Thread-2 (]: Finished running node test.weather_analytics.not_null_mart_weather_forecast_accuracy_forecast_horizon_hours.890b2dfd65
[0m02:58:09.738540 [debug] [Thread-1 (]: Began running node test.weather_analytics.not_null_mart_weather_forecast_accuracy_last_updated.a897b4eb60
[0m02:58:09.740326 [debug] [Thread-7 (]: Marking all children of 'test.weather_analytics.not_null_int_weather_metrics_last_updated.786c2615b2' to be skipped because of status 'skipped'. 
[0m02:58:09.744129 [debug] [Thread-3 (]: Began running node test.weather_analytics.not_null_mart_weather_forecast_accuracy_percentage_error.b71c837112
[0m02:58:09.744804 [debug] [Thread-4 (]: Began running node test.weather_analytics.not_null_mart_weather_forecast_accuracy_predicted_temp.a2af43c73e
[0m02:58:09.748524 [debug] [Thread-2 (]: Began running node test.weather_analytics.accepted_values_mart_weather_quality_quality_status__Excellent__Good__Fair__Poor__Critical.bd0fdfc5b6
[0m02:58:09.748524 [info ] [Thread-1 (]: 93 of 206 SKIP test not_null_mart_weather_forecast_accuracy_last_updated ....... [[33mSKIP[0m]
[0m02:58:09.753671 [debug] [Thread-7 (]: Marking all children of 'test.weather_analytics.not_null_int_weather_metrics_max_temp.e2cf5156f7' to be skipped because of status 'skipped'. 
[0m02:58:09.755639 [info ] [Thread-3 (]: 94 of 206 SKIP test not_null_mart_weather_forecast_accuracy_percentage_error ... [[33mSKIP[0m]
[0m02:58:09.755639 [info ] [Thread-4 (]: 95 of 206 SKIP test not_null_mart_weather_forecast_accuracy_predicted_temp ..... [[33mSKIP[0m]
[0m02:58:09.759579 [info ] [Thread-2 (]: 96 of 206 SKIP test accepted_values_mart_weather_quality_quality_status__Excellent__Good__Fair__Poor__Critical  [[33mSKIP[0m]
[0m02:58:09.761621 [debug] [Thread-1 (]: Finished running node test.weather_analytics.not_null_mart_weather_forecast_accuracy_last_updated.a897b4eb60
[0m02:58:09.764933 [debug] [Thread-7 (]: Marking all children of 'test.weather_analytics.not_null_int_weather_metrics_min_temp.72bd4c286d' to be skipped because of status 'skipped'. 
[0m02:58:09.765372 [debug] [Thread-3 (]: Finished running node test.weather_analytics.not_null_mart_weather_forecast_accuracy_percentage_error.b71c837112
[0m02:58:09.769051 [debug] [Thread-4 (]: Finished running node test.weather_analytics.not_null_mart_weather_forecast_accuracy_predicted_temp.a2af43c73e
[0m02:58:09.771184 [debug] [Thread-2 (]: Finished running node test.weather_analytics.accepted_values_mart_weather_quality_quality_status__Excellent__Good__Fair__Poor__Critical.bd0fdfc5b6
[0m02:58:09.772245 [debug] [Thread-1 (]: Began running node test.weather_analytics.dbt_utils_accepted_range_mart_weather_quality_data_completeness__100__0.c21cd926ab
[0m02:58:09.775488 [debug] [Thread-7 (]: Marking all children of 'test.weather_analytics.not_null_int_weather_metrics_most_common_weather.c8608af3ff' to be skipped because of status 'skipped'. 
[0m02:58:09.778227 [debug] [Thread-3 (]: Began running node test.weather_analytics.dbt_utils_accepted_range_mart_weather_quality_quality_score__100__0.4f8358884c
[0m02:58:09.778803 [debug] [Thread-4 (]: Began running node test.weather_analytics.not_null_mart_weather_quality_city.9d8ac65503
[0m02:58:09.782372 [debug] [Thread-2 (]: Began running node test.weather_analytics.not_null_mart_weather_quality_data_completeness.abab0e33b4
[0m02:58:09.783040 [info ] [Thread-1 (]: 97 of 206 SKIP test dbt_utils_accepted_range_mart_weather_quality_data_completeness__100__0  [[33mSKIP[0m]
[0m02:58:09.785962 [debug] [Thread-7 (]: Marking all children of 'test.weather_analytics.not_null_int_weather_metrics_observation_date.085b47e3d8' to be skipped because of status 'skipped'. 
[0m02:58:09.787973 [info ] [Thread-3 (]: 98 of 206 SKIP test dbt_utils_accepted_range_mart_weather_quality_quality_score__100__0  [[33mSKIP[0m]
[0m02:58:09.791330 [info ] [Thread-4 (]: 99 of 206 SKIP test not_null_mart_weather_quality_city ......................... [[33mSKIP[0m]
[0m02:58:09.791330 [info ] [Thread-2 (]: 100 of 206 SKIP test not_null_mart_weather_quality_data_completeness ........... [[33mSKIP[0m]
[0m02:58:09.793710 [debug] [Thread-1 (]: Finished running node test.weather_analytics.dbt_utils_accepted_range_mart_weather_quality_data_completeness__100__0.c21cd926ab
[0m02:58:09.797472 [debug] [Thread-7 (]: Marking all children of 'test.weather_analytics.not_null_int_weather_metrics_rolling_24h_avg_temp.def0ff58eb' to be skipped because of status 'skipped'. 
[0m02:58:09.799064 [debug] [Thread-3 (]: Finished running node test.weather_analytics.dbt_utils_accepted_range_mart_weather_quality_quality_score__100__0.4f8358884c
[0m02:58:09.799064 [debug] [Thread-4 (]: Finished running node test.weather_analytics.not_null_mart_weather_quality_city.9d8ac65503
[0m02:58:09.803052 [debug] [Thread-2 (]: Finished running node test.weather_analytics.not_null_mart_weather_quality_data_completeness.abab0e33b4
[0m02:58:09.803052 [debug] [Thread-1 (]: Began running node test.weather_analytics.not_null_mart_weather_quality_date.86d7ff5638
[0m02:58:09.803052 [debug] [Thread-7 (]: Marking all children of 'test.weather_analytics.not_null_int_weather_metrics_rolling_7d_avg_temp.7977c52111' to be skipped because of status 'skipped'. 
[0m02:58:09.809480 [debug] [Thread-3 (]: Began running node test.weather_analytics.not_null_mart_weather_quality_freshness_hours.6f76563f40
[0m02:58:09.811164 [debug] [Thread-4 (]: Began running node test.weather_analytics.not_null_mart_weather_quality_invalid_readings.eaf8e208fa
[0m02:58:09.811164 [debug] [Thread-2 (]: Began running node test.weather_analytics.not_null_mart_weather_quality_issues_detected.c789fc3e8c
[0m02:58:09.815870 [info ] [Thread-1 (]: 101 of 206 SKIP test not_null_mart_weather_quality_date ........................ [[33mSKIP[0m]
[0m02:58:09.818718 [debug] [Thread-7 (]: Marking all children of 'test.weather_analytics.not_null_int_weather_metrics_temperature_category.4784ba6a79' to be skipped because of status 'skipped'. 
[0m02:58:09.818718 [info ] [Thread-3 (]: 102 of 206 SKIP test not_null_mart_weather_quality_freshness_hours ............. [[33mSKIP[0m]
[0m02:58:09.818718 [info ] [Thread-4 (]: 103 of 206 SKIP test not_null_mart_weather_quality_invalid_readings ............ [[33mSKIP[0m]
[0m02:58:09.823342 [info ] [Thread-2 (]: 104 of 206 SKIP test not_null_mart_weather_quality_issues_detected ............. [[33mSKIP[0m]
[0m02:58:09.827232 [debug] [Thread-1 (]: Finished running node test.weather_analytics.not_null_mart_weather_quality_date.86d7ff5638
[0m02:58:09.829586 [debug] [Thread-7 (]: Marking all children of 'test.weather_analytics.not_null_int_weather_metrics_trend_direction.5ae3b9f279' to be skipped because of status 'skipped'. 
[0m02:58:09.832421 [debug] [Thread-3 (]: Finished running node test.weather_analytics.not_null_mart_weather_quality_freshness_hours.6f76563f40
[0m02:58:09.834156 [debug] [Thread-4 (]: Finished running node test.weather_analytics.not_null_mart_weather_quality_invalid_readings.eaf8e208fa
[0m02:58:09.835372 [debug] [Thread-2 (]: Finished running node test.weather_analytics.not_null_mart_weather_quality_issues_detected.c789fc3e8c
[0m02:58:09.838641 [debug] [Thread-1 (]: Began running node test.weather_analytics.not_null_mart_weather_quality_last_checked.1aeeff3f66
[0m02:58:09.838641 [debug] [Thread-7 (]: Marking all children of 'test.weather_analytics.not_null_int_weather_station_metrics_city.cbeef6331b' to be skipped because of status 'skipped'. 
[0m02:58:09.838641 [debug] [Thread-3 (]: Began running node test.weather_analytics.not_null_mart_weather_quality_quality_score.845f1bb76f
[0m02:58:09.844594 [debug] [Thread-4 (]: Began running node test.weather_analytics.not_null_mart_weather_quality_quality_status.de5865e839
[0m02:58:09.846927 [debug] [Thread-2 (]: Began running node test.weather_analytics.not_null_mart_weather_quality_total_readings.273df4e912
[0m02:58:09.849478 [info ] [Thread-1 (]: 105 of 206 SKIP test not_null_mart_weather_quality_last_checked ................ [[33mSKIP[0m]
[0m02:58:09.851177 [debug] [Thread-7 (]: Marking all children of 'test.weather_analytics.not_null_int_weather_station_metrics_created_at.f9ed0216de' to be skipped because of status 'skipped'. 
[0m02:58:09.854060 [info ] [Thread-3 (]: 106 of 206 SKIP test not_null_mart_weather_quality_quality_score ............... [[33mSKIP[0m]
[0m02:58:09.854060 [info ] [Thread-4 (]: 107 of 206 SKIP test not_null_mart_weather_quality_quality_status .............. [[33mSKIP[0m]
[0m02:58:09.854060 [info ] [Thread-2 (]: 108 of 206 SKIP test not_null_mart_weather_quality_total_readings .............. [[33mSKIP[0m]
[0m02:58:09.854060 [debug] [Thread-1 (]: Finished running node test.weather_analytics.not_null_mart_weather_quality_last_checked.1aeeff3f66
[0m02:58:09.862187 [debug] [Thread-7 (]: Marking all children of 'test.weather_analytics.not_null_int_weather_station_metrics_observation_time.126bea1518' to be skipped because of status 'skipped'. 
[0m02:58:09.864894 [debug] [Thread-3 (]: Finished running node test.weather_analytics.not_null_mart_weather_quality_quality_score.845f1bb76f
[0m02:58:09.867073 [debug] [Thread-4 (]: Finished running node test.weather_analytics.not_null_mart_weather_quality_quality_status.de5865e839
[0m02:58:09.870327 [debug] [Thread-2 (]: Finished running node test.weather_analytics.not_null_mart_weather_quality_total_readings.273df4e912
[0m02:58:09.871956 [debug] [Thread-1 (]: Began running node test.weather_analytics.not_null_mart_weather_quality_valid_readings.76cb994031
[0m02:58:09.871956 [debug] [Thread-7 (]: Marking all children of 'test.weather_analytics.accepted_values_mart_weather_forecast_accuracy_is_accurate__True__False.66e522fb47' to be skipped because of status 'skipped'. 
[0m02:58:09.875730 [debug] [Thread-3 (]: Began running node test.weather_analytics.accepted_values_weather_daily_summary_is_complete_day__True__False.bdea3c6be0
[0m02:58:09.877743 [debug] [Thread-4 (]: Began running node test.weather_analytics.accepted_values_weather_daily_summary_temp_category__Freezing__Cold__Mild__Warm__Hot.db2f283e8d
[0m02:58:09.879767 [debug] [Thread-2 (]: Began running node test.weather_analytics.dbt_utils_accepted_range_weather_daily_summary_avg_humidity__100__0.38fc3a52bf
[0m02:58:09.882713 [info ] [Thread-1 (]: 109 of 206 SKIP test not_null_mart_weather_quality_valid_readings .............. [[33mSKIP[0m]
[0m02:58:09.882713 [debug] [Thread-7 (]: Marking all children of 'test.weather_analytics.dbt_utils_accepted_range_mart_weather_forecast_accuracy_accuracy_score__100__0.e3b2ad2b53' to be skipped because of status 'skipped'. 
[0m02:58:09.885922 [info ] [Thread-3 (]: 110 of 206 SKIP test accepted_values_weather_daily_summary_is_complete_day__True__False  [[33mSKIP[0m]
[0m02:58:09.888122 [info ] [Thread-4 (]: 111 of 206 SKIP test accepted_values_weather_daily_summary_temp_category__Freezing__Cold__Mild__Warm__Hot  [[33mSKIP[0m]
[0m02:58:09.891479 [info ] [Thread-2 (]: 112 of 206 SKIP test dbt_utils_accepted_range_weather_daily_summary_avg_humidity__100__0  [[33mSKIP[0m]
[0m02:58:09.893739 [debug] [Thread-1 (]: Finished running node test.weather_analytics.not_null_mart_weather_quality_valid_readings.76cb994031
[0m02:58:09.896627 [debug] [Thread-7 (]: Marking all children of 'test.weather_analytics.not_null_mart_weather_forecast_accuracy_absolute_error.bffb98b021' to be skipped because of status 'skipped'. 
[0m02:58:09.899713 [debug] [Thread-3 (]: Finished running node test.weather_analytics.accepted_values_weather_daily_summary_is_complete_day__True__False.bdea3c6be0
[0m02:58:09.906370 [debug] [Thread-4 (]: Finished running node test.weather_analytics.accepted_values_weather_daily_summary_temp_category__Freezing__Cold__Mild__Warm__Hot.db2f283e8d
[0m02:58:09.908910 [debug] [Thread-2 (]: Finished running node test.weather_analytics.dbt_utils_accepted_range_weather_daily_summary_avg_humidity__100__0.38fc3a52bf
[0m02:58:09.909437 [debug] [Thread-1 (]: Began running node test.weather_analytics.dbt_utils_accepted_range_weather_daily_summary_avg_temperature__60___50.1ffa20a792
[0m02:58:09.912168 [debug] [Thread-7 (]: Marking all children of 'test.weather_analytics.not_null_mart_weather_forecast_accuracy_accuracy_score.bb1ffd2706' to be skipped because of status 'skipped'. 
[0m02:58:09.913544 [debug] [Thread-3 (]: Began running node test.weather_analytics.dbt_utils_accepted_range_weather_daily_summary_avg_wind_speed__150__0.cf3e0c4e2d
[0m02:58:09.916312 [debug] [Thread-4 (]: Began running node test.weather_analytics.dbt_utils_accepted_range_weather_daily_summary_max_temperature__60___50.a0bf2f4843
[0m02:58:09.916312 [debug] [Thread-2 (]: Began running node test.weather_analytics.dbt_utils_accepted_range_weather_daily_summary_min_temperature__60___50.7aa64a396c
[0m02:58:09.920948 [info ] [Thread-1 (]: 113 of 206 SKIP test dbt_utils_accepted_range_weather_daily_summary_avg_temperature__60___50  [[33mSKIP[0m]
[0m02:58:09.922053 [debug] [Thread-7 (]: Marking all children of 'test.weather_analytics.not_null_mart_weather_forecast_accuracy_actual_temp.0cc7d2c518' to be skipped because of status 'skipped'. 
[0m02:58:09.922053 [info ] [Thread-3 (]: 114 of 206 SKIP test dbt_utils_accepted_range_weather_daily_summary_avg_wind_speed__150__0  [[33mSKIP[0m]
[0m02:58:09.922053 [info ] [Thread-4 (]: 115 of 206 SKIP test dbt_utils_accepted_range_weather_daily_summary_max_temperature__60___50  [[33mSKIP[0m]
[0m02:58:09.929077 [info ] [Thread-2 (]: 116 of 206 SKIP test dbt_utils_accepted_range_weather_daily_summary_min_temperature__60___50  [[33mSKIP[0m]
[0m02:58:09.929704 [debug] [Thread-1 (]: Finished running node test.weather_analytics.dbt_utils_accepted_range_weather_daily_summary_avg_temperature__60___50.1ffa20a792
[0m02:58:09.932693 [debug] [Thread-7 (]: Marking all children of 'test.weather_analytics.not_null_mart_weather_forecast_accuracy_city.278a0776ae' to be skipped because of status 'skipped'. 
[0m02:58:09.935186 [debug] [Thread-3 (]: Finished running node test.weather_analytics.dbt_utils_accepted_range_weather_daily_summary_avg_wind_speed__150__0.cf3e0c4e2d
[0m02:58:09.937356 [debug] [Thread-4 (]: Finished running node test.weather_analytics.dbt_utils_accepted_range_weather_daily_summary_max_temperature__60___50.a0bf2f4843
[0m02:58:09.937356 [debug] [Thread-2 (]: Finished running node test.weather_analytics.dbt_utils_accepted_range_weather_daily_summary_min_temperature__60___50.7aa64a396c
[0m02:58:09.941489 [debug] [Thread-1 (]: Began running node test.weather_analytics.dbt_utils_accepted_range_weather_daily_summary_record_count__0.554f51a2d8
[0m02:58:09.943326 [debug] [Thread-7 (]: Marking all children of 'test.weather_analytics.not_null_mart_weather_forecast_accuracy_forecast_date.a058122a9d' to be skipped because of status 'skipped'. 
[0m02:58:09.944972 [debug] [Thread-3 (]: Began running node test.weather_analytics.not_null_weather_daily_summary_avg_humidity.e6803b750a
[0m02:58:09.948208 [debug] [Thread-4 (]: Began running node test.weather_analytics.not_null_weather_daily_summary_avg_temperature.7c6ef854cb
[0m02:58:09.952604 [debug] [Thread-2 (]: Began running node test.weather_analytics.not_null_weather_daily_summary_avg_wind_speed.ee1054f872
[0m02:58:09.955307 [info ] [Thread-1 (]: 117 of 206 SKIP test dbt_utils_accepted_range_weather_daily_summary_record_count__0  [[33mSKIP[0m]
[0m02:58:09.955307 [debug] [Thread-7 (]: Marking all children of 'test.weather_analytics.not_null_mart_weather_forecast_accuracy_forecast_horizon_hours.890b2dfd65' to be skipped because of status 'skipped'. 
[0m02:58:09.958592 [info ] [Thread-3 (]: 118 of 206 SKIP test not_null_weather_daily_summary_avg_humidity ............... [[33mSKIP[0m]
[0m02:58:09.958592 [info ] [Thread-4 (]: 119 of 206 SKIP test not_null_weather_daily_summary_avg_temperature ............ [[33mSKIP[0m]
[0m02:58:09.962463 [info ] [Thread-2 (]: 120 of 206 SKIP test not_null_weather_daily_summary_avg_wind_speed ............. [[33mSKIP[0m]
[0m02:58:09.963859 [debug] [Thread-1 (]: Finished running node test.weather_analytics.dbt_utils_accepted_range_weather_daily_summary_record_count__0.554f51a2d8
[0m02:58:09.966740 [debug] [Thread-7 (]: Marking all children of 'test.weather_analytics.not_null_mart_weather_forecast_accuracy_last_updated.a897b4eb60' to be skipped because of status 'skipped'. 
[0m02:58:09.966740 [debug] [Thread-3 (]: Finished running node test.weather_analytics.not_null_weather_daily_summary_avg_humidity.e6803b750a
[0m02:58:09.966740 [debug] [Thread-4 (]: Finished running node test.weather_analytics.not_null_weather_daily_summary_avg_temperature.7c6ef854cb
[0m02:58:09.971593 [debug] [Thread-2 (]: Finished running node test.weather_analytics.not_null_weather_daily_summary_avg_wind_speed.ee1054f872
[0m02:58:09.973506 [debug] [Thread-1 (]: Began running node test.weather_analytics.not_null_weather_daily_summary_city.eacf2ae591
[0m02:58:09.975045 [debug] [Thread-7 (]: Marking all children of 'test.weather_analytics.not_null_mart_weather_forecast_accuracy_percentage_error.b71c837112' to be skipped because of status 'skipped'. 
[0m02:58:09.977012 [debug] [Thread-3 (]: Began running node test.weather_analytics.not_null_weather_daily_summary_last_updated.2c5371372a
[0m02:58:09.979027 [debug] [Thread-4 (]: Began running node test.weather_analytics.not_null_weather_daily_summary_max_temperature.bae230c055
[0m02:58:09.979027 [debug] [Thread-2 (]: Began running node test.weather_analytics.not_null_weather_daily_summary_min_temperature.fd4452188a
[0m02:58:09.981987 [info ] [Thread-1 (]: 121 of 206 SKIP test not_null_weather_daily_summary_city ....................... [[33mSKIP[0m]
[0m02:58:09.984544 [debug] [Thread-7 (]: Marking all children of 'test.weather_analytics.not_null_mart_weather_forecast_accuracy_predicted_temp.a2af43c73e' to be skipped because of status 'skipped'. 
[0m02:58:09.984544 [info ] [Thread-3 (]: 122 of 206 SKIP test not_null_weather_daily_summary_last_updated ............... [[33mSKIP[0m]
[0m02:58:09.984544 [info ] [Thread-4 (]: 123 of 206 SKIP test not_null_weather_daily_summary_max_temperature ............ [[33mSKIP[0m]
[0m02:58:09.989956 [info ] [Thread-2 (]: 124 of 206 SKIP test not_null_weather_daily_summary_min_temperature ............ [[33mSKIP[0m]
[0m02:58:09.991487 [debug] [Thread-1 (]: Finished running node test.weather_analytics.not_null_weather_daily_summary_city.eacf2ae591
[0m02:58:09.993112 [debug] [Thread-7 (]: Marking all children of 'test.weather_analytics.accepted_values_mart_weather_quality_quality_status__Excellent__Good__Fair__Poor__Critical.bd0fdfc5b6' to be skipped because of status 'skipped'. 
[0m02:58:09.995906 [debug] [Thread-3 (]: Finished running node test.weather_analytics.not_null_weather_daily_summary_last_updated.2c5371372a
[0m02:58:09.995906 [debug] [Thread-4 (]: Finished running node test.weather_analytics.not_null_weather_daily_summary_max_temperature.bae230c055
[0m02:58:09.999097 [debug] [Thread-2 (]: Finished running node test.weather_analytics.not_null_weather_daily_summary_min_temperature.fd4452188a
[0m02:58:09.999097 [debug] [Thread-1 (]: Began running node test.weather_analytics.not_null_weather_daily_summary_most_common_weather.a78b1fa072
[0m02:58:10.003847 [debug] [Thread-7 (]: Marking all children of 'test.weather_analytics.dbt_utils_accepted_range_mart_weather_quality_data_completeness__100__0.c21cd926ab' to be skipped because of status 'skipped'. 
[0m02:58:10.005514 [debug] [Thread-3 (]: Began running node test.weather_analytics.not_null_weather_daily_summary_observation_date.d6018c9669
[0m02:58:10.005514 [debug] [Thread-4 (]: Began running node test.weather_analytics.not_null_weather_daily_summary_record_count.43f79450ff
[0m02:58:10.005514 [debug] [Thread-2 (]: Began running node test.weather_analytics.not_null_weather_daily_summary_temp_category.849f7e70c3
[0m02:58:10.012000 [info ] [Thread-1 (]: 125 of 206 SKIP test not_null_weather_daily_summary_most_common_weather ........ [[33mSKIP[0m]
[0m02:58:10.012970 [debug] [Thread-7 (]: Marking all children of 'test.weather_analytics.dbt_utils_accepted_range_mart_weather_quality_quality_score__100__0.4f8358884c' to be skipped because of status 'skipped'. 
[0m02:58:10.012970 [info ] [Thread-3 (]: 126 of 206 SKIP test not_null_weather_daily_summary_observation_date ........... [[33mSKIP[0m]
[0m02:58:10.018348 [info ] [Thread-4 (]: 127 of 206 SKIP test not_null_weather_daily_summary_record_count ............... [[33mSKIP[0m]
[0m02:58:10.018348 [info ] [Thread-2 (]: 128 of 206 SKIP test not_null_weather_daily_summary_temp_category .............. [[33mSKIP[0m]
[0m02:58:10.021861 [debug] [Thread-1 (]: Finished running node test.weather_analytics.not_null_weather_daily_summary_most_common_weather.a78b1fa072
[0m02:58:10.021861 [debug] [Thread-7 (]: Marking all children of 'test.weather_analytics.not_null_mart_weather_quality_city.9d8ac65503' to be skipped because of status 'skipped'. 
[0m02:58:10.025938 [debug] [Thread-3 (]: Finished running node test.weather_analytics.not_null_weather_daily_summary_observation_date.d6018c9669
[0m02:58:10.028559 [debug] [Thread-4 (]: Finished running node test.weather_analytics.not_null_weather_daily_summary_record_count.43f79450ff
[0m02:58:10.030244 [debug] [Thread-2 (]: Finished running node test.weather_analytics.not_null_weather_daily_summary_temp_category.849f7e70c3
[0m02:58:10.031654 [debug] [Thread-1 (]: Began running node test.weather_analytics.not_null_weather_daily_summary_temperature_range.178d7dd824
[0m02:58:10.033187 [debug] [Thread-7 (]: Marking all children of 'test.weather_analytics.not_null_mart_weather_quality_data_completeness.abab0e33b4' to be skipped because of status 'skipped'. 
[0m02:58:10.035021 [debug] [Thread-3 (]: Began running node test.weather_analytics.unique_weather_daily_summary_city__city__observation_date.45df4ac31d
[0m02:58:10.035021 [debug] [Thread-4 (]: Began running node test.weather_analytics.accepted_values_weather_trend_analysis_trend_direction__Rising__Falling__Stable.b2a5ce8cb7
[0m02:58:10.039761 [debug] [Thread-2 (]: Began running node test.weather_analytics.dbt_utils_accepted_range_weather_trend_analysis_trend_strength__1__0.7a3dc30f04
[0m02:58:10.041550 [info ] [Thread-1 (]: 129 of 206 SKIP test not_null_weather_daily_summary_temperature_range .......... [[33mSKIP[0m]
[0m02:58:10.045536 [debug] [Thread-7 (]: Marking all children of 'test.weather_analytics.not_null_mart_weather_quality_date.86d7ff5638' to be skipped because of status 'skipped'. 
[0m02:58:10.046603 [info ] [Thread-3 (]: 130 of 206 SKIP test unique_weather_daily_summary_city__city__observation_date . [[33mSKIP[0m]
[0m02:58:10.047822 [info ] [Thread-4 (]: 131 of 206 SKIP test accepted_values_weather_trend_analysis_trend_direction__Rising__Falling__Stable  [[33mSKIP[0m]
[0m02:58:10.050206 [info ] [Thread-2 (]: 132 of 206 SKIP test dbt_utils_accepted_range_weather_trend_analysis_trend_strength__1__0  [[33mSKIP[0m]
[0m02:58:10.052508 [debug] [Thread-1 (]: Finished running node test.weather_analytics.not_null_weather_daily_summary_temperature_range.178d7dd824
[0m02:58:10.053916 [debug] [Thread-7 (]: Marking all children of 'test.weather_analytics.not_null_mart_weather_quality_freshness_hours.6f76563f40' to be skipped because of status 'skipped'. 
[0m02:58:10.056878 [debug] [Thread-3 (]: Finished running node test.weather_analytics.unique_weather_daily_summary_city__city__observation_date.45df4ac31d
[0m02:58:10.059337 [debug] [Thread-4 (]: Finished running node test.weather_analytics.accepted_values_weather_trend_analysis_trend_direction__Rising__Falling__Stable.b2a5ce8cb7
[0m02:58:10.061639 [debug] [Thread-2 (]: Finished running node test.weather_analytics.dbt_utils_accepted_range_weather_trend_analysis_trend_strength__1__0.7a3dc30f04
[0m02:58:10.063981 [debug] [Thread-1 (]: Began running node test.weather_analytics.dbt_utils_accepted_range_weather_trend_analysis_volatility_score__100__0.ebc8ffcdee
[0m02:58:10.063981 [debug] [Thread-7 (]: Marking all children of 'test.weather_analytics.not_null_mart_weather_quality_invalid_readings.eaf8e208fa' to be skipped because of status 'skipped'. 
[0m02:58:10.066423 [debug] [Thread-3 (]: Began running node test.weather_analytics.not_null_weather_trend_analysis_city.1f0f54b392
[0m02:58:10.068211 [debug] [Thread-4 (]: Began running node test.weather_analytics.not_null_weather_trend_analysis_last_updated.ae75b37012
[0m02:58:10.068211 [debug] [Thread-2 (]: Began running node test.weather_analytics.not_null_weather_trend_analysis_observation_time.16fa5069cf
[0m02:58:10.072429 [info ] [Thread-1 (]: 133 of 206 SKIP test dbt_utils_accepted_range_weather_trend_analysis_volatility_score__100__0  [[33mSKIP[0m]
[0m02:58:10.074545 [debug] [Thread-7 (]: Marking all children of 'test.weather_analytics.not_null_mart_weather_quality_issues_detected.c789fc3e8c' to be skipped because of status 'skipped'. 
[0m02:58:10.075531 [info ] [Thread-3 (]: 134 of 206 SKIP test not_null_weather_trend_analysis_city ...................... [[33mSKIP[0m]
[0m02:58:10.078422 [info ] [Thread-4 (]: 135 of 206 SKIP test not_null_weather_trend_analysis_last_updated .............. [[33mSKIP[0m]
[0m02:58:10.080242 [info ] [Thread-2 (]: 136 of 206 SKIP test not_null_weather_trend_analysis_observation_time .......... [[33mSKIP[0m]
[0m02:58:10.082955 [debug] [Thread-1 (]: Finished running node test.weather_analytics.dbt_utils_accepted_range_weather_trend_analysis_volatility_score__100__0.ebc8ffcdee
[0m02:58:10.085703 [debug] [Thread-7 (]: Marking all children of 'test.weather_analytics.not_null_mart_weather_quality_last_checked.1aeeff3f66' to be skipped because of status 'skipped'. 
[0m02:58:10.087265 [debug] [Thread-3 (]: Finished running node test.weather_analytics.not_null_weather_trend_analysis_city.1f0f54b392
[0m02:58:10.088331 [debug] [Thread-4 (]: Finished running node test.weather_analytics.not_null_weather_trend_analysis_last_updated.ae75b37012
[0m02:58:10.090959 [debug] [Thread-2 (]: Finished running node test.weather_analytics.not_null_weather_trend_analysis_observation_time.16fa5069cf
[0m02:58:10.091605 [debug] [Thread-1 (]: Began running node test.weather_analytics.not_null_weather_trend_analysis_rolling_24h_avg_temp.d2ac542abc
[0m02:58:10.095038 [debug] [Thread-7 (]: Marking all children of 'test.weather_analytics.not_null_mart_weather_quality_quality_score.845f1bb76f' to be skipped because of status 'skipped'. 
[0m02:58:10.095873 [debug] [Thread-3 (]: Began running node test.weather_analytics.not_null_weather_trend_analysis_rolling_7d_avg_temp.97409254e4
[0m02:58:10.097807 [debug] [Thread-4 (]: Began running node test.weather_analytics.not_null_weather_trend_analysis_temp_change_24h.9d454af387
[0m02:58:10.099422 [debug] [Thread-2 (]: Began running node test.weather_analytics.not_null_weather_trend_analysis_temp_change_pct.ca7eec6790
[0m02:58:10.102529 [info ] [Thread-1 (]: 137 of 206 SKIP test not_null_weather_trend_analysis_rolling_24h_avg_temp ...... [[33mSKIP[0m]
[0m02:58:10.102529 [debug] [Thread-7 (]: Marking all children of 'test.weather_analytics.not_null_mart_weather_quality_quality_status.de5865e839' to be skipped because of status 'skipped'. 
[0m02:58:10.105137 [info ] [Thread-3 (]: 138 of 206 SKIP test not_null_weather_trend_analysis_rolling_7d_avg_temp ....... [[33mSKIP[0m]
[0m02:58:10.105137 [info ] [Thread-4 (]: 139 of 206 SKIP test not_null_weather_trend_analysis_temp_change_24h ........... [[33mSKIP[0m]
[0m02:58:10.109520 [info ] [Thread-2 (]: 140 of 206 SKIP test not_null_weather_trend_analysis_temp_change_pct ........... [[33mSKIP[0m]
[0m02:58:10.111933 [debug] [Thread-1 (]: Finished running node test.weather_analytics.not_null_weather_trend_analysis_rolling_24h_avg_temp.d2ac542abc
[0m02:58:10.111933 [debug] [Thread-7 (]: Marking all children of 'test.weather_analytics.not_null_mart_weather_quality_total_readings.273df4e912' to be skipped because of status 'skipped'. 
[0m02:58:10.111933 [debug] [Thread-3 (]: Finished running node test.weather_analytics.not_null_weather_trend_analysis_rolling_7d_avg_temp.97409254e4
[0m02:58:10.116742 [debug] [Thread-4 (]: Finished running node test.weather_analytics.not_null_weather_trend_analysis_temp_change_24h.9d454af387
[0m02:58:10.117496 [debug] [Thread-2 (]: Finished running node test.weather_analytics.not_null_weather_trend_analysis_temp_change_pct.ca7eec6790
[0m02:58:10.117496 [debug] [Thread-1 (]: Began running node test.weather_analytics.not_null_weather_trend_analysis_temperature_celsius.3ca7d13814
[0m02:58:10.121885 [debug] [Thread-7 (]: Marking all children of 'test.weather_analytics.not_null_mart_weather_quality_valid_readings.76cb994031' to be skipped because of status 'skipped'. 
[0m02:58:10.124580 [debug] [Thread-3 (]: Began running node test.weather_analytics.not_null_weather_trend_analysis_trend_direction.b353d0fe7b
[0m02:58:10.124580 [debug] [Thread-4 (]: Began running node test.weather_analytics.unique_weather_trend_analysis_city__city__observation_time.9655697e5a
[0m02:58:10.124580 [debug] [Thread-2 (]: Began running node model.weather_analytics.mart_city_weather
[0m02:58:10.130204 [info ] [Thread-1 (]: 141 of 206 SKIP test not_null_weather_trend_analysis_temperature_celsius ....... [[33mSKIP[0m]
[0m02:58:10.132670 [debug] [Thread-7 (]: Marking all children of 'test.weather_analytics.accepted_values_weather_daily_summary_is_complete_day__True__False.bdea3c6be0' to be skipped because of status 'skipped'. 
[0m02:58:10.132670 [info ] [Thread-3 (]: 142 of 206 SKIP test not_null_weather_trend_analysis_trend_direction ........... [[33mSKIP[0m]
[0m02:58:10.136791 [info ] [Thread-4 (]: 143 of 206 SKIP test unique_weather_trend_analysis_city__city__observation_time  [[33mSKIP[0m]
[0m02:58:10.137791 [info ] [Thread-2 (]: 144 of 206 SKIP relation weather_marts.mart_city_weather ....................... [[33mSKIP[0m]
[0m02:58:10.139553 [debug] [Thread-1 (]: Finished running node test.weather_analytics.not_null_weather_trend_analysis_temperature_celsius.3ca7d13814
[0m02:58:10.139553 [debug] [Thread-7 (]: Marking all children of 'test.weather_analytics.accepted_values_weather_daily_summary_temp_category__Freezing__Cold__Mild__Warm__Hot.db2f283e8d' to be skipped because of status 'skipped'. 
[0m02:58:10.143896 [debug] [Thread-3 (]: Finished running node test.weather_analytics.not_null_weather_trend_analysis_trend_direction.b353d0fe7b
[0m02:58:10.145864 [debug] [Thread-4 (]: Finished running node test.weather_analytics.unique_weather_trend_analysis_city__city__observation_time.9655697e5a
[0m02:58:10.147632 [debug] [Thread-2 (]: Finished running node model.weather_analytics.mart_city_weather
[0m02:58:10.151161 [debug] [Thread-7 (]: Marking all children of 'test.weather_analytics.dbt_utils_accepted_range_weather_daily_summary_avg_humidity__100__0.38fc3a52bf' to be skipped because of status 'skipped'. 
[0m02:58:10.154950 [debug] [Thread-7 (]: Marking all children of 'test.weather_analytics.dbt_utils_accepted_range_weather_daily_summary_avg_temperature__60___50.1ffa20a792' to be skipped because of status 'skipped'. 
[0m02:58:10.154950 [debug] [Thread-7 (]: Marking all children of 'test.weather_analytics.dbt_utils_accepted_range_weather_daily_summary_avg_wind_speed__150__0.cf3e0c4e2d' to be skipped because of status 'skipped'. 
[0m02:58:10.158576 [debug] [Thread-7 (]: Marking all children of 'test.weather_analytics.dbt_utils_accepted_range_weather_daily_summary_max_temperature__60___50.a0bf2f4843' to be skipped because of status 'skipped'. 
[0m02:58:10.159804 [debug] [Thread-7 (]: Marking all children of 'test.weather_analytics.dbt_utils_accepted_range_weather_daily_summary_min_temperature__60___50.7aa64a396c' to be skipped because of status 'skipped'. 
[0m02:58:10.159804 [debug] [Thread-7 (]: Marking all children of 'test.weather_analytics.dbt_utils_accepted_range_weather_daily_summary_record_count__0.554f51a2d8' to be skipped because of status 'skipped'. 
[0m02:58:10.162309 [debug] [Thread-7 (]: Marking all children of 'test.weather_analytics.not_null_weather_daily_summary_avg_humidity.e6803b750a' to be skipped because of status 'skipped'. 
[0m02:58:10.164010 [debug] [Thread-7 (]: Marking all children of 'test.weather_analytics.not_null_weather_daily_summary_avg_temperature.7c6ef854cb' to be skipped because of status 'skipped'. 
[0m02:58:10.165390 [debug] [Thread-7 (]: Marking all children of 'test.weather_analytics.not_null_weather_daily_summary_avg_wind_speed.ee1054f872' to be skipped because of status 'skipped'. 
[0m02:58:10.165390 [debug] [Thread-7 (]: Marking all children of 'test.weather_analytics.not_null_weather_daily_summary_city.eacf2ae591' to be skipped because of status 'skipped'. 
[0m02:58:10.165390 [debug] [Thread-7 (]: Marking all children of 'test.weather_analytics.not_null_weather_daily_summary_last_updated.2c5371372a' to be skipped because of status 'skipped'. 
[0m02:58:10.171470 [debug] [Thread-7 (]: Marking all children of 'test.weather_analytics.not_null_weather_daily_summary_max_temperature.bae230c055' to be skipped because of status 'skipped'. 
[0m02:58:10.171470 [debug] [Thread-7 (]: Marking all children of 'test.weather_analytics.not_null_weather_daily_summary_min_temperature.fd4452188a' to be skipped because of status 'skipped'. 
[0m02:58:10.171470 [debug] [Thread-7 (]: Marking all children of 'test.weather_analytics.not_null_weather_daily_summary_most_common_weather.a78b1fa072' to be skipped because of status 'skipped'. 
[0m02:58:10.174834 [debug] [Thread-7 (]: Marking all children of 'test.weather_analytics.not_null_weather_daily_summary_observation_date.d6018c9669' to be skipped because of status 'skipped'. 
[0m02:58:10.176848 [debug] [Thread-7 (]: Marking all children of 'test.weather_analytics.not_null_weather_daily_summary_record_count.43f79450ff' to be skipped because of status 'skipped'. 
[0m02:58:10.178370 [debug] [Thread-7 (]: Marking all children of 'test.weather_analytics.not_null_weather_daily_summary_temp_category.849f7e70c3' to be skipped because of status 'skipped'. 
[0m02:58:10.178370 [debug] [Thread-7 (]: Marking all children of 'test.weather_analytics.not_null_weather_daily_summary_temperature_range.178d7dd824' to be skipped because of status 'skipped'. 
[0m02:58:10.179987 [debug] [Thread-7 (]: Marking all children of 'test.weather_analytics.unique_weather_daily_summary_city__city__observation_date.45df4ac31d' to be skipped because of status 'skipped'. 
[0m02:58:10.181646 [debug] [Thread-7 (]: Marking all children of 'test.weather_analytics.accepted_values_weather_trend_analysis_trend_direction__Rising__Falling__Stable.b2a5ce8cb7' to be skipped because of status 'skipped'. 
[0m02:58:10.183290 [debug] [Thread-7 (]: Marking all children of 'test.weather_analytics.dbt_utils_accepted_range_weather_trend_analysis_trend_strength__1__0.7a3dc30f04' to be skipped because of status 'skipped'. 
[0m02:58:10.184947 [debug] [Thread-7 (]: Marking all children of 'test.weather_analytics.dbt_utils_accepted_range_weather_trend_analysis_volatility_score__100__0.ebc8ffcdee' to be skipped because of status 'skipped'. 
[0m02:58:10.186564 [debug] [Thread-7 (]: Marking all children of 'test.weather_analytics.not_null_weather_trend_analysis_city.1f0f54b392' to be skipped because of status 'skipped'. 
[0m02:58:10.186564 [debug] [Thread-7 (]: Marking all children of 'test.weather_analytics.not_null_weather_trend_analysis_last_updated.ae75b37012' to be skipped because of status 'skipped'. 
[0m02:58:10.188342 [debug] [Thread-7 (]: Marking all children of 'test.weather_analytics.not_null_weather_trend_analysis_observation_time.16fa5069cf' to be skipped because of status 'skipped'. 
[0m02:58:10.188342 [debug] [Thread-7 (]: Marking all children of 'test.weather_analytics.not_null_weather_trend_analysis_rolling_24h_avg_temp.d2ac542abc' to be skipped because of status 'skipped'. 
[0m02:58:10.188342 [debug] [Thread-7 (]: Marking all children of 'test.weather_analytics.not_null_weather_trend_analysis_rolling_7d_avg_temp.97409254e4' to be skipped because of status 'skipped'. 
[0m02:58:10.188342 [debug] [Thread-7 (]: Marking all children of 'test.weather_analytics.not_null_weather_trend_analysis_temp_change_24h.9d454af387' to be skipped because of status 'skipped'. 
[0m02:58:10.188342 [debug] [Thread-7 (]: Marking all children of 'test.weather_analytics.not_null_weather_trend_analysis_temp_change_pct.ca7eec6790' to be skipped because of status 'skipped'. 
[0m02:58:10.188342 [debug] [Thread-7 (]: Marking all children of 'test.weather_analytics.not_null_weather_trend_analysis_temperature_celsius.3ca7d13814' to be skipped because of status 'skipped'. 
[0m02:58:10.188342 [debug] [Thread-7 (]: Marking all children of 'test.weather_analytics.not_null_weather_trend_analysis_trend_direction.b353d0fe7b' to be skipped because of status 'skipped'. 
[0m02:58:10.188342 [debug] [Thread-7 (]: Marking all children of 'test.weather_analytics.unique_weather_trend_analysis_city__city__observation_time.9655697e5a' to be skipped because of status 'skipped'. 
[0m02:58:10.188342 [debug] [Thread-7 (]: Marking all children of 'model.weather_analytics.mart_city_weather' to be skipped because of status 'skipped'. 
[0m02:58:10.188342 [debug] [Thread-1 (]: Began running node test.weather_analytics.accepted_values_mart_city_weather_most_common_weather__Clear__Clouds__Rain__Snow__Thunderstorm__Drizzle__Mist__Fog__Haze__Smoke.94f54cd852
[0m02:58:10.204282 [debug] [Thread-3 (]: Began running node test.weather_analytics.accepted_values_mart_city_weather_temperature_category__Freezing__Cold__Mild__Warm__Hot.d142de67fd
[0m02:58:10.204282 [debug] [Thread-4 (]: Began running node test.weather_analytics.accepted_values_mart_city_weather_trend_direction__Rising__Falling__Stable.b9debee73a
[0m02:58:10.207605 [debug] [Thread-2 (]: Began running node test.weather_analytics.accepted_values_mart_city_weather_weather_alert__Normal__Heatwave_Risk__High_Heat_Humidity__High_Wind_Alert__Heavy_Rain_Risk__Cold_Wave_Alert.ec9ca167ef
[0m02:58:10.208767 [info ] [Thread-1 (]: 145 of 206 SKIP test accepted_values_mart_city_weather_most_common_weather__Clear__Clouds__Rain__Snow__Thunderstorm__Drizzle__Mist__Fog__Haze__Smoke  [[33mSKIP[0m]
[0m02:58:10.208767 [info ] [Thread-3 (]: 146 of 206 SKIP test accepted_values_mart_city_weather_temperature_category__Freezing__Cold__Mild__Warm__Hot  [[33mSKIP[0m]
[0m02:58:10.211304 [info ] [Thread-4 (]: 147 of 206 SKIP test accepted_values_mart_city_weather_trend_direction__Rising__Falling__Stable  [[33mSKIP[0m]
[0m02:58:10.211304 [info ] [Thread-2 (]: 148 of 206 SKIP test accepted_values_mart_city_weather_weather_alert__Normal__Heatwave_Risk__High_Heat_Humidity__High_Wind_Alert__Heavy_Rain_Risk__Cold_Wave_Alert  [[33mSKIP[0m]
[0m02:58:10.214299 [debug] [Thread-1 (]: Finished running node test.weather_analytics.accepted_values_mart_city_weather_most_common_weather__Clear__Clouds__Rain__Snow__Thunderstorm__Drizzle__Mist__Fog__Haze__Smoke.94f54cd852
[0m02:58:10.216194 [debug] [Thread-3 (]: Finished running node test.weather_analytics.accepted_values_mart_city_weather_temperature_category__Freezing__Cold__Mild__Warm__Hot.d142de67fd
[0m02:58:10.216194 [debug] [Thread-4 (]: Finished running node test.weather_analytics.accepted_values_mart_city_weather_trend_direction__Rising__Falling__Stable.b9debee73a
[0m02:58:10.219973 [debug] [Thread-2 (]: Finished running node test.weather_analytics.accepted_values_mart_city_weather_weather_alert__Normal__Heatwave_Risk__High_Heat_Humidity__High_Wind_Alert__Heavy_Rain_Risk__Cold_Wave_Alert.ec9ca167ef
[0m02:58:10.221427 [debug] [Thread-1 (]: Began running node test.weather_analytics.dbt_utils_accepted_range_mart_city_weather_avg_humidity__100__0.377a5f3971
[0m02:58:10.223437 [debug] [Thread-7 (]: Marking all children of 'test.weather_analytics.accepted_values_mart_city_weather_most_common_weather__Clear__Clouds__Rain__Snow__Thunderstorm__Drizzle__Mist__Fog__Haze__Smoke.94f54cd852' to be skipped because of status 'skipped'. 
[0m02:58:10.223437 [debug] [Thread-3 (]: Began running node test.weather_analytics.dbt_utils_accepted_range_mart_city_weather_avg_temp__60___50.3e61473318
[0m02:58:10.226555 [debug] [Thread-4 (]: Began running node test.weather_analytics.dbt_utils_accepted_range_mart_city_weather_avg_wind_speed__150__0.53cb9592a7
[0m02:58:10.226555 [debug] [Thread-2 (]: Began running node test.weather_analytics.dbt_utils_accepted_range_mart_city_weather_hourly_readings__24__0.e95bc63ec5
[0m02:58:10.226555 [info ] [Thread-1 (]: 149 of 206 SKIP test dbt_utils_accepted_range_mart_city_weather_avg_humidity__100__0  [[33mSKIP[0m]
[0m02:58:10.226555 [debug] [Thread-7 (]: Marking all children of 'test.weather_analytics.accepted_values_mart_city_weather_temperature_category__Freezing__Cold__Mild__Warm__Hot.d142de67fd' to be skipped because of status 'skipped'. 
[0m02:58:10.234328 [info ] [Thread-3 (]: 150 of 206 SKIP test dbt_utils_accepted_range_mart_city_weather_avg_temp__60___50  [[33mSKIP[0m]
[0m02:58:10.235424 [info ] [Thread-4 (]: 151 of 206 SKIP test dbt_utils_accepted_range_mart_city_weather_avg_wind_speed__150__0  [[33mSKIP[0m]
[0m02:58:10.237481 [info ] [Thread-2 (]: 152 of 206 SKIP test dbt_utils_accepted_range_mart_city_weather_hourly_readings__24__0  [[33mSKIP[0m]
[0m02:58:10.238903 [debug] [Thread-1 (]: Finished running node test.weather_analytics.dbt_utils_accepted_range_mart_city_weather_avg_humidity__100__0.377a5f3971
[0m02:58:10.242449 [debug] [Thread-7 (]: Marking all children of 'test.weather_analytics.accepted_values_mart_city_weather_trend_direction__Rising__Falling__Stable.b9debee73a' to be skipped because of status 'skipped'. 
[0m02:58:10.244612 [debug] [Thread-3 (]: Finished running node test.weather_analytics.dbt_utils_accepted_range_mart_city_weather_avg_temp__60___50.3e61473318
[0m02:58:10.246262 [debug] [Thread-4 (]: Finished running node test.weather_analytics.dbt_utils_accepted_range_mart_city_weather_avg_wind_speed__150__0.53cb9592a7
[0m02:58:10.247466 [debug] [Thread-2 (]: Finished running node test.weather_analytics.dbt_utils_accepted_range_mart_city_weather_hourly_readings__24__0.e95bc63ec5
[0m02:58:10.247466 [debug] [Thread-1 (]: Began running node test.weather_analytics.dbt_utils_accepted_range_mart_city_weather_max_temp__60___50.475b2a0d1a
[0m02:58:10.250089 [debug] [Thread-7 (]: Marking all children of 'test.weather_analytics.accepted_values_mart_city_weather_weather_alert__Normal__Heatwave_Risk__High_Heat_Humidity__High_Wind_Alert__Heavy_Rain_Risk__Cold_Wave_Alert.ec9ca167ef' to be skipped because of status 'skipped'. 
[0m02:58:10.251869 [debug] [Thread-3 (]: Began running node test.weather_analytics.dbt_utils_accepted_range_mart_city_weather_min_temp__60___50.79b894abfb
[0m02:58:10.254517 [debug] [Thread-4 (]: Began running node test.weather_analytics.dbt_utils_accepted_range_mart_city_weather_observation_date__2099_12_31__2024_01_01.390d2a14fa
[0m02:58:10.254517 [debug] [Thread-2 (]: Began running node test.weather_analytics.dbt_utils_accepted_range_mart_city_weather_temp_percentile__1__0.7a113e4ecb
[0m02:58:10.257717 [info ] [Thread-1 (]: 153 of 206 SKIP test dbt_utils_accepted_range_mart_city_weather_max_temp__60___50  [[33mSKIP[0m]
[0m02:58:10.257717 [debug] [Thread-7 (]: Marking all children of 'test.weather_analytics.dbt_utils_accepted_range_mart_city_weather_avg_humidity__100__0.377a5f3971' to be skipped because of status 'skipped'. 
[0m02:58:10.262344 [info ] [Thread-3 (]: 154 of 206 SKIP test dbt_utils_accepted_range_mart_city_weather_min_temp__60___50  [[33mSKIP[0m]
[0m02:58:10.262344 [info ] [Thread-4 (]: 155 of 206 SKIP test dbt_utils_accepted_range_mart_city_weather_observation_date__2099_12_31__2024_01_01  [[33mSKIP[0m]
[0m02:58:10.267245 [info ] [Thread-2 (]: 156 of 206 SKIP test dbt_utils_accepted_range_mart_city_weather_temp_percentile__1__0  [[33mSKIP[0m]
[0m02:58:10.268219 [debug] [Thread-1 (]: Finished running node test.weather_analytics.dbt_utils_accepted_range_mart_city_weather_max_temp__60___50.475b2a0d1a
[0m02:58:10.270541 [debug] [Thread-7 (]: Marking all children of 'test.weather_analytics.dbt_utils_accepted_range_mart_city_weather_avg_temp__60___50.3e61473318' to be skipped because of status 'skipped'. 
[0m02:58:10.272821 [debug] [Thread-3 (]: Finished running node test.weather_analytics.dbt_utils_accepted_range_mart_city_weather_min_temp__60___50.79b894abfb
[0m02:58:10.275640 [debug] [Thread-4 (]: Finished running node test.weather_analytics.dbt_utils_accepted_range_mart_city_weather_observation_date__2099_12_31__2024_01_01.390d2a14fa
[0m02:58:10.276674 [debug] [Thread-2 (]: Finished running node test.weather_analytics.dbt_utils_accepted_range_mart_city_weather_temp_percentile__1__0.7a113e4ecb
[0m02:58:10.276674 [debug] [Thread-1 (]: Began running node test.weather_analytics.dbt_utils_accepted_range_mart_city_weather_temp_rank_daily__1.dd10473491
[0m02:58:10.280197 [debug] [Thread-7 (]: Marking all children of 'test.weather_analytics.dbt_utils_accepted_range_mart_city_weather_avg_wind_speed__150__0.53cb9592a7' to be skipped because of status 'skipped'. 
[0m02:58:10.283432 [debug] [Thread-3 (]: Began running node test.weather_analytics.dbt_utils_accepted_range_mart_city_weather_temp_rank_global__1.0caaedfa3a
[0m02:58:10.285446 [debug] [Thread-4 (]: Began running node test.weather_analytics.not_null_mart_city_weather_avg_humidity.627d9fac1c
[0m02:58:10.285446 [debug] [Thread-2 (]: Began running node test.weather_analytics.not_null_mart_city_weather_avg_temp.294483e537
[0m02:58:10.287931 [info ] [Thread-1 (]: 157 of 206 SKIP test dbt_utils_accepted_range_mart_city_weather_temp_rank_daily__1  [[33mSKIP[0m]
[0m02:58:10.290312 [debug] [Thread-7 (]: Marking all children of 'test.weather_analytics.dbt_utils_accepted_range_mart_city_weather_hourly_readings__24__0.e95bc63ec5' to be skipped because of status 'skipped'. 
[0m02:58:10.293063 [info ] [Thread-3 (]: 158 of 206 SKIP test dbt_utils_accepted_range_mart_city_weather_temp_rank_global__1  [[33mSKIP[0m]
[0m02:58:10.295544 [info ] [Thread-4 (]: 159 of 206 SKIP test not_null_mart_city_weather_avg_humidity ................... [[33mSKIP[0m]
[0m02:58:10.296615 [info ] [Thread-2 (]: 160 of 206 SKIP test not_null_mart_city_weather_avg_temp ....................... [[33mSKIP[0m]
[0m02:58:10.299361 [debug] [Thread-1 (]: Finished running node test.weather_analytics.dbt_utils_accepted_range_mart_city_weather_temp_rank_daily__1.dd10473491
[0m02:58:10.300893 [debug] [Thread-7 (]: Marking all children of 'test.weather_analytics.dbt_utils_accepted_range_mart_city_weather_max_temp__60___50.475b2a0d1a' to be skipped because of status 'skipped'. 
[0m02:58:10.300893 [debug] [Thread-3 (]: Finished running node test.weather_analytics.dbt_utils_accepted_range_mart_city_weather_temp_rank_global__1.0caaedfa3a
[0m02:58:10.304332 [debug] [Thread-4 (]: Finished running node test.weather_analytics.not_null_mart_city_weather_avg_humidity.627d9fac1c
[0m02:58:10.304332 [debug] [Thread-2 (]: Finished running node test.weather_analytics.not_null_mart_city_weather_avg_temp.294483e537
[0m02:58:10.307520 [debug] [Thread-1 (]: Began running node test.weather_analytics.not_null_mart_city_weather_avg_wind_speed.d75897cb52
[0m02:58:10.309496 [debug] [Thread-7 (]: Marking all children of 'test.weather_analytics.dbt_utils_accepted_range_mart_city_weather_min_temp__60___50.79b894abfb' to be skipped because of status 'skipped'. 
[0m02:58:10.309496 [debug] [Thread-3 (]: Began running node test.weather_analytics.not_null_mart_city_weather_city.213d3cdc37
[0m02:58:10.309496 [debug] [Thread-4 (]: Began running node test.weather_analytics.not_null_mart_city_weather_hourly_readings.551dacbb25
[0m02:58:10.309496 [debug] [Thread-2 (]: Began running node test.weather_analytics.not_null_mart_city_weather_last_updated.1836e0ed03
[0m02:58:10.317670 [info ] [Thread-1 (]: 161 of 206 SKIP test not_null_mart_city_weather_avg_wind_speed ................. [[33mSKIP[0m]
[0m02:58:10.318480 [debug] [Thread-7 (]: Marking all children of 'test.weather_analytics.dbt_utils_accepted_range_mart_city_weather_observation_date__2099_12_31__2024_01_01.390d2a14fa' to be skipped because of status 'skipped'. 
[0m02:58:10.321084 [info ] [Thread-3 (]: 162 of 206 SKIP test not_null_mart_city_weather_city ........................... [[33mSKIP[0m]
[0m02:58:10.323800 [info ] [Thread-4 (]: 163 of 206 SKIP test not_null_mart_city_weather_hourly_readings ................ [[33mSKIP[0m]
[0m02:58:10.325389 [info ] [Thread-2 (]: 164 of 206 SKIP test not_null_mart_city_weather_last_updated ................... [[33mSKIP[0m]
[0m02:58:10.327400 [debug] [Thread-1 (]: Finished running node test.weather_analytics.not_null_mart_city_weather_avg_wind_speed.d75897cb52
[0m02:58:10.329433 [debug] [Thread-7 (]: Marking all children of 'test.weather_analytics.dbt_utils_accepted_range_mart_city_weather_temp_percentile__1__0.7a113e4ecb' to be skipped because of status 'skipped'. 
[0m02:58:10.331938 [debug] [Thread-3 (]: Finished running node test.weather_analytics.not_null_mart_city_weather_city.213d3cdc37
[0m02:58:10.331938 [debug] [Thread-4 (]: Finished running node test.weather_analytics.not_null_mart_city_weather_hourly_readings.551dacbb25
[0m02:58:10.334418 [debug] [Thread-2 (]: Finished running node test.weather_analytics.not_null_mart_city_weather_last_updated.1836e0ed03
[0m02:58:10.336305 [debug] [Thread-1 (]: Began running node test.weather_analytics.not_null_mart_city_weather_max_temp.48501cf21a
[0m02:58:10.337599 [debug] [Thread-7 (]: Marking all children of 'test.weather_analytics.dbt_utils_accepted_range_mart_city_weather_temp_rank_daily__1.dd10473491' to be skipped because of status 'skipped'. 
[0m02:58:10.339936 [debug] [Thread-3 (]: Began running node test.weather_analytics.not_null_mart_city_weather_min_temp.8a0fce37fa
[0m02:58:10.341935 [debug] [Thread-4 (]: Began running node test.weather_analytics.not_null_mart_city_weather_most_common_weather.0522bc99d4
[0m02:58:10.344590 [debug] [Thread-2 (]: Began running node test.weather_analytics.not_null_mart_city_weather_observation_date.e9c1c0528d
[0m02:58:10.345277 [info ] [Thread-1 (]: 165 of 206 SKIP test not_null_mart_city_weather_max_temp ....................... [[33mSKIP[0m]
[0m02:58:10.347576 [debug] [Thread-7 (]: Marking all children of 'test.weather_analytics.dbt_utils_accepted_range_mart_city_weather_temp_rank_global__1.0caaedfa3a' to be skipped because of status 'skipped'. 
[0m02:58:10.350043 [info ] [Thread-3 (]: 166 of 206 SKIP test not_null_mart_city_weather_min_temp ....................... [[33mSKIP[0m]
[0m02:58:10.351596 [info ] [Thread-4 (]: 167 of 206 SKIP test not_null_mart_city_weather_most_common_weather ............ [[33mSKIP[0m]
[0m02:58:10.353367 [info ] [Thread-2 (]: 168 of 206 SKIP test not_null_mart_city_weather_observation_date ............... [[33mSKIP[0m]
[0m02:58:10.355807 [debug] [Thread-1 (]: Finished running node test.weather_analytics.not_null_mart_city_weather_max_temp.48501cf21a
[0m02:58:10.356880 [debug] [Thread-7 (]: Marking all children of 'test.weather_analytics.not_null_mart_city_weather_avg_humidity.627d9fac1c' to be skipped because of status 'skipped'. 
[0m02:58:10.359417 [debug] [Thread-3 (]: Finished running node test.weather_analytics.not_null_mart_city_weather_min_temp.8a0fce37fa
[0m02:58:10.361260 [debug] [Thread-4 (]: Finished running node test.weather_analytics.not_null_mart_city_weather_most_common_weather.0522bc99d4
[0m02:58:10.363191 [debug] [Thread-2 (]: Finished running node test.weather_analytics.not_null_mart_city_weather_observation_date.e9c1c0528d
[0m02:58:10.363191 [debug] [Thread-1 (]: Began running node test.weather_analytics.not_null_mart_city_weather_rolling_24h_avg_temp.004a75756c
[0m02:58:10.363191 [debug] [Thread-7 (]: Marking all children of 'test.weather_analytics.not_null_mart_city_weather_avg_temp.294483e537' to be skipped because of status 'skipped'. 
[0m02:58:10.368308 [debug] [Thread-3 (]: Began running node test.weather_analytics.not_null_mart_city_weather_rolling_7d_avg_temp.c9e2bae983
[0m02:58:10.371888 [debug] [Thread-4 (]: Began running node test.weather_analytics.not_null_mart_city_weather_temp_percentile.7277cb4ba5
[0m02:58:10.373451 [debug] [Thread-2 (]: Began running node test.weather_analytics.not_null_mart_city_weather_temp_rank_daily.69ddf22e90
[0m02:58:10.373451 [info ] [Thread-1 (]: 169 of 206 SKIP test not_null_mart_city_weather_rolling_24h_avg_temp ........... [[33mSKIP[0m]
[0m02:58:10.373451 [debug] [Thread-7 (]: Marking all children of 'test.weather_analytics.not_null_mart_city_weather_avg_wind_speed.d75897cb52' to be skipped because of status 'skipped'. 
[0m02:58:10.378287 [info ] [Thread-3 (]: 170 of 206 SKIP test not_null_mart_city_weather_rolling_7d_avg_temp ............ [[33mSKIP[0m]
[0m02:58:10.379861 [info ] [Thread-4 (]: 171 of 206 SKIP test not_null_mart_city_weather_temp_percentile ................ [[33mSKIP[0m]
[0m02:58:10.382227 [info ] [Thread-2 (]: 172 of 206 SKIP test not_null_mart_city_weather_temp_rank_daily ................ [[33mSKIP[0m]
[0m02:58:10.384218 [debug] [Thread-1 (]: Finished running node test.weather_analytics.not_null_mart_city_weather_rolling_24h_avg_temp.004a75756c
[0m02:58:10.386230 [debug] [Thread-7 (]: Marking all children of 'test.weather_analytics.not_null_mart_city_weather_city.213d3cdc37' to be skipped because of status 'skipped'. 
[0m02:58:10.388929 [debug] [Thread-3 (]: Finished running node test.weather_analytics.not_null_mart_city_weather_rolling_7d_avg_temp.c9e2bae983
[0m02:58:10.388929 [debug] [Thread-4 (]: Finished running node test.weather_analytics.not_null_mart_city_weather_temp_percentile.7277cb4ba5
[0m02:58:10.388929 [debug] [Thread-2 (]: Finished running node test.weather_analytics.not_null_mart_city_weather_temp_rank_daily.69ddf22e90
[0m02:58:10.393293 [debug] [Thread-1 (]: Began running node test.weather_analytics.not_null_mart_city_weather_temp_rank_global.9be9a05144
[0m02:58:10.395438 [debug] [Thread-7 (]: Marking all children of 'test.weather_analytics.not_null_mart_city_weather_hourly_readings.551dacbb25' to be skipped because of status 'skipped'. 
[0m02:58:10.395438 [debug] [Thread-3 (]: Began running node test.weather_analytics.not_null_mart_city_weather_temp_vs_7d_avg.b062a5f347
[0m02:58:10.399676 [debug] [Thread-4 (]: Began running node test.weather_analytics.not_null_mart_city_weather_temperature_category.8dcbe90839
[0m02:58:10.399676 [debug] [Thread-2 (]: Began running node test.weather_analytics.not_null_mart_city_weather_trend_direction.8cc93d2556
[0m02:58:10.402842 [info ] [Thread-1 (]: 173 of 206 SKIP test not_null_mart_city_weather_temp_rank_global ............... [[33mSKIP[0m]
[0m02:58:10.406159 [debug] [Thread-7 (]: Marking all children of 'test.weather_analytics.not_null_mart_city_weather_last_updated.1836e0ed03' to be skipped because of status 'skipped'. 
[0m02:58:10.407927 [info ] [Thread-3 (]: 174 of 206 SKIP test not_null_mart_city_weather_temp_vs_7d_avg ................. [[33mSKIP[0m]
[0m02:58:10.410973 [info ] [Thread-4 (]: 175 of 206 SKIP test not_null_mart_city_weather_temperature_category ........... [[33mSKIP[0m]
[0m02:58:10.410973 [info ] [Thread-2 (]: 176 of 206 SKIP test not_null_mart_city_weather_trend_direction ................ [[33mSKIP[0m]
[0m02:58:10.413919 [debug] [Thread-1 (]: Finished running node test.weather_analytics.not_null_mart_city_weather_temp_rank_global.9be9a05144
[0m02:58:10.422535 [debug] [Thread-1 (]: Began running node test.weather_analytics.not_null_mart_city_weather_weather_alert.5881340303
[0m02:58:10.426128 [info ] [Thread-1 (]: 177 of 206 SKIP test not_null_mart_city_weather_weather_alert .................. [[33mSKIP[0m]
[0m02:58:10.435987 [debug] [Thread-1 (]: Finished running node test.weather_analytics.not_null_mart_city_weather_weather_alert.5881340303
[0m02:58:10.422535 [debug] [Thread-2 (]: Finished running node test.weather_analytics.not_null_mart_city_weather_trend_direction.8cc93d2556
[0m02:58:10.417371 [debug] [Thread-7 (]: Marking all children of 'test.weather_analytics.not_null_mart_city_weather_max_temp.48501cf21a' to be skipped because of status 'skipped'. 
[0m02:58:10.418464 [debug] [Thread-3 (]: Finished running node test.weather_analytics.not_null_mart_city_weather_temp_vs_7d_avg.b062a5f347
[0m02:58:10.419626 [debug] [Thread-4 (]: Finished running node test.weather_analytics.not_null_mart_city_weather_temperature_category.8dcbe90839
[0m02:58:10.438696 [debug] [Thread-1 (]: Began running node test.weather_analytics.unique_mart_city_weather_city__city__observation_date.fe4a9b950c
[0m02:58:10.441802 [debug] [Thread-7 (]: Marking all children of 'test.weather_analytics.not_null_mart_city_weather_min_temp.8a0fce37fa' to be skipped because of status 'skipped'. 
[0m02:58:10.446053 [info ] [Thread-1 (]: 178 of 206 SKIP test unique_mart_city_weather_city__city__observation_date ..... [[33mSKIP[0m]
[0m02:58:10.448066 [debug] [Thread-7 (]: Marking all children of 'test.weather_analytics.not_null_mart_city_weather_most_common_weather.0522bc99d4' to be skipped because of status 'skipped'. 
[0m02:58:10.450815 [debug] [Thread-1 (]: Finished running node test.weather_analytics.unique_mart_city_weather_city__city__observation_date.fe4a9b950c
[0m02:58:10.454139 [debug] [Thread-7 (]: Marking all children of 'test.weather_analytics.not_null_mart_city_weather_observation_date.e9c1c0528d' to be skipped because of status 'skipped'. 
[0m02:58:10.456664 [debug] [Thread-7 (]: Marking all children of 'test.weather_analytics.not_null_mart_city_weather_rolling_24h_avg_temp.004a75756c' to be skipped because of status 'skipped'. 
[0m02:58:10.460789 [debug] [Thread-7 (]: Marking all children of 'test.weather_analytics.not_null_mart_city_weather_rolling_7d_avg_temp.c9e2bae983' to be skipped because of status 'skipped'. 
[0m02:58:10.462195 [debug] [Thread-7 (]: Marking all children of 'test.weather_analytics.not_null_mart_city_weather_temp_percentile.7277cb4ba5' to be skipped because of status 'skipped'. 
[0m02:58:10.465705 [debug] [Thread-7 (]: Marking all children of 'test.weather_analytics.not_null_mart_city_weather_temp_rank_daily.69ddf22e90' to be skipped because of status 'skipped'. 
[0m02:58:10.467717 [debug] [Thread-7 (]: Marking all children of 'test.weather_analytics.not_null_mart_city_weather_temp_rank_global.9be9a05144' to be skipped because of status 'skipped'. 
[0m02:58:10.469718 [debug] [Thread-7 (]: Marking all children of 'test.weather_analytics.not_null_mart_city_weather_weather_alert.5881340303' to be skipped because of status 'skipped'. 
[0m02:58:10.471730 [debug] [Thread-7 (]: Marking all children of 'test.weather_analytics.not_null_mart_city_weather_trend_direction.8cc93d2556' to be skipped because of status 'skipped'. 
[0m02:58:10.473744 [debug] [Thread-7 (]: Marking all children of 'test.weather_analytics.not_null_mart_city_weather_temp_vs_7d_avg.b062a5f347' to be skipped because of status 'skipped'. 
[0m02:58:10.477020 [debug] [Thread-7 (]: Marking all children of 'test.weather_analytics.not_null_mart_city_weather_temperature_category.8dcbe90839' to be skipped because of status 'skipped'. 
[0m02:58:10.479228 [debug] [Thread-7 (]: Marking all children of 'test.weather_analytics.unique_mart_city_weather_city__city__observation_date.fe4a9b950c' to be skipped because of status 'skipped'. 
[0m02:58:10.482315 [debug] [Thread-2 (]: Began running node model.weather_analytics.mart_global_weather
[0m02:58:10.485409 [info ] [Thread-2 (]: 179 of 206 SKIP relation weather_marts.mart_global_weather ..................... [[33mSKIP[0m]
[0m02:58:10.487233 [debug] [Thread-2 (]: Finished running node model.weather_analytics.mart_global_weather
[0m02:58:10.489244 [debug] [Thread-7 (]: Marking all children of 'model.weather_analytics.mart_global_weather' to be skipped because of status 'skipped'. 
[0m02:58:10.494214 [debug] [Thread-4 (]: Began running node test.weather_analytics.dbt_utils_accepted_range_mart_global_weather_active_cities__0.a6072c8bf3
[0m02:58:10.494214 [debug] [Thread-1 (]: Began running node test.weather_analytics.dbt_utils_accepted_range_mart_global_weather_global_avg_humidity__100__0.73a826495b
[0m02:58:10.496942 [debug] [Thread-3 (]: Began running node test.weather_analytics.dbt_utils_accepted_range_mart_global_weather_global_avg_temp__60___50.eba6e42a72
[0m02:58:10.499547 [debug] [Thread-2 (]: Began running node test.weather_analytics.dbt_utils_accepted_range_mart_global_weather_global_avg_wind_speed__150__0.64f9ad2cc3
[0m02:58:10.499547 [info ] [Thread-4 (]: 180 of 206 SKIP test dbt_utils_accepted_range_mart_global_weather_active_cities__0  [[33mSKIP[0m]
[0m02:58:10.503572 [info ] [Thread-1 (]: 181 of 206 SKIP test dbt_utils_accepted_range_mart_global_weather_global_avg_humidity__100__0  [[33mSKIP[0m]
[0m02:58:10.504416 [info ] [Thread-3 (]: 182 of 206 SKIP test dbt_utils_accepted_range_mart_global_weather_global_avg_temp__60___50  [[33mSKIP[0m]
[0m02:58:10.509125 [info ] [Thread-2 (]: 183 of 206 SKIP test dbt_utils_accepted_range_mart_global_weather_global_avg_wind_speed__150__0  [[33mSKIP[0m]
[0m02:58:10.511837 [debug] [Thread-4 (]: Finished running node test.weather_analytics.dbt_utils_accepted_range_mart_global_weather_active_cities__0.a6072c8bf3
[0m02:58:10.512921 [debug] [Thread-1 (]: Finished running node test.weather_analytics.dbt_utils_accepted_range_mart_global_weather_global_avg_humidity__100__0.73a826495b
[0m02:58:10.515831 [debug] [Thread-3 (]: Finished running node test.weather_analytics.dbt_utils_accepted_range_mart_global_weather_global_avg_temp__60___50.eba6e42a72
[0m02:58:10.517766 [debug] [Thread-2 (]: Finished running node test.weather_analytics.dbt_utils_accepted_range_mart_global_weather_global_avg_wind_speed__150__0.64f9ad2cc3
[0m02:58:10.520182 [debug] [Thread-4 (]: Began running node test.weather_analytics.dbt_utils_accepted_range_mart_global_weather_global_max_temp__60___50.d86c80c83e
[0m02:58:10.520182 [debug] [Thread-7 (]: Marking all children of 'test.weather_analytics.dbt_utils_accepted_range_mart_global_weather_active_cities__0.a6072c8bf3' to be skipped because of status 'skipped'. 
[0m02:58:10.520182 [debug] [Thread-1 (]: Began running node test.weather_analytics.dbt_utils_accepted_range_mart_global_weather_global_min_temp__60___50.3e8071e574
[0m02:58:10.520182 [debug] [Thread-3 (]: Began running node test.weather_analytics.dbt_utils_is_json_mart_global_weather_weather_distribution.8be4afeb38
[0m02:58:10.520182 [debug] [Thread-2 (]: Began running node test.weather_analytics.not_null_mart_global_weather_active_cities.4b46198529
[0m02:58:10.526739 [info ] [Thread-4 (]: 184 of 206 SKIP test dbt_utils_accepted_range_mart_global_weather_global_max_temp__60___50  [[33mSKIP[0m]
[0m02:58:10.528479 [debug] [Thread-7 (]: Marking all children of 'test.weather_analytics.dbt_utils_accepted_range_mart_global_weather_global_avg_humidity__100__0.73a826495b' to be skipped because of status 'skipped'. 
[0m02:58:10.528479 [info ] [Thread-1 (]: 185 of 206 SKIP test dbt_utils_accepted_range_mart_global_weather_global_min_temp__60___50  [[33mSKIP[0m]
[0m02:58:10.533234 [info ] [Thread-3 (]: 186 of 206 SKIP test dbt_utils_is_json_mart_global_weather_weather_distribution  [[33mSKIP[0m]
[0m02:58:10.534654 [info ] [Thread-2 (]: 187 of 206 SKIP test not_null_mart_global_weather_active_cities ................ [[33mSKIP[0m]
[0m02:58:10.538988 [debug] [Thread-4 (]: Finished running node test.weather_analytics.dbt_utils_accepted_range_mart_global_weather_global_max_temp__60___50.d86c80c83e
[0m02:58:10.541002 [debug] [Thread-7 (]: Marking all children of 'test.weather_analytics.dbt_utils_accepted_range_mart_global_weather_global_avg_temp__60___50.eba6e42a72' to be skipped because of status 'skipped'. 
[0m02:58:10.544128 [debug] [Thread-1 (]: Finished running node test.weather_analytics.dbt_utils_accepted_range_mart_global_weather_global_min_temp__60___50.3e8071e574
[0m02:58:10.546713 [debug] [Thread-3 (]: Finished running node test.weather_analytics.dbt_utils_is_json_mart_global_weather_weather_distribution.8be4afeb38
[0m02:58:10.548728 [debug] [Thread-2 (]: Finished running node test.weather_analytics.not_null_mart_global_weather_active_cities.4b46198529
[0m02:58:10.552918 [debug] [Thread-4 (]: Began running node test.weather_analytics.not_null_mart_global_weather_avg_temp_rolling_7d.c337874902
[0m02:58:10.552918 [debug] [Thread-7 (]: Marking all children of 'test.weather_analytics.dbt_utils_accepted_range_mart_global_weather_global_avg_wind_speed__150__0.64f9ad2cc3' to be skipped because of status 'skipped'. 
[0m02:58:10.555866 [debug] [Thread-1 (]: Began running node test.weather_analytics.not_null_mart_global_weather_coldest_city.114c67cc43
[0m02:58:10.555866 [debug] [Thread-3 (]: Began running node test.weather_analytics.not_null_mart_global_weather_coldest_city_temp.52118569ac
[0m02:58:10.560472 [debug] [Thread-2 (]: Began running node test.weather_analytics.not_null_mart_global_weather_extreme_event_count.52e3b6729e
[0m02:58:10.560472 [info ] [Thread-4 (]: 188 of 206 SKIP test not_null_mart_global_weather_avg_temp_rolling_7d .......... [[33mSKIP[0m]
[0m02:58:10.563876 [debug] [Thread-7 (]: Marking all children of 'test.weather_analytics.dbt_utils_accepted_range_mart_global_weather_global_max_temp__60___50.d86c80c83e' to be skipped because of status 'skipped'. 
[0m02:58:10.566320 [info ] [Thread-1 (]: 189 of 206 SKIP test not_null_mart_global_weather_coldest_city ................. [[33mSKIP[0m]
[0m02:58:10.566935 [info ] [Thread-3 (]: 190 of 206 SKIP test not_null_mart_global_weather_coldest_city_temp ............ [[33mSKIP[0m]
[0m02:58:10.568845 [info ] [Thread-2 (]: 191 of 206 SKIP test not_null_mart_global_weather_extreme_event_count .......... [[33mSKIP[0m]
[0m02:58:10.570092 [debug] [Thread-4 (]: Finished running node test.weather_analytics.not_null_mart_global_weather_avg_temp_rolling_7d.c337874902
[0m02:58:10.573009 [debug] [Thread-7 (]: Marking all children of 'test.weather_analytics.dbt_utils_accepted_range_mart_global_weather_global_min_temp__60___50.3e8071e574' to be skipped because of status 'skipped'. 
[0m02:58:10.573922 [debug] [Thread-1 (]: Finished running node test.weather_analytics.not_null_mart_global_weather_coldest_city.114c67cc43
[0m02:58:10.573922 [debug] [Thread-3 (]: Finished running node test.weather_analytics.not_null_mart_global_weather_coldest_city_temp.52118569ac
[0m02:58:10.577304 [debug] [Thread-2 (]: Finished running node test.weather_analytics.not_null_mart_global_weather_extreme_event_count.52e3b6729e
[0m02:58:10.577304 [debug] [Thread-4 (]: Began running node test.weather_analytics.not_null_mart_global_weather_global_avg_humidity.95837f2007
[0m02:58:10.577304 [debug] [Thread-7 (]: Marking all children of 'test.weather_analytics.dbt_utils_is_json_mart_global_weather_weather_distribution.8be4afeb38' to be skipped because of status 'skipped'. 
[0m02:58:10.580733 [debug] [Thread-1 (]: Began running node test.weather_analytics.not_null_mart_global_weather_global_avg_temp.fb72cffb97
[0m02:58:10.582934 [debug] [Thread-3 (]: Began running node test.weather_analytics.not_null_mart_global_weather_global_avg_wind_speed.fcff8f4402
[0m02:58:10.582934 [debug] [Thread-2 (]: Began running node test.weather_analytics.not_null_mart_global_weather_global_max_temp.ee44f6aca7
[0m02:58:10.587800 [info ] [Thread-4 (]: 192 of 206 SKIP test not_null_mart_global_weather_global_avg_humidity .......... [[33mSKIP[0m]
[0m02:58:10.589288 [debug] [Thread-7 (]: Marking all children of 'test.weather_analytics.not_null_mart_global_weather_active_cities.4b46198529' to be skipped because of status 'skipped'. 
[0m02:58:10.591501 [info ] [Thread-1 (]: 193 of 206 SKIP test not_null_mart_global_weather_global_avg_temp .............. [[33mSKIP[0m]
[0m02:58:10.591501 [info ] [Thread-3 (]: 194 of 206 SKIP test not_null_mart_global_weather_global_avg_wind_speed ........ [[33mSKIP[0m]
[0m02:58:10.595562 [info ] [Thread-2 (]: 195 of 206 SKIP test not_null_mart_global_weather_global_max_temp .............. [[33mSKIP[0m]
[0m02:58:10.597590 [debug] [Thread-4 (]: Finished running node test.weather_analytics.not_null_mart_global_weather_global_avg_humidity.95837f2007
[0m02:58:10.598497 [debug] [Thread-7 (]: Marking all children of 'test.weather_analytics.not_null_mart_global_weather_avg_temp_rolling_7d.c337874902' to be skipped because of status 'skipped'. 
[0m02:58:10.599535 [debug] [Thread-1 (]: Finished running node test.weather_analytics.not_null_mart_global_weather_global_avg_temp.fb72cffb97
[0m02:58:10.599535 [debug] [Thread-3 (]: Finished running node test.weather_analytics.not_null_mart_global_weather_global_avg_wind_speed.fcff8f4402
[0m02:58:10.603839 [debug] [Thread-2 (]: Finished running node test.weather_analytics.not_null_mart_global_weather_global_max_temp.ee44f6aca7
[0m02:58:10.605639 [debug] [Thread-4 (]: Began running node test.weather_analytics.not_null_mart_global_weather_global_min_temp.5d42f82e9b
[0m02:58:10.605639 [debug] [Thread-7 (]: Marking all children of 'test.weather_analytics.not_null_mart_global_weather_coldest_city.114c67cc43' to be skipped because of status 'skipped'. 
[0m02:58:10.608975 [debug] [Thread-1 (]: Began running node test.weather_analytics.not_null_mart_global_weather_global_most_common_weather.3e9fc56ddd
[0m02:58:10.611129 [debug] [Thread-3 (]: Began running node test.weather_analytics.not_null_mart_global_weather_highest_humidity_city.53f9452fb3
[0m02:58:10.612708 [debug] [Thread-2 (]: Began running node test.weather_analytics.not_null_mart_global_weather_highest_humidity_value.9ca30db7c6
[0m02:58:10.614934 [info ] [Thread-4 (]: 196 of 206 SKIP test not_null_mart_global_weather_global_min_temp .............. [[33mSKIP[0m]
[0m02:58:10.616444 [debug] [Thread-7 (]: Marking all children of 'test.weather_analytics.not_null_mart_global_weather_coldest_city_temp.52118569ac' to be skipped because of status 'skipped'. 
[0m02:58:10.616444 [info ] [Thread-1 (]: 197 of 206 SKIP test not_null_mart_global_weather_global_most_common_weather ... [[33mSKIP[0m]
[0m02:58:10.619982 [info ] [Thread-3 (]: 198 of 206 SKIP test not_null_mart_global_weather_highest_humidity_city ........ [[33mSKIP[0m]
[0m02:58:10.621915 [info ] [Thread-2 (]: 199 of 206 SKIP test not_null_mart_global_weather_highest_humidity_value ....... [[33mSKIP[0m]
[0m02:58:10.623426 [debug] [Thread-4 (]: Finished running node test.weather_analytics.not_null_mart_global_weather_global_min_temp.5d42f82e9b
[0m02:58:10.625438 [debug] [Thread-7 (]: Marking all children of 'test.weather_analytics.not_null_mart_global_weather_extreme_event_count.52e3b6729e' to be skipped because of status 'skipped'. 
[0m02:58:10.626944 [debug] [Thread-1 (]: Finished running node test.weather_analytics.not_null_mart_global_weather_global_most_common_weather.3e9fc56ddd
[0m02:58:10.628499 [debug] [Thread-3 (]: Finished running node test.weather_analytics.not_null_mart_global_weather_highest_humidity_city.53f9452fb3
[0m02:58:10.630488 [debug] [Thread-2 (]: Finished running node test.weather_analytics.not_null_mart_global_weather_highest_humidity_value.9ca30db7c6
[0m02:58:10.630488 [debug] [Thread-4 (]: Began running node test.weather_analytics.not_null_mart_global_weather_hottest_city.9c207ec94a
[0m02:58:10.630488 [debug] [Thread-7 (]: Marking all children of 'test.weather_analytics.not_null_mart_global_weather_global_avg_humidity.95837f2007' to be skipped because of status 'skipped'. 
[0m02:58:10.635836 [debug] [Thread-1 (]: Began running node test.weather_analytics.not_null_mart_global_weather_hottest_city_temp.f0ae64390e
[0m02:58:10.637251 [debug] [Thread-3 (]: Began running node test.weather_analytics.not_null_mart_global_weather_last_updated.2dc7b01010
[0m02:58:10.637251 [debug] [Thread-2 (]: Began running node test.weather_analytics.not_null_mart_global_weather_observation_date.8517294449
[0m02:58:10.637251 [info ] [Thread-4 (]: 200 of 206 SKIP test not_null_mart_global_weather_hottest_city ................. [[33mSKIP[0m]
[0m02:58:10.643093 [debug] [Thread-7 (]: Marking all children of 'test.weather_analytics.not_null_mart_global_weather_global_avg_temp.fb72cffb97' to be skipped because of status 'skipped'. 
[0m02:58:10.646020 [info ] [Thread-1 (]: 201 of 206 SKIP test not_null_mart_global_weather_hottest_city_temp ............ [[33mSKIP[0m]
[0m02:58:10.646020 [info ] [Thread-3 (]: 202 of 206 SKIP test not_null_mart_global_weather_last_updated ................. [[33mSKIP[0m]
[0m02:58:10.649699 [info ] [Thread-2 (]: 203 of 206 SKIP test not_null_mart_global_weather_observation_date ............. [[33mSKIP[0m]
[0m02:58:10.649699 [debug] [Thread-4 (]: Finished running node test.weather_analytics.not_null_mart_global_weather_hottest_city.9c207ec94a
[0m02:58:10.653258 [debug] [Thread-7 (]: Marking all children of 'test.weather_analytics.not_null_mart_global_weather_global_avg_wind_speed.fcff8f4402' to be skipped because of status 'skipped'. 
[0m02:58:10.655338 [debug] [Thread-1 (]: Finished running node test.weather_analytics.not_null_mart_global_weather_hottest_city_temp.f0ae64390e
[0m02:58:10.655338 [debug] [Thread-3 (]: Finished running node test.weather_analytics.not_null_mart_global_weather_last_updated.2dc7b01010
[0m02:58:10.658725 [debug] [Thread-2 (]: Finished running node test.weather_analytics.not_null_mart_global_weather_observation_date.8517294449
[0m02:58:10.658725 [debug] [Thread-4 (]: Began running node test.weather_analytics.not_null_mart_global_weather_temp_range.16d3458afd
[0m02:58:10.658725 [debug] [Thread-7 (]: Marking all children of 'test.weather_analytics.not_null_mart_global_weather_global_max_temp.ee44f6aca7' to be skipped because of status 'skipped'. 
[0m02:58:10.663665 [debug] [Thread-1 (]: Began running node test.weather_analytics.not_null_mart_global_weather_weather_distribution.b8111b9758
[0m02:58:10.665136 [debug] [Thread-3 (]: Began running node test.weather_analytics.unique_mart_global_weather_observation_date__observation_date.ac08c2241b
[0m02:58:10.668528 [info ] [Thread-4 (]: 204 of 206 SKIP test not_null_mart_global_weather_temp_range ................... [[33mSKIP[0m]
[0m02:58:10.670503 [debug] [Thread-7 (]: Marking all children of 'test.weather_analytics.not_null_mart_global_weather_global_min_temp.5d42f82e9b' to be skipped because of status 'skipped'. 
[0m02:58:10.672420 [info ] [Thread-1 (]: 205 of 206 SKIP test not_null_mart_global_weather_weather_distribution ......... [[33mSKIP[0m]
[0m02:58:10.672420 [info ] [Thread-3 (]: 206 of 206 SKIP test unique_mart_global_weather_observation_date__observation_date  [[33mSKIP[0m]
[0m02:58:10.676676 [debug] [Thread-4 (]: Finished running node test.weather_analytics.not_null_mart_global_weather_temp_range.16d3458afd
[0m02:58:10.676676 [debug] [Thread-7 (]: Marking all children of 'test.weather_analytics.not_null_mart_global_weather_global_most_common_weather.3e9fc56ddd' to be skipped because of status 'skipped'. 
[0m02:58:10.680360 [debug] [Thread-1 (]: Finished running node test.weather_analytics.not_null_mart_global_weather_weather_distribution.b8111b9758
[0m02:58:10.683194 [debug] [Thread-3 (]: Finished running node test.weather_analytics.unique_mart_global_weather_observation_date__observation_date.ac08c2241b
[0m02:58:10.685547 [debug] [Thread-7 (]: Marking all children of 'test.weather_analytics.not_null_mart_global_weather_highest_humidity_city.53f9452fb3' to be skipped because of status 'skipped'. 
[0m02:58:10.687368 [debug] [Thread-7 (]: Marking all children of 'test.weather_analytics.not_null_mart_global_weather_highest_humidity_value.9ca30db7c6' to be skipped because of status 'skipped'. 
[0m02:58:10.691424 [debug] [Thread-7 (]: Marking all children of 'test.weather_analytics.not_null_mart_global_weather_hottest_city.9c207ec94a' to be skipped because of status 'skipped'. 
[0m02:58:10.691744 [debug] [Thread-7 (]: Marking all children of 'test.weather_analytics.not_null_mart_global_weather_hottest_city_temp.f0ae64390e' to be skipped because of status 'skipped'. 
[0m02:58:10.691744 [debug] [Thread-7 (]: Marking all children of 'test.weather_analytics.not_null_mart_global_weather_last_updated.2dc7b01010' to be skipped because of status 'skipped'. 
[0m02:58:10.691744 [debug] [Thread-7 (]: Marking all children of 'test.weather_analytics.not_null_mart_global_weather_observation_date.8517294449' to be skipped because of status 'skipped'. 
[0m02:58:10.697873 [debug] [Thread-7 (]: Marking all children of 'test.weather_analytics.not_null_mart_global_weather_temp_range.16d3458afd' to be skipped because of status 'skipped'. 
[0m02:58:10.699767 [debug] [Thread-7 (]: Marking all children of 'test.weather_analytics.not_null_mart_global_weather_weather_distribution.b8111b9758' to be skipped because of status 'skipped'. 
[0m02:58:10.700464 [debug] [Thread-7 (]: Marking all children of 'test.weather_analytics.unique_mart_global_weather_observation_date__observation_date.ac08c2241b' to be skipped because of status 'skipped'. 
[0m02:58:10.705190 [debug] [MainThread]: Using duckdb connection "master"
[0m02:58:10.708242 [debug] [MainThread]: On master: BEGIN
[0m02:58:10.709316 [debug] [MainThread]: Opening a new connection, currently in state closed
[0m02:58:10.709316 [debug] [MainThread]: SQL status: OK in 0.003 seconds
[0m02:58:10.713316 [debug] [MainThread]: On master: COMMIT
[0m02:58:10.713316 [debug] [MainThread]: Using duckdb connection "master"
[0m02:58:10.716538 [debug] [MainThread]: On master: COMMIT
[0m02:58:10.716538 [debug] [MainThread]: SQL status: OK in 0.001 seconds
[0m02:58:10.716538 [debug] [MainThread]: On master: Close
[0m02:58:10.720800 [debug] [MainThread]: Connection 'master' was properly closed.
[0m02:58:10.722203 [debug] [MainThread]: Connection 'create_analytics_weather_intermediate' was properly closed.
[0m02:58:10.722203 [debug] [MainThread]: Connection 'create_analytics_weather_marts' was properly closed.
[0m02:58:10.724860 [debug] [MainThread]: Connection 'create_analytics_weather_dbt_test__audit' was properly closed.
[0m02:58:10.726146 [debug] [MainThread]: Connection 'create_analytics_weather_staging' was properly closed.
[0m02:58:10.727398 [debug] [MainThread]: Connection 'list_analytics_weather_staging' was properly closed.
[0m02:58:10.729335 [debug] [MainThread]: Connection 'list_analytics_weather_marts' was properly closed.
[0m02:58:10.729335 [debug] [MainThread]: Connection 'list_analytics_weather_intermediate' was properly closed.
[0m02:58:10.729335 [debug] [MainThread]: Connection 'list_analytics_weather_dbt_test__audit' was properly closed.
[0m02:58:10.733125 [debug] [MainThread]: Connection 'model.weather_analytics.stg_weather' was properly closed.
[0m02:58:10.734430 [info ] [MainThread]: 
[0m02:58:10.734430 [info ] [MainThread]: Finished running 13 table models, 192 data tests, 1 view model in 0 hours 0 minutes and 3.15 seconds (3.15s).
[0m02:58:10.752370 [debug] [MainThread]: Command end result
[0m02:58:11.050193 [debug] [MainThread]: Wrote artifact WritableManifest to C:\Users\Shank\PROJECT-CS\data engineering\weather-data-platform\dbt_weather\target\manifest.json
[0m02:58:11.052686 [debug] [MainThread]: Wrote artifact SemanticManifest to C:\Users\Shank\PROJECT-CS\data engineering\weather-data-platform\dbt_weather\target\semantic_manifest.json
[0m02:58:11.081540 [debug] [MainThread]: Wrote artifact RunExecutionResult to C:\Users\Shank\PROJECT-CS\data engineering\weather-data-platform\dbt_weather\target\run_results.json
[0m02:58:11.087386 [info ] [MainThread]: 
[0m02:58:11.088940 [info ] [MainThread]: [31mCompleted with 1 error, 0 partial successes, and 0 warnings:[0m
[0m02:58:11.090862 [info ] [MainThread]: 
[0m02:58:11.090862 [error] [MainThread]: [31mFailure in model stg_weather (models\staging\stg_weather.sql)[0m
[0m02:58:11.096394 [error] [MainThread]:   Runtime Error in model stg_weather (models\staging\stg_weather.sql)
  Binder Error: Catalog "weather" does not exist!
[0m02:58:11.097426 [info ] [MainThread]: 
[0m02:58:11.097426 [info ] [MainThread]:   compiled code at target\compiled\weather_analytics\models\staging\stg_weather.sql
[0m02:58:11.103848 [info ] [MainThread]: 
[0m02:58:11.106354 [info ] [MainThread]: Done. PASS=0 WARN=0 ERROR=1 SKIP=205 NO-OP=0 TOTAL=206
[0m02:58:11.114120 [debug] [MainThread]: Command `dbt build` failed at 02:58:11.112689 after 8.40 seconds
[0m02:58:11.115374 [debug] [MainThread]: Sending event: {'category': 'dbt', 'action': 'invocation', 'label': 'end', 'context': [<snowplow_tracker.self_describing_json.SelfDescribingJson object at 0x00000222FD7B62D0>, <snowplow_tracker.self_describing_json.SelfDescribingJson object at 0x00000222FD7B65D0>, <snowplow_tracker.self_describing_json.SelfDescribingJson object at 0x0000022282F5C290>]}
[0m02:58:11.118956 [debug] [MainThread]: Flushing usage events
[0m02:58:13.170550 [debug] [MainThread]: An error was encountered while trying to flush usage events
[0m02:59:29.159168 [debug] [MainThread]: Sending event: {'category': 'dbt', 'action': 'invocation', 'label': 'start', 'context': [<snowplow_tracker.self_describing_json.SelfDescribingJson object at 0x0000020D598CA2D0>, <snowplow_tracker.self_describing_json.SelfDescribingJson object at 0x0000020D590B2650>, <snowplow_tracker.self_describing_json.SelfDescribingJson object at 0x0000020D59845150>]}


============================== 02:59:29.168331 | 2490a79d-7a13-404c-b5da-1885ea30cb08 ==============================
[0m02:59:29.168331 [info ] [MainThread]: Running with dbt=1.11.11
[0m02:59:29.168331 [debug] [MainThread]: running dbt with arguments {'version_check': 'True', 'no_print': 'None', 'static_parser': 'True', 'target_path': 'None', 'warn_error_options': 'WarnErrorOptionsV2(error=[], warn=[], silence=[])', 'printer_width': '80', 'write_json': 'True', 'introspect': 'True', 'log_cache_events': 'False', 'empty': 'None', 'cache_selected_only': 'False', 'fail_fast': 'False', 'debug': 'False', 'log_format': 'default', 'profiles_dir': 'C:\\Users\\Shank\\PROJECT-CS\\data engineering\\weather-data-platform\\dbt_weather', 'send_anonymous_usage_stats': 'True', 'quiet': 'False', 'warn_error': 'None', 'partial_parse': 'True', 'indirect_selection': 'eager', 'invocation_command': 'dbt clean', 'use_colors': 'True', 'use_experimental_parser': 'False', 'log_path': 'C:\\Users\\Shank\\PROJECT-CS\\data engineering\\weather-data-platform\\dbt_weather\\logs'}
[0m02:59:30.643624 [debug] [MainThread]: Sending event: {'category': 'dbt', 'action': 'project_id', 'label': '2490a79d-7a13-404c-b5da-1885ea30cb08', 'context': [<snowplow_tracker.self_describing_json.SelfDescribingJson object at 0x0000020D598C9990>]}
[0m02:59:31.004533 [debug] [MainThread]: Command `dbt clean` succeeded at 02:59:31.004533 after 2.18 seconds
[0m02:59:31.004533 [debug] [MainThread]: Sending event: {'category': 'dbt', 'action': 'invocation', 'label': 'end', 'context': [<snowplow_tracker.self_describing_json.SelfDescribingJson object at 0x0000020D52DD6750>, <snowplow_tracker.self_describing_json.SelfDescribingJson object at 0x0000020D52DD62D0>, <snowplow_tracker.self_describing_json.SelfDescribingJson object at 0x0000020D52DD65D0>]}
[0m02:59:31.004533 [debug] [MainThread]: Flushing usage events
[0m02:59:33.901035 [debug] [MainThread]: An error was encountered while trying to flush usage events
[0m02:59:41.423181 [debug] [MainThread]: Sending event: {'category': 'dbt', 'action': 'invocation', 'label': 'start', 'context': [<snowplow_tracker.self_describing_json.SelfDescribingJson object at 0x00000223EEC8A3D0>, <snowplow_tracker.self_describing_json.SelfDescribingJson object at 0x00000223EEC8BD90>, <snowplow_tracker.self_describing_json.SelfDescribingJson object at 0x00000223EEC8B110>]}


============================== 02:59:41.436472 | ea84d83a-2e7e-4bfb-ac6c-0b8d509fafa5 ==============================
[0m02:59:41.436472 [info ] [MainThread]: Running with dbt=1.11.11
[0m02:59:41.436472 [debug] [MainThread]: running dbt with arguments {'version_check': 'True', 'no_print': 'None', 'static_parser': 'True', 'warn_error_options': 'WarnErrorOptionsV2(error=[], warn=[], silence=[])', 'target_path': 'None', 'printer_width': '80', 'write_json': 'True', 'introspect': 'True', 'log_cache_events': 'False', 'empty': 'None', 'cache_selected_only': 'False', 'log_format': 'default', 'debug': 'False', 'fail_fast': 'False', 'profiles_dir': 'C:\\Users\\Shank\\PROJECT-CS\\data engineering\\weather-data-platform\\dbt_weather', 'send_anonymous_usage_stats': 'True', 'quiet': 'False', 'warn_error': 'None', 'partial_parse': 'True', 'invocation_command': 'dbt deps', 'use_colors': 'True', 'indirect_selection': 'eager', 'use_experimental_parser': 'False', 'log_path': 'C:\\Users\\Shank\\PROJECT-CS\\data engineering\\weather-data-platform\\dbt_weather\\logs'}
[0m02:59:42.789465 [debug] [MainThread]: Sending event: {'category': 'dbt', 'action': 'project_id', 'label': 'ea84d83a-2e7e-4bfb-ac6c-0b8d509fafa5', 'context': [<snowplow_tracker.self_describing_json.SelfDescribingJson object at 0x00000223EED213D0>]}
[0m02:59:42.896686 [debug] [MainThread]: Set downloads directory='C:\Users\Shank\AppData\Local\Temp\dbt-downloads-ac8lp0lh'
[0m02:59:42.898728 [debug] [MainThread]: Making package index registry request: GET https://hub.getdbt.com/api/v1/index.json
[0m02:59:44.422801 [debug] [MainThread]: Response from registry index: GET https://hub.getdbt.com/api/v1/index.json 200
[0m02:59:44.430581 [debug] [MainThread]: Making package registry request: GET https://hub.getdbt.com/api/v1/dbt-labs/dbt_utils.json
[0m02:59:45.981041 [debug] [MainThread]: Response from registry: GET https://hub.getdbt.com/api/v1/dbt-labs/dbt_utils.json 200
[0m02:59:46.001231 [debug] [MainThread]: Making package registry request: GET https://hub.getdbt.com/api/v1/dbt-labs/codegen.json
[0m02:59:47.942062 [debug] [MainThread]: Response from registry: GET https://hub.getdbt.com/api/v1/dbt-labs/codegen.json 200
[0m02:59:47.949627 [info ] [MainThread]: Installing dbt-labs/dbt_utils
[0m02:59:51.182447 [info ] [MainThread]: Installed from version 1.1.1
[0m02:59:51.185006 [info ] [MainThread]: Updated version available: 1.4.0
[0m02:59:51.187040 [debug] [MainThread]: Sending event: {'category': 'dbt', 'action': 'package', 'label': 'ea84d83a-2e7e-4bfb-ac6c-0b8d509fafa5', 'property_': 'install', 'context': [<snowplow_tracker.self_describing_json.SelfDescribingJson object at 0x00000223EFE24710>, <snowplow_tracker.self_describing_json.SelfDescribingJson object at 0x00000223EED20FD0>]}
[0m02:59:51.187040 [info ] [MainThread]: Installing dbt-labs/codegen
[0m02:59:53.600499 [info ] [MainThread]: Installed from version 0.12.1
[0m02:59:53.601846 [info ] [MainThread]: Updated version available: 0.14.1
[0m02:59:53.604180 [debug] [MainThread]: Sending event: {'category': 'dbt', 'action': 'package', 'label': 'ea84d83a-2e7e-4bfb-ac6c-0b8d509fafa5', 'property_': 'install', 'context': [<snowplow_tracker.self_describing_json.SelfDescribingJson object at 0x00000223EFD824D0>, <snowplow_tracker.self_describing_json.SelfDescribingJson object at 0x00000223EFDF6790>]}
[0m02:59:53.606197 [info ] [MainThread]: 
[0m02:59:53.608765 [info ] [MainThread]: Updates available for packages: ['dbt-labs/dbt_utils', 'dbt-labs/codegen']                 
Update your versions in packages.yml, then run dbt deps
[0m02:59:53.616356 [debug] [MainThread]: Command `dbt deps` succeeded at 02:59:53.616356 after 12.56 seconds
[0m02:59:53.618414 [debug] [MainThread]: Sending event: {'category': 'dbt', 'action': 'invocation', 'label': 'end', 'context': [<snowplow_tracker.self_describing_json.SelfDescribingJson object at 0x00000223E8146210>, <snowplow_tracker.self_describing_json.SelfDescribingJson object at 0x00000223E8146750>, <snowplow_tracker.self_describing_json.SelfDescribingJson object at 0x00000223E81462D0>]}
[0m02:59:53.621786 [debug] [MainThread]: Flushing usage events
[0m02:59:56.234734 [debug] [MainThread]: An error was encountered while trying to flush usage events
[0m03:00:04.793862 [debug] [MainThread]: Sending event: {'category': 'dbt', 'action': 'invocation', 'label': 'start', 'context': [<snowplow_tracker.self_describing_json.SelfDescribingJson object at 0x000001ED944D5010>, <snowplow_tracker.self_describing_json.SelfDescribingJson object at 0x000001ED944D51D0>, <snowplow_tracker.self_describing_json.SelfDescribingJson object at 0x000001ED94289190>]}


============================== 03:00:04.803328 | a0f9d287-63b2-4144-86cc-53585e8b7b1a ==============================
[0m03:00:04.803328 [info ] [MainThread]: Running with dbt=1.11.11
[0m03:00:04.806496 [debug] [MainThread]: running dbt with arguments {'version_check': 'True', 'no_print': 'None', 'static_parser': 'True', 'target_path': 'None', 'warn_error_options': 'WarnErrorOptionsV2(error=[], warn=[], silence=[])', 'printer_width': '80', 'write_json': 'True', 'empty': 'False', 'log_cache_events': 'False', 'introspect': 'True', 'cache_selected_only': 'False', 'log_format': 'default', 'debug': 'False', 'fail_fast': 'False', 'profiles_dir': 'C:\\Users\\Shank\\PROJECT-CS\\data engineering\\weather-data-platform\\dbt_weather', 'send_anonymous_usage_stats': 'True', 'quiet': 'False', 'warn_error': 'None', 'partial_parse': 'True', 'invocation_command': 'dbt build', 'use_colors': 'True', 'indirect_selection': 'eager', 'use_experimental_parser': 'False', 'log_path': 'C:\\Users\\Shank\\PROJECT-CS\\data engineering\\weather-data-platform\\dbt_weather\\logs'}
[0m03:00:06.056285 [debug] [MainThread]: Sending event: {'category': 'dbt', 'action': 'project_id', 'label': 'a0f9d287-63b2-4144-86cc-53585e8b7b1a', 'context': [<snowplow_tracker.self_describing_json.SelfDescribingJson object at 0x000001ED955D1910>]}
[0m03:00:06.264319 [debug] [MainThread]: Sending event: {'category': 'dbt', 'action': 'adapter_info', 'label': 'a0f9d287-63b2-4144-86cc-53585e8b7b1a', 'context': [<snowplow_tracker.self_describing_json.SelfDescribingJson object at 0x000001ED90F17190>]}
[0m03:00:06.280029 [info ] [MainThread]: Registered adapter: duckdb=1.10.1
[0m03:00:07.165031 [debug] [MainThread]: checksum: 30a8cc8fdcbf66701b0944d4ccce3fa46dd04b61e5df68b9f16d57b2e0e3f0be, vars: {}, profile: , target: , version: 1.11.11
[0m03:00:07.171059 [info ] [MainThread]: Unable to do partial parsing because saved manifest not found. Starting full parse.
[0m03:00:07.173067 [debug] [MainThread]: Sending event: {'category': 'dbt', 'action': 'partial_parser', 'label': 'a0f9d287-63b2-4144-86cc-53585e8b7b1a', 'context': [<snowplow_tracker.self_describing_json.SelfDescribingJson object at 0x000001ED955C95D0>]}
[0m03:00:12.837811 [warn ] [MainThread]: [[33mWARNING[0m][MissingArgumentsPropertyInGenericTestDeprecation]: Deprecated
functionality
Found top-level arguments to test `dbt_utils.accepted_range` defined on
'int_weather_metrics' in package 'weather_analytics'
(models\intermediate\schema.yml). Arguments to generic tests should be nested
under the `arguments` property.
[0m03:00:12.837811 [debug] [MainThread]: Sending event: {'category': 'dbt', 'action': 'deprecation', 'label': 'a0f9d287-63b2-4144-86cc-53585e8b7b1a', 'property_': 'warn', 'context': [<snowplow_tracker.self_describing_json.SelfDescribingJson object at 0x000001ED9611FB90>]}
[0m03:00:15.245688 [warn ] [MainThread]: [[33mWARNING[0m]: Configuration paths exist in your dbt_project.yml file which do not apply to any resources.
There are 2 unused configuration paths:
- seeds
- snapshots
[0m03:00:15.306676 [debug] [MainThread]: Sending event: {'category': 'dbt', 'action': 'load_project', 'label': 'a0f9d287-63b2-4144-86cc-53585e8b7b1a', 'context': [<snowplow_tracker.self_describing_json.SelfDescribingJson object at 0x000001ED95CE7690>]}
[0m03:00:15.707155 [debug] [MainThread]: Wrote artifact WritableManifest to C:\Users\Shank\PROJECT-CS\data engineering\weather-data-platform\dbt_weather\target\manifest.json
[0m03:00:15.713252 [debug] [MainThread]: Wrote artifact SemanticManifest to C:\Users\Shank\PROJECT-CS\data engineering\weather-data-platform\dbt_weather\target\semantic_manifest.json
[0m03:00:15.857363 [debug] [MainThread]: Sending event: {'category': 'dbt', 'action': 'resource_counts', 'label': 'a0f9d287-63b2-4144-86cc-53585e8b7b1a', 'context': [<snowplow_tracker.self_describing_json.SelfDescribingJson object at 0x000001ED964D7A50>]}
[0m03:00:15.858913 [info ] [MainThread]: Found 14 models, 192 data tests, 2 sources, 611 macros
[0m03:00:15.905737 [info ] [MainThread]: 
[0m03:00:15.908307 [info ] [MainThread]: Concurrency: 4 threads (target='dev')
[0m03:00:15.912064 [info ] [MainThread]: 
[0m03:00:15.912064 [debug] [MainThread]: Acquiring new duckdb connection 'master'
[0m03:00:15.956960 [debug] [ThreadPool]: Acquiring new duckdb connection 'list_analytics'
[0m03:00:15.963004 [debug] [ThreadPool]: Acquiring new duckdb connection 'list_analytics'
[0m03:00:15.975687 [debug] [ThreadPool]: Acquiring new duckdb connection 'list_analytics'
[0m03:00:15.998817 [debug] [ThreadPool]: Acquiring new duckdb connection 'list_analytics'
[0m03:00:16.797073 [debug] [ThreadPool]: Using duckdb connection "list_analytics"
[0m03:00:16.802800 [debug] [ThreadPool]: Using duckdb connection "list_analytics"
[0m03:00:16.802800 [debug] [ThreadPool]: Using duckdb connection "list_analytics"
[0m03:00:16.802800 [debug] [ThreadPool]: Using duckdb connection "list_analytics"
[0m03:00:16.807307 [debug] [ThreadPool]: On list_analytics: /* {"app": "dbt", "dbt_version": "1.11.11", "profile_name": "weather_analytics", "target_name": "dev", "connection_name": "list_analytics"} */

    
    select schema_name
    from system.information_schema.schemata
    
    where lower(catalog_name) = '"analytics"'
    
  
  
[0m03:00:16.809321 [debug] [ThreadPool]: On list_analytics: /* {"app": "dbt", "dbt_version": "1.11.11", "profile_name": "weather_analytics", "target_name": "dev", "connection_name": "list_analytics"} */

    
    select schema_name
    from system.information_schema.schemata
    
    where lower(catalog_name) = '"analytics"'
    
  
  
[0m03:00:16.809321 [debug] [ThreadPool]: On list_analytics: /* {"app": "dbt", "dbt_version": "1.11.11", "profile_name": "weather_analytics", "target_name": "dev", "connection_name": "list_analytics"} */

    
    select schema_name
    from system.information_schema.schemata
    
    where lower(catalog_name) = '"analytics"'
    
  
  
[0m03:00:16.811334 [debug] [ThreadPool]: On list_analytics: /* {"app": "dbt", "dbt_version": "1.11.11", "profile_name": "weather_analytics", "target_name": "dev", "connection_name": "list_analytics"} */

    
    select schema_name
    from system.information_schema.schemata
    
    where lower(catalog_name) = '"analytics"'
    
  
  
[0m03:00:16.813345 [debug] [ThreadPool]: Opening a new connection, currently in state init
[0m03:00:16.815356 [debug] [ThreadPool]: Opening a new connection, currently in state init
[0m03:00:16.815356 [debug] [ThreadPool]: Opening a new connection, currently in state init
[0m03:00:16.817371 [debug] [ThreadPool]: Opening a new connection, currently in state init
[0m03:00:16.879989 [debug] [ThreadPool]: SQL status: OK in 0.065 seconds
[0m03:00:16.879989 [debug] [ThreadPool]: SQL status: OK in 0.068 seconds
[0m03:00:16.883184 [debug] [ThreadPool]: SQL status: OK in 0.066 seconds
[0m03:00:16.883184 [debug] [ThreadPool]: SQL status: OK in 0.065 seconds
[0m03:00:16.886521 [debug] [ThreadPool]: On list_analytics: Close
[0m03:00:16.890153 [debug] [ThreadPool]: On list_analytics: Close
[0m03:00:16.890153 [debug] [ThreadPool]: On list_analytics: Close
[0m03:00:16.896189 [debug] [ThreadPool]: On list_analytics: Close
[0m03:00:16.898201 [debug] [ThreadPool]: Re-using an available connection from the pool (formerly list_analytics, now create_analytics_weather_intermediate)
[0m03:00:16.902565 [debug] [ThreadPool]: Re-using an available connection from the pool (formerly list_analytics, now create_analytics_weather_marts)
[0m03:00:16.904939 [debug] [ThreadPool]: Re-using an available connection from the pool (formerly list_analytics, now create_analytics_weather_staging)
[0m03:00:16.904939 [debug] [ThreadPool]: Re-using an available connection from the pool (formerly list_analytics, now create_analytics_weather_dbt_test__audit)
[0m03:00:16.904939 [debug] [ThreadPool]: Creating schema "database: "analytics"
schema: "weather_intermediate"
"
[0m03:00:16.904939 [debug] [ThreadPool]: Creating schema "database: "analytics"
schema: "weather_marts"
"
[0m03:00:16.904939 [debug] [ThreadPool]: Creating schema "database: "analytics"
schema: "weather_staging"
"
[0m03:00:16.904939 [debug] [ThreadPool]: Creating schema "database: "analytics"
schema: "weather_dbt_test__audit"
"
[0m03:00:16.930484 [debug] [ThreadPool]: Using duckdb connection "create_analytics_weather_intermediate"
[0m03:00:16.938078 [debug] [ThreadPool]: Using duckdb connection "create_analytics_weather_marts"
[0m03:00:16.945391 [debug] [ThreadPool]: Using duckdb connection "create_analytics_weather_staging"
[0m03:00:16.951131 [debug] [ThreadPool]: Using duckdb connection "create_analytics_weather_dbt_test__audit"
[0m03:00:16.951131 [debug] [ThreadPool]: On create_analytics_weather_intermediate: /* {"app": "dbt", "dbt_version": "1.11.11", "profile_name": "weather_analytics", "target_name": "dev", "connection_name": "create_analytics_weather_intermediate"} */

    
        select type from duckdb_databases()
        where lower(database_name)='analytics'
        and type='sqlite'
    
  
[0m03:00:16.957539 [debug] [ThreadPool]: On create_analytics_weather_marts: /* {"app": "dbt", "dbt_version": "1.11.11", "profile_name": "weather_analytics", "target_name": "dev", "connection_name": "create_analytics_weather_marts"} */

    
        select type from duckdb_databases()
        where lower(database_name)='analytics'
        and type='sqlite'
    
  
[0m03:00:16.957539 [debug] [ThreadPool]: On create_analytics_weather_staging: /* {"app": "dbt", "dbt_version": "1.11.11", "profile_name": "weather_analytics", "target_name": "dev", "connection_name": "create_analytics_weather_staging"} */

    
        select type from duckdb_databases()
        where lower(database_name)='analytics'
        and type='sqlite'
    
  
[0m03:00:16.961203 [debug] [ThreadPool]: On create_analytics_weather_dbt_test__audit: /* {"app": "dbt", "dbt_version": "1.11.11", "profile_name": "weather_analytics", "target_name": "dev", "connection_name": "create_analytics_weather_dbt_test__audit"} */

    
        select type from duckdb_databases()
        where lower(database_name)='analytics'
        and type='sqlite'
    
  
[0m03:00:16.963125 [debug] [ThreadPool]: Opening a new connection, currently in state closed
[0m03:00:16.963832 [debug] [ThreadPool]: Opening a new connection, currently in state closed
[0m03:00:16.963832 [debug] [ThreadPool]: Opening a new connection, currently in state closed
[0m03:00:16.966754 [debug] [ThreadPool]: Opening a new connection, currently in state closed
[0m03:00:16.966754 [debug] [ThreadPool]: SQL status: OK in 0.007 seconds
[0m03:00:16.971019 [debug] [ThreadPool]: SQL status: OK in 0.006 seconds
[0m03:00:16.973135 [debug] [ThreadPool]: SQL status: OK in 0.007 seconds
[0m03:00:16.974145 [debug] [ThreadPool]: SQL status: OK in 0.007 seconds
[0m03:00:16.977334 [debug] [ThreadPool]: Using duckdb connection "create_analytics_weather_intermediate"
[0m03:00:16.980450 [debug] [ThreadPool]: Using duckdb connection "create_analytics_weather_marts"
[0m03:00:16.985181 [debug] [ThreadPool]: Using duckdb connection "create_analytics_weather_staging"
[0m03:00:16.985181 [debug] [ThreadPool]: Using duckdb connection "create_analytics_weather_dbt_test__audit"
[0m03:00:16.985181 [debug] [ThreadPool]: On create_analytics_weather_intermediate: BEGIN
[0m03:00:16.985181 [debug] [ThreadPool]: On create_analytics_weather_marts: BEGIN
[0m03:00:16.991405 [debug] [ThreadPool]: On create_analytics_weather_staging: BEGIN
[0m03:00:16.993383 [debug] [ThreadPool]: On create_analytics_weather_dbt_test__audit: BEGIN
[0m03:00:16.993383 [debug] [ThreadPool]: SQL status: OK in 0.001 seconds
[0m03:00:16.993383 [debug] [ThreadPool]: SQL status: OK in 0.000 seconds
[0m03:00:16.993383 [debug] [ThreadPool]: SQL status: OK in 0.001 seconds
[0m03:00:16.993383 [debug] [ThreadPool]: SQL status: OK in 0.000 seconds
[0m03:00:17.001818 [debug] [ThreadPool]: Using duckdb connection "create_analytics_weather_intermediate"
[0m03:00:17.001818 [debug] [ThreadPool]: Using duckdb connection "create_analytics_weather_marts"
[0m03:00:17.004696 [debug] [ThreadPool]: Using duckdb connection "create_analytics_weather_staging"
[0m03:00:17.004696 [debug] [ThreadPool]: Using duckdb connection "create_analytics_weather_dbt_test__audit"
[0m03:00:17.007463 [debug] [ThreadPool]: On create_analytics_weather_intermediate: /* {"app": "dbt", "dbt_version": "1.11.11", "profile_name": "weather_analytics", "target_name": "dev", "connection_name": "create_analytics_weather_intermediate"} */

    
    
        create schema if not exists "analytics"."weather_intermediate"
    
[0m03:00:17.007463 [debug] [ThreadPool]: On create_analytics_weather_marts: /* {"app": "dbt", "dbt_version": "1.11.11", "profile_name": "weather_analytics", "target_name": "dev", "connection_name": "create_analytics_weather_marts"} */

    
    
        create schema if not exists "analytics"."weather_marts"
    
[0m03:00:17.007463 [debug] [ThreadPool]: On create_analytics_weather_staging: /* {"app": "dbt", "dbt_version": "1.11.11", "profile_name": "weather_analytics", "target_name": "dev", "connection_name": "create_analytics_weather_staging"} */

    
    
        create schema if not exists "analytics"."weather_staging"
    
[0m03:00:17.007463 [debug] [ThreadPool]: On create_analytics_weather_dbt_test__audit: /* {"app": "dbt", "dbt_version": "1.11.11", "profile_name": "weather_analytics", "target_name": "dev", "connection_name": "create_analytics_weather_dbt_test__audit"} */

    
    
        create schema if not exists "analytics"."weather_dbt_test__audit"
    
[0m03:00:17.007463 [debug] [ThreadPool]: SQL status: OK in 0.001 seconds
[0m03:00:17.007463 [debug] [ThreadPool]: SQL status: OK in 0.000 seconds
[0m03:00:17.007463 [debug] [ThreadPool]: SQL status: OK in 0.001 seconds
[0m03:00:17.007463 [debug] [ThreadPool]: SQL status: OK in 0.002 seconds
[0m03:00:17.022522 [debug] [ThreadPool]: On create_analytics_weather_intermediate: COMMIT
[0m03:00:17.022522 [debug] [ThreadPool]: On create_analytics_weather_marts: COMMIT
[0m03:00:17.027855 [debug] [ThreadPool]: On create_analytics_weather_staging: COMMIT
[0m03:00:17.027855 [debug] [ThreadPool]: On create_analytics_weather_dbt_test__audit: COMMIT
[0m03:00:17.027855 [debug] [ThreadPool]: Using duckdb connection "create_analytics_weather_intermediate"
[0m03:00:17.027855 [debug] [ThreadPool]: Using duckdb connection "create_analytics_weather_marts"
[0m03:00:17.035780 [debug] [ThreadPool]: Using duckdb connection "create_analytics_weather_staging"
[0m03:00:17.036851 [debug] [ThreadPool]: Using duckdb connection "create_analytics_weather_dbt_test__audit"
[0m03:00:17.038859 [debug] [ThreadPool]: On create_analytics_weather_intermediate: COMMIT
[0m03:00:17.038859 [debug] [ThreadPool]: On create_analytics_weather_marts: COMMIT
[0m03:00:17.038859 [debug] [ThreadPool]: On create_analytics_weather_staging: COMMIT
[0m03:00:17.038859 [debug] [ThreadPool]: On create_analytics_weather_dbt_test__audit: COMMIT
[0m03:00:17.046435 [debug] [ThreadPool]: SQL status: OK in 0.003 seconds
[0m03:00:17.048788 [debug] [ThreadPool]: SQL status: OK in 0.004 seconds
[0m03:00:17.050943 [debug] [ThreadPool]: On create_analytics_weather_intermediate: Close
[0m03:00:17.050943 [debug] [ThreadPool]: SQL status: OK in 0.005 seconds
[0m03:00:17.050943 [debug] [ThreadPool]: SQL status: OK in 0.006 seconds
[0m03:00:17.053396 [debug] [ThreadPool]: On create_analytics_weather_marts: Close
[0m03:00:17.053396 [debug] [ThreadPool]: On create_analytics_weather_staging: Close
[0m03:00:17.053396 [debug] [ThreadPool]: On create_analytics_weather_dbt_test__audit: Close
[0m03:00:17.096019 [debug] [ThreadPool]: Acquiring new duckdb connection 'list_analytics_weather_intermediate'
[0m03:00:17.096019 [debug] [ThreadPool]: Acquiring new duckdb connection 'list_analytics_weather_marts'
[0m03:00:17.103962 [debug] [ThreadPool]: Using duckdb connection "list_analytics_weather_intermediate"
[0m03:00:17.103962 [debug] [ThreadPool]: Acquiring new duckdb connection 'list_analytics_weather_staging'
[0m03:00:17.103962 [debug] [ThreadPool]: Acquiring new duckdb connection 'list_analytics_weather_dbt_test__audit'
[0m03:00:17.120477 [debug] [ThreadPool]: Using duckdb connection "list_analytics_weather_marts"
[0m03:00:17.124840 [debug] [ThreadPool]: On list_analytics_weather_intermediate: BEGIN
[0m03:00:17.127901 [debug] [ThreadPool]: Using duckdb connection "list_analytics_weather_staging"
[0m03:00:17.138540 [debug] [ThreadPool]: Using duckdb connection "list_analytics_weather_dbt_test__audit"
[0m03:00:17.138540 [debug] [ThreadPool]: On list_analytics_weather_marts: BEGIN
[0m03:00:17.138540 [debug] [ThreadPool]: Opening a new connection, currently in state init
[0m03:00:17.143594 [debug] [ThreadPool]: On list_analytics_weather_staging: BEGIN
[0m03:00:17.143594 [debug] [ThreadPool]: On list_analytics_weather_dbt_test__audit: BEGIN
[0m03:00:17.145959 [debug] [ThreadPool]: Opening a new connection, currently in state init
[0m03:00:17.145959 [debug] [ThreadPool]: SQL status: OK in 0.007 seconds
[0m03:00:17.149387 [debug] [ThreadPool]: Opening a new connection, currently in state init
[0m03:00:17.151694 [debug] [ThreadPool]: Opening a new connection, currently in state init
[0m03:00:17.151694 [debug] [ThreadPool]: SQL status: OK in 0.008 seconds
[0m03:00:17.151694 [debug] [ThreadPool]: Using duckdb connection "list_analytics_weather_intermediate"
[0m03:00:17.157574 [debug] [ThreadPool]: SQL status: OK in 0.007 seconds
[0m03:00:17.158297 [debug] [ThreadPool]: SQL status: OK in 0.007 seconds
[0m03:00:17.158297 [debug] [ThreadPool]: Using duckdb connection "list_analytics_weather_marts"
[0m03:00:17.158297 [debug] [ThreadPool]: On list_analytics_weather_intermediate: /* {"app": "dbt", "dbt_version": "1.11.11", "profile_name": "weather_analytics", "target_name": "dev", "connection_name": "list_analytics_weather_intermediate"} */
select
      'analytics' as database,
      table_name as name,
      table_schema as schema,
      CASE table_type
        WHEN 'BASE TABLE' THEN 'table'
        WHEN 'VIEW' THEN 'view'
        WHEN 'LOCAL TEMPORARY' THEN 'table'
        END as type
    from system.information_schema.tables
    where lower(table_schema) = 'weather_intermediate'
    and lower(table_catalog) = 'analytics'
  
[0m03:00:17.158297 [debug] [ThreadPool]: Using duckdb connection "list_analytics_weather_staging"
[0m03:00:17.164917 [debug] [ThreadPool]: Using duckdb connection "list_analytics_weather_dbt_test__audit"
[0m03:00:17.164917 [debug] [ThreadPool]: On list_analytics_weather_marts: /* {"app": "dbt", "dbt_version": "1.11.11", "profile_name": "weather_analytics", "target_name": "dev", "connection_name": "list_analytics_weather_marts"} */
select
      'analytics' as database,
      table_name as name,
      table_schema as schema,
      CASE table_type
        WHEN 'BASE TABLE' THEN 'table'
        WHEN 'VIEW' THEN 'view'
        WHEN 'LOCAL TEMPORARY' THEN 'table'
        END as type
    from system.information_schema.tables
    where lower(table_schema) = 'weather_marts'
    and lower(table_catalog) = 'analytics'
  
[0m03:00:17.167720 [debug] [ThreadPool]: On list_analytics_weather_staging: /* {"app": "dbt", "dbt_version": "1.11.11", "profile_name": "weather_analytics", "target_name": "dev", "connection_name": "list_analytics_weather_staging"} */
select
      'analytics' as database,
      table_name as name,
      table_schema as schema,
      CASE table_type
        WHEN 'BASE TABLE' THEN 'table'
        WHEN 'VIEW' THEN 'view'
        WHEN 'LOCAL TEMPORARY' THEN 'table'
        END as type
    from system.information_schema.tables
    where lower(table_schema) = 'weather_staging'
    and lower(table_catalog) = 'analytics'
  
[0m03:00:17.171845 [debug] [ThreadPool]: On list_analytics_weather_dbt_test__audit: /* {"app": "dbt", "dbt_version": "1.11.11", "profile_name": "weather_analytics", "target_name": "dev", "connection_name": "list_analytics_weather_dbt_test__audit"} */
select
      'analytics' as database,
      table_name as name,
      table_schema as schema,
      CASE table_type
        WHEN 'BASE TABLE' THEN 'table'
        WHEN 'VIEW' THEN 'view'
        WHEN 'LOCAL TEMPORARY' THEN 'table'
        END as type
    from system.information_schema.tables
    where lower(table_schema) = 'weather_dbt_test__audit'
    and lower(table_catalog) = 'analytics'
  
[0m03:00:17.208838 [debug] [ThreadPool]: SQL status: OK in 0.041 seconds
[0m03:00:17.208838 [debug] [ThreadPool]: SQL status: OK in 0.037 seconds
[0m03:00:17.212175 [debug] [ThreadPool]: SQL status: OK in 0.037 seconds
[0m03:00:17.212175 [debug] [ThreadPool]: SQL status: OK in 0.039 seconds
[0m03:00:17.215317 [debug] [ThreadPool]: On list_analytics_weather_intermediate: ROLLBACK
[0m03:00:17.215317 [debug] [ThreadPool]: On list_analytics_weather_marts: ROLLBACK
[0m03:00:17.220303 [debug] [ThreadPool]: On list_analytics_weather_dbt_test__audit: ROLLBACK
[0m03:00:17.223604 [debug] [ThreadPool]: On list_analytics_weather_staging: ROLLBACK
[0m03:00:17.223604 [debug] [ThreadPool]: Failed to rollback 'list_analytics_weather_intermediate'
[0m03:00:17.231803 [debug] [ThreadPool]: Failed to rollback 'list_analytics_weather_marts'
[0m03:00:17.233013 [debug] [ThreadPool]: Failed to rollback 'list_analytics_weather_staging'
[0m03:00:17.233013 [debug] [ThreadPool]: Failed to rollback 'list_analytics_weather_dbt_test__audit'
[0m03:00:17.235379 [debug] [ThreadPool]: On list_analytics_weather_intermediate: Close
[0m03:00:17.235379 [debug] [ThreadPool]: On list_analytics_weather_marts: Close
[0m03:00:17.235379 [debug] [ThreadPool]: On list_analytics_weather_staging: Close
[0m03:00:17.235379 [debug] [ThreadPool]: On list_analytics_weather_dbt_test__audit: Close
[0m03:00:17.241875 [debug] [MainThread]: Sending event: {'category': 'dbt', 'action': 'runnable_timing', 'label': 'a0f9d287-63b2-4144-86cc-53585e8b7b1a', 'context': [<snowplow_tracker.self_describing_json.SelfDescribingJson object at 0x000001ED95DBE410>]}
[0m03:00:17.245194 [debug] [MainThread]: Using duckdb connection "master"
[0m03:00:17.246854 [debug] [MainThread]: On master: BEGIN
[0m03:00:17.247866 [debug] [MainThread]: Opening a new connection, currently in state init
[0m03:00:17.247866 [debug] [MainThread]: SQL status: OK in 0.002 seconds
[0m03:00:17.251124 [debug] [MainThread]: On master: COMMIT
[0m03:00:17.251124 [debug] [MainThread]: Using duckdb connection "master"
[0m03:00:17.253482 [debug] [MainThread]: On master: COMMIT
[0m03:00:17.253482 [debug] [MainThread]: SQL status: OK in 0.000 seconds
[0m03:00:17.255511 [debug] [MainThread]: On master: Close
[0m03:00:17.265573 [debug] [Thread-1 (]: Began running node model.weather_analytics.stg_weather
[0m03:00:17.267585 [info ] [Thread-1 (]: 1 of 206 START sql view model weather_staging.stg_weather ...................... [RUN]
[0m03:00:17.271625 [debug] [Thread-1 (]: Acquiring new duckdb connection 'model.weather_analytics.stg_weather'
[0m03:00:17.271625 [debug] [Thread-1 (]: Began compiling node model.weather_analytics.stg_weather
[0m03:00:17.296604 [debug] [Thread-1 (]: Writing injected SQL for node "model.weather_analytics.stg_weather"
[0m03:00:17.303387 [debug] [Thread-1 (]: Began executing node model.weather_analytics.stg_weather
[0m03:00:17.384655 [debug] [Thread-1 (]: Writing runtime sql for node "model.weather_analytics.stg_weather"
[0m03:00:17.391942 [debug] [Thread-1 (]: Using duckdb connection "model.weather_analytics.stg_weather"
[0m03:00:17.394295 [debug] [Thread-1 (]: On model.weather_analytics.stg_weather: BEGIN
[0m03:00:17.394295 [debug] [Thread-1 (]: Opening a new connection, currently in state init
[0m03:00:17.394295 [debug] [Thread-1 (]: SQL status: OK in 0.002 seconds
[0m03:00:17.400632 [debug] [Thread-1 (]: Using duckdb connection "model.weather_analytics.stg_weather"
[0m03:00:17.400632 [debug] [Thread-1 (]: On model.weather_analytics.stg_weather: /* {"app": "dbt", "dbt_version": "1.11.11", "profile_name": "weather_analytics", "target_name": "dev", "node_id": "model.weather_analytics.stg_weather"} */

  
  create view "analytics"."weather_staging"."stg_weather__dbt_tmp" as (
    ﻿

SELECT 
    city,
    temperature_celsius,
    humidity,
    pressure,
    wind_speed,
    weather_main,
    weather_description,
    observation_time,
    'sample' as ingestion_id,
    CURRENT_TIMESTAMP() as processed_time
FROM "weather"."weather"."weather_gold"
WHERE is_valid = TRUE
  );

[0m03:00:17.400632 [debug] [Thread-1 (]: DuckDB adapter: duckdb error: Binder Error: Catalog "weather" does not exist!
[0m03:00:17.400632 [debug] [Thread-1 (]: DuckDB adapter: Error running SQL: /* {"app": "dbt", "dbt_version": "1.11.11", "profile_name": "weather_analytics", "target_name": "dev", "node_id": "model.weather_analytics.stg_weather"} */

  
  create view "analytics"."weather_staging"."stg_weather__dbt_tmp" as (
    ﻿

SELECT 
    city,
    temperature_celsius,
    humidity,
    pressure,
    wind_speed,
    weather_main,
    weather_description,
    observation_time,
    'sample' as ingestion_id,
    CURRENT_TIMESTAMP() as processed_time
FROM "weather"."weather"."weather_gold"
WHERE is_valid = TRUE
  );

[0m03:00:17.400632 [debug] [Thread-1 (]: DuckDB adapter: Rolling back transaction.
[0m03:00:17.400632 [debug] [Thread-1 (]: On model.weather_analytics.stg_weather: ROLLBACK
[0m03:00:17.413449 [debug] [Thread-1 (]: Failed to rollback 'model.weather_analytics.stg_weather'
[0m03:00:17.416380 [debug] [Thread-1 (]: On model.weather_analytics.stg_weather: Close
[0m03:00:17.432039 [debug] [Thread-1 (]: Runtime Error in model stg_weather (models\staging\stg_weather.sql)
  Binder Error: Catalog "weather" does not exist!
[0m03:00:17.438052 [debug] [Thread-1 (]: Sending event: {'category': 'dbt', 'action': 'run_model', 'label': 'a0f9d287-63b2-4144-86cc-53585e8b7b1a', 'context': [<snowplow_tracker.self_describing_json.SelfDescribingJson object at 0x000001ED95F97390>]}
[0m03:00:17.438052 [error] [Thread-1 (]: 1 of 206 ERROR creating sql view model weather_staging.stg_weather ............. [[31mERROR[0m in 0.16s]
[0m03:00:17.438052 [debug] [Thread-1 (]: Finished running node model.weather_analytics.stg_weather
[0m03:00:17.438052 [debug] [Thread-7 (]: Marking all children of 'model.weather_analytics.stg_weather' to be skipped because of status 'error'.  Reason: Runtime Error in model stg_weather (models\staging\stg_weather.sql)
  Binder Error: Catalog "weather" does not exist!.
[0m03:00:17.447721 [debug] [Thread-3 (]: Began running node test.weather_analytics.accepted_values_stg_weather_humidity__False__0__10__20__30__40__50__60__70__80__90__100.73e778e1d8
[0m03:00:17.450703 [debug] [Thread-2 (]: Began running node test.weather_analytics.accepted_values_stg_weather_temperature_celsius__False___50___40___30___20___10__0__10__20__30__40__50__60.7a1e325c60
[0m03:00:17.452427 [debug] [Thread-1 (]: Began running node test.weather_analytics.accepted_values_stg_weather_weather_main__Clear__Clouds__Rain__Snow__Thunderstorm__Drizzle__Mist__Fog.561ae1bb6f
[0m03:00:17.454657 [debug] [Thread-4 (]: Began running node test.weather_analytics.dbt_utils_accepted_range_stg_weather_pressure__1100__800.c4ac4a4a40
[0m03:00:17.452848 [info ] [Thread-3 (]: 2 of 206 SKIP test accepted_values_stg_weather_humidity__False__0__10__20__30__40__50__60__70__80__90__100  [[33mSKIP[0m]
[0m03:00:17.456170 [info ] [Thread-2 (]: 3 of 206 SKIP test accepted_values_stg_weather_temperature_celsius__False___50___40___30___20___10__0__10__20__30__40__50__60  [[33mSKIP[0m]
[0m03:00:17.457648 [info ] [Thread-1 (]: 4 of 206 SKIP test accepted_values_stg_weather_weather_main__Clear__Clouds__Rain__Snow__Thunderstorm__Drizzle__Mist__Fog  [[33mSKIP[0m]
[0m03:00:17.457648 [info ] [Thread-4 (]: 5 of 206 SKIP test dbt_utils_accepted_range_stg_weather_pressure__1100__800 .... [[33mSKIP[0m]
[0m03:00:17.462060 [debug] [Thread-3 (]: Finished running node test.weather_analytics.accepted_values_stg_weather_humidity__False__0__10__20__30__40__50__60__70__80__90__100.73e778e1d8
[0m03:00:17.464525 [debug] [Thread-2 (]: Finished running node test.weather_analytics.accepted_values_stg_weather_temperature_celsius__False___50___40___30___20___10__0__10__20__30__40__50__60.7a1e325c60
[0m03:00:17.468214 [debug] [Thread-1 (]: Finished running node test.weather_analytics.accepted_values_stg_weather_weather_main__Clear__Clouds__Rain__Snow__Thunderstorm__Drizzle__Mist__Fog.561ae1bb6f
[0m03:00:17.468214 [debug] [Thread-4 (]: Finished running node test.weather_analytics.dbt_utils_accepted_range_stg_weather_pressure__1100__800.c4ac4a4a40
[0m03:00:17.471725 [debug] [Thread-3 (]: Began running node test.weather_analytics.dbt_utils_accepted_range_stg_weather_wind_speed__150__0.b8294a872e
[0m03:00:17.471725 [debug] [Thread-7 (]: Marking all children of 'test.weather_analytics.accepted_values_stg_weather_humidity__False__0__10__20__30__40__50__60__70__80__90__100.73e778e1d8' to be skipped because of status 'skipped'. 
[0m03:00:17.471725 [debug] [Thread-2 (]: Began running node test.weather_analytics.not_null_stg_weather_city.c03e0c0127
[0m03:00:17.471725 [debug] [Thread-1 (]: Began running node test.weather_analytics.not_null_stg_weather_humidity.b6a67277d4
[0m03:00:17.477033 [debug] [Thread-4 (]: Began running node test.weather_analytics.not_null_stg_weather_ingestion_id.d24f79a9f2
[0m03:00:17.479081 [info ] [Thread-3 (]: 6 of 206 SKIP test dbt_utils_accepted_range_stg_weather_wind_speed__150__0 ..... [[33mSKIP[0m]
[0m03:00:17.481964 [debug] [Thread-7 (]: Marking all children of 'test.weather_analytics.accepted_values_stg_weather_temperature_celsius__False___50___40___30___20___10__0__10__20__30__40__50__60.7a1e325c60' to be skipped because of status 'skipped'. 
[0m03:00:17.481964 [info ] [Thread-2 (]: 7 of 206 SKIP test not_null_stg_weather_city ................................... [[33mSKIP[0m]
[0m03:00:17.485307 [info ] [Thread-1 (]: 8 of 206 SKIP test not_null_stg_weather_humidity ............................... [[33mSKIP[0m]
[0m03:00:17.487436 [info ] [Thread-4 (]: 9 of 206 SKIP test not_null_stg_weather_ingestion_id ........................... [[33mSKIP[0m]
[0m03:00:17.488510 [debug] [Thread-3 (]: Finished running node test.weather_analytics.dbt_utils_accepted_range_stg_weather_wind_speed__150__0.b8294a872e
[0m03:00:17.490319 [debug] [Thread-7 (]: Marking all children of 'test.weather_analytics.accepted_values_stg_weather_weather_main__Clear__Clouds__Rain__Snow__Thunderstorm__Drizzle__Mist__Fog.561ae1bb6f' to be skipped because of status 'skipped'. 
[0m03:00:17.493291 [debug] [Thread-2 (]: Finished running node test.weather_analytics.not_null_stg_weather_city.c03e0c0127
[0m03:00:17.494856 [debug] [Thread-1 (]: Finished running node test.weather_analytics.not_null_stg_weather_humidity.b6a67277d4
[0m03:00:17.494856 [debug] [Thread-4 (]: Finished running node test.weather_analytics.not_null_stg_weather_ingestion_id.d24f79a9f2
[0m03:00:17.497832 [debug] [Thread-3 (]: Began running node test.weather_analytics.not_null_stg_weather_observation_time.d375b794d8
[0m03:00:17.500316 [debug] [Thread-7 (]: Marking all children of 'test.weather_analytics.dbt_utils_accepted_range_stg_weather_pressure__1100__800.c4ac4a4a40' to be skipped because of status 'skipped'. 
[0m03:00:17.502453 [debug] [Thread-2 (]: Began running node test.weather_analytics.not_null_stg_weather_pressure.3ab9f4164d
[0m03:00:17.504609 [debug] [Thread-1 (]: Began running node test.weather_analytics.not_null_stg_weather_processed_time.fae4007b58
[0m03:00:17.506395 [debug] [Thread-4 (]: Began running node test.weather_analytics.not_null_stg_weather_temperature_celsius.8ef573f5f2
[0m03:00:17.506395 [info ] [Thread-3 (]: 10 of 206 SKIP test not_null_stg_weather_observation_time ...................... [[33mSKIP[0m]
[0m03:00:17.511527 [debug] [Thread-7 (]: Marking all children of 'test.weather_analytics.dbt_utils_accepted_range_stg_weather_wind_speed__150__0.b8294a872e' to be skipped because of status 'skipped'. 
[0m03:00:17.513040 [info ] [Thread-2 (]: 11 of 206 SKIP test not_null_stg_weather_pressure .............................. [[33mSKIP[0m]
[0m03:00:17.513040 [info ] [Thread-1 (]: 12 of 206 SKIP test not_null_stg_weather_processed_time ........................ [[33mSKIP[0m]
[0m03:00:17.516782 [info ] [Thread-4 (]: 13 of 206 SKIP test not_null_stg_weather_temperature_celsius ................... [[33mSKIP[0m]
[0m03:00:17.516782 [debug] [Thread-3 (]: Finished running node test.weather_analytics.not_null_stg_weather_observation_time.d375b794d8
[0m03:00:17.516782 [debug] [Thread-7 (]: Marking all children of 'test.weather_analytics.not_null_stg_weather_city.c03e0c0127' to be skipped because of status 'skipped'. 
[0m03:00:17.522722 [debug] [Thread-2 (]: Finished running node test.weather_analytics.not_null_stg_weather_pressure.3ab9f4164d
[0m03:00:17.523744 [debug] [Thread-1 (]: Finished running node test.weather_analytics.not_null_stg_weather_processed_time.fae4007b58
[0m03:00:17.525722 [debug] [Thread-4 (]: Finished running node test.weather_analytics.not_null_stg_weather_temperature_celsius.8ef573f5f2
[0m03:00:17.526757 [debug] [Thread-3 (]: Began running node test.weather_analytics.not_null_stg_weather_weather_description.cab6aa0704
[0m03:00:17.529905 [debug] [Thread-7 (]: Marking all children of 'test.weather_analytics.not_null_stg_weather_humidity.b6a67277d4' to be skipped because of status 'skipped'. 
[0m03:00:17.531503 [debug] [Thread-2 (]: Began running node test.weather_analytics.not_null_stg_weather_weather_main.6eaf717f12
[0m03:00:17.532987 [debug] [Thread-1 (]: Began running node test.weather_analytics.not_null_stg_weather_wind_speed.4738c7fd13
[0m03:00:17.535090 [debug] [Thread-4 (]: Began running node test.weather_analytics.test_weather_city_coverage
[0m03:00:17.535570 [info ] [Thread-3 (]: 14 of 206 SKIP test not_null_stg_weather_weather_description ................... [[33mSKIP[0m]
[0m03:00:17.538919 [debug] [Thread-7 (]: Marking all children of 'test.weather_analytics.not_null_stg_weather_ingestion_id.d24f79a9f2' to be skipped because of status 'skipped'. 
[0m03:00:17.541097 [info ] [Thread-2 (]: 15 of 206 SKIP test not_null_stg_weather_weather_main .......................... [[33mSKIP[0m]
[0m03:00:17.541097 [info ] [Thread-1 (]: 16 of 206 SKIP test not_null_stg_weather_wind_speed ............................ [[33mSKIP[0m]
[0m03:00:17.544632 [info ] [Thread-4 (]: 17 of 206 SKIP test test_weather_city_coverage ................................. [[33mSKIP[0m]
[0m03:00:17.546805 [debug] [Thread-3 (]: Finished running node test.weather_analytics.not_null_stg_weather_weather_description.cab6aa0704
[0m03:00:17.548280 [debug] [Thread-7 (]: Marking all children of 'test.weather_analytics.not_null_stg_weather_observation_time.d375b794d8' to be skipped because of status 'skipped'. 
[0m03:00:17.548280 [debug] [Thread-2 (]: Finished running node test.weather_analytics.not_null_stg_weather_weather_main.6eaf717f12
[0m03:00:17.548280 [debug] [Thread-1 (]: Finished running node test.weather_analytics.not_null_stg_weather_wind_speed.4738c7fd13
[0m03:00:17.553771 [debug] [Thread-4 (]: Finished running node test.weather_analytics.test_weather_city_coverage
[0m03:00:17.553771 [debug] [Thread-3 (]: Began running node test.weather_analytics.test_weather_duplicates
[0m03:00:17.553771 [debug] [Thread-7 (]: Marking all children of 'test.weather_analytics.not_null_stg_weather_pressure.3ab9f4164d' to be skipped because of status 'skipped'. 
[0m03:00:17.560171 [debug] [Thread-2 (]: Began running node test.weather_analytics.test_weather_humidity_range
[0m03:00:17.562086 [debug] [Thread-1 (]: Began running node test.weather_analytics.test_weather_seasonal_patterns
[0m03:00:17.562086 [debug] [Thread-4 (]: Began running node test.weather_analytics.test_weather_temperature_consistency
[0m03:00:17.562086 [info ] [Thread-3 (]: 18 of 206 SKIP test test_weather_duplicates .................................... [[33mSKIP[0m]
[0m03:00:17.568494 [debug] [Thread-7 (]: Marking all children of 'test.weather_analytics.not_null_stg_weather_processed_time.fae4007b58' to be skipped because of status 'skipped'. 
[0m03:00:17.569731 [info ] [Thread-2 (]: 19 of 206 SKIP test test_weather_humidity_range ................................ [[33mSKIP[0m]
[0m03:00:17.569731 [info ] [Thread-1 (]: 20 of 206 SKIP test test_weather_seasonal_patterns ............................. [[33mSKIP[0m]
[0m03:00:17.573580 [info ] [Thread-4 (]: 21 of 206 SKIP test test_weather_temperature_consistency ....................... [[33mSKIP[0m]
[0m03:00:17.573580 [debug] [Thread-3 (]: Finished running node test.weather_analytics.test_weather_duplicates
[0m03:00:17.577539 [debug] [Thread-7 (]: Marking all children of 'test.weather_analytics.not_null_stg_weather_temperature_celsius.8ef573f5f2' to be skipped because of status 'skipped'. 
[0m03:00:17.577539 [debug] [Thread-2 (]: Finished running node test.weather_analytics.test_weather_humidity_range
[0m03:00:17.582742 [debug] [Thread-1 (]: Finished running node test.weather_analytics.test_weather_seasonal_patterns
[0m03:00:17.582742 [debug] [Thread-4 (]: Finished running node test.weather_analytics.test_weather_temperature_consistency
[0m03:00:17.582742 [debug] [Thread-3 (]: Began running node test.weather_analytics.test_weather_temperature_range
[0m03:00:17.589451 [debug] [Thread-7 (]: Marking all children of 'test.weather_analytics.not_null_stg_weather_weather_description.cab6aa0704' to be skipped because of status 'skipped'. 
[0m03:00:17.589451 [debug] [Thread-2 (]: Began running node test.weather_analytics.unique_stg_weather_city__city__observation_time.fa00d0c117
[0m03:00:17.592417 [debug] [Thread-1 (]: Began running node test.weather_analytics.unique_stg_weather_ingestion_id.41c238a614
[0m03:00:17.592417 [info ] [Thread-3 (]: 22 of 206 SKIP test test_weather_temperature_range ............................. [[33mSKIP[0m]
[0m03:00:17.598225 [debug] [Thread-7 (]: Marking all children of 'test.weather_analytics.not_null_stg_weather_weather_main.6eaf717f12' to be skipped because of status 'skipped'. 
[0m03:00:17.598225 [info ] [Thread-2 (]: 23 of 206 SKIP test unique_stg_weather_city__city__observation_time ............ [[33mSKIP[0m]
[0m03:00:17.601813 [info ] [Thread-1 (]: 24 of 206 SKIP test unique_stg_weather_ingestion_id ............................ [[33mSKIP[0m]
[0m03:00:17.601813 [debug] [Thread-3 (]: Finished running node test.weather_analytics.test_weather_temperature_range
[0m03:00:17.605888 [debug] [Thread-7 (]: Marking all children of 'test.weather_analytics.not_null_stg_weather_wind_speed.4738c7fd13' to be skipped because of status 'skipped'. 
[0m03:00:17.606994 [debug] [Thread-2 (]: Finished running node test.weather_analytics.unique_stg_weather_city__city__observation_time.fa00d0c117
[0m03:00:17.606994 [debug] [Thread-1 (]: Finished running node test.weather_analytics.unique_stg_weather_ingestion_id.41c238a614
[0m03:00:17.610275 [debug] [Thread-7 (]: Marking all children of 'test.weather_analytics.test_weather_city_coverage' to be skipped because of status 'skipped'. 
[0m03:00:17.615629 [debug] [Thread-7 (]: Marking all children of 'test.weather_analytics.test_weather_duplicates' to be skipped because of status 'skipped'. 
[0m03:00:17.615629 [debug] [Thread-7 (]: Marking all children of 'test.weather_analytics.test_weather_humidity_range' to be skipped because of status 'skipped'. 
[0m03:00:17.620361 [debug] [Thread-7 (]: Marking all children of 'test.weather_analytics.test_weather_seasonal_patterns' to be skipped because of status 'skipped'. 
[0m03:00:17.620361 [debug] [Thread-7 (]: Marking all children of 'test.weather_analytics.test_weather_temperature_consistency' to be skipped because of status 'skipped'. 
[0m03:00:17.624039 [debug] [Thread-7 (]: Marking all children of 'test.weather_analytics.test_weather_temperature_range' to be skipped because of status 'skipped'. 
[0m03:00:17.626166 [debug] [Thread-7 (]: Marking all children of 'test.weather_analytics.unique_stg_weather_city__city__observation_time.fa00d0c117' to be skipped because of status 'skipped'. 
[0m03:00:17.626166 [debug] [Thread-7 (]: Marking all children of 'test.weather_analytics.unique_stg_weather_ingestion_id.41c238a614' to be skipped because of status 'skipped'. 
[0m03:00:17.631910 [debug] [Thread-4 (]: Began running node model.weather_analytics.extreme_weather_events
[0m03:00:17.631910 [debug] [Thread-3 (]: Began running node model.weather_analytics.int_climate_patterns
[0m03:00:17.631910 [debug] [Thread-2 (]: Began running node model.weather_analytics.int_weather_anomalies
[0m03:00:17.635966 [debug] [Thread-1 (]: Began running node model.weather_analytics.int_weather_correlation
[0m03:00:17.636732 [info ] [Thread-4 (]: 25 of 206 SKIP relation weather_marts.extreme_weather_events ................... [[33mSKIP[0m]
[0m03:00:17.637852 [info ] [Thread-3 (]: 26 of 206 SKIP relation weather_intermediate.int_climate_patterns .............. [[33mSKIP[0m]
[0m03:00:17.637852 [info ] [Thread-2 (]: 27 of 206 SKIP relation weather_intermediate.int_weather_anomalies ............. [[33mSKIP[0m]
[0m03:00:17.637852 [info ] [Thread-1 (]: 28 of 206 SKIP relation weather_intermediate.int_weather_correlation ........... [[33mSKIP[0m]
[0m03:00:17.644345 [debug] [Thread-4 (]: Finished running node model.weather_analytics.extreme_weather_events
[0m03:00:17.647304 [debug] [Thread-3 (]: Finished running node model.weather_analytics.int_climate_patterns
[0m03:00:17.648825 [debug] [Thread-2 (]: Finished running node model.weather_analytics.int_weather_anomalies
[0m03:00:17.650464 [debug] [Thread-1 (]: Finished running node model.weather_analytics.int_weather_correlation
[0m03:00:17.652141 [debug] [Thread-4 (]: Began running node model.weather_analytics.int_weather_forecast
[0m03:00:17.652141 [debug] [Thread-7 (]: Marking all children of 'model.weather_analytics.extreme_weather_events' to be skipped because of status 'skipped'. 
[0m03:00:17.652141 [debug] [Thread-3 (]: Began running node model.weather_analytics.int_weather_metrics
[0m03:00:17.657366 [debug] [Thread-2 (]: Began running node model.weather_analytics.int_weather_station_metrics
[0m03:00:17.657366 [debug] [Thread-1 (]: Began running node model.weather_analytics.mart_weather_forecast_accuracy
[0m03:00:17.659835 [info ] [Thread-4 (]: 29 of 206 SKIP relation weather_intermediate.int_weather_forecast .............. [[33mSKIP[0m]
[0m03:00:17.661563 [debug] [Thread-7 (]: Marking all children of 'model.weather_analytics.int_climate_patterns' to be skipped because of status 'skipped'. 
[0m03:00:17.661563 [info ] [Thread-3 (]: 30 of 206 SKIP relation weather_intermediate.int_weather_metrics ............... [[33mSKIP[0m]
[0m03:00:17.665753 [info ] [Thread-2 (]: 31 of 206 SKIP relation weather_intermediate.int_weather_station_metrics ....... [[33mSKIP[0m]
[0m03:00:17.668345 [info ] [Thread-1 (]: 32 of 206 SKIP relation weather_marts.mart_weather_forecast_accuracy ........... [[33mSKIP[0m]
[0m03:00:17.668345 [debug] [Thread-4 (]: Finished running node model.weather_analytics.int_weather_forecast
[0m03:00:17.673468 [debug] [Thread-7 (]: Marking all children of 'model.weather_analytics.int_weather_anomalies' to be skipped because of status 'skipped'. 
[0m03:00:17.675279 [debug] [Thread-3 (]: Finished running node model.weather_analytics.int_weather_metrics
[0m03:00:17.675279 [debug] [Thread-2 (]: Finished running node model.weather_analytics.int_weather_station_metrics
[0m03:00:17.678739 [debug] [Thread-1 (]: Finished running node model.weather_analytics.mart_weather_forecast_accuracy
[0m03:00:17.679230 [debug] [Thread-4 (]: Began running node model.weather_analytics.mart_weather_quality
[0m03:00:17.681666 [debug] [Thread-7 (]: Marking all children of 'model.weather_analytics.int_weather_correlation' to be skipped because of status 'skipped'. 
[0m03:00:17.683705 [debug] [Thread-3 (]: Began running node model.weather_analytics.weather_daily_summary
[0m03:00:17.686777 [debug] [Thread-2 (]: Began running node model.weather_analytics.weather_trend_analysis
[0m03:00:17.689002 [debug] [Thread-1 (]: Began running node test.weather_analytics.accepted_values_extreme_weather_events_event_severity__Low__Medium__High__Extreme.adfe74bd68
[0m03:00:17.689002 [info ] [Thread-4 (]: 33 of 206 SKIP relation weather_marts.mart_weather_quality ..................... [[33mSKIP[0m]
[0m03:00:17.692400 [debug] [Thread-7 (]: Marking all children of 'model.weather_analytics.int_weather_forecast' to be skipped because of status 'skipped'. 
[0m03:00:17.692400 [info ] [Thread-3 (]: 34 of 206 SKIP relation weather_marts.weather_daily_summary .................... [[33mSKIP[0m]
[0m03:00:17.695266 [info ] [Thread-2 (]: 35 of 206 SKIP relation weather_marts.weather_trend_analysis ................... [[33mSKIP[0m]
[0m03:00:17.698705 [info ] [Thread-1 (]: 36 of 206 SKIP test accepted_values_extreme_weather_events_event_severity__Low__Medium__High__Extreme  [[33mSKIP[0m]
[0m03:00:17.700515 [debug] [Thread-4 (]: Finished running node model.weather_analytics.mart_weather_quality
[0m03:00:17.702584 [debug] [Thread-7 (]: Marking all children of 'model.weather_analytics.int_weather_metrics' to be skipped because of status 'skipped'. 
[0m03:00:17.705328 [debug] [Thread-3 (]: Finished running node model.weather_analytics.weather_daily_summary
[0m03:00:17.706357 [debug] [Thread-2 (]: Finished running node model.weather_analytics.weather_trend_analysis
[0m03:00:17.706357 [debug] [Thread-1 (]: Finished running node test.weather_analytics.accepted_values_extreme_weather_events_event_severity__Low__Medium__High__Extreme.adfe74bd68
[0m03:00:17.706357 [debug] [Thread-4 (]: Began running node test.weather_analytics.accepted_values_extreme_weather_events_event_type__Heatwave__Storm__Heavy_Rain__Cold_Wave__Snowstorm__Hailstorm__Tornado.136722eb30
[0m03:00:17.712932 [debug] [Thread-7 (]: Marking all children of 'model.weather_analytics.int_weather_station_metrics' to be skipped because of status 'skipped'. 
[0m03:00:17.716215 [debug] [Thread-3 (]: Began running node test.weather_analytics.accepted_values_extreme_weather_events_is_alert_sent__True__False.5d88596f65
[0m03:00:17.719059 [debug] [Thread-2 (]: Began running node test.weather_analytics.dbt_utils_accepted_range_extreme_weather_events_event_duration_minutes__0.455375c4c9
[0m03:00:17.719059 [debug] [Thread-1 (]: Began running node test.weather_analytics.not_null_extreme_weather_events_city.da70f4ed48
[0m03:00:17.721102 [info ] [Thread-4 (]: 37 of 206 SKIP test accepted_values_extreme_weather_events_event_type__Heatwave__Storm__Heavy_Rain__Cold_Wave__Snowstorm__Hailstorm__Tornado  [[33mSKIP[0m]
[0m03:00:17.721102 [debug] [Thread-7 (]: Marking all children of 'model.weather_analytics.mart_weather_forecast_accuracy' to be skipped because of status 'skipped'. 
[0m03:00:17.724720 [info ] [Thread-3 (]: 38 of 206 SKIP test accepted_values_extreme_weather_events_is_alert_sent__True__False  [[33mSKIP[0m]
[0m03:00:17.726839 [info ] [Thread-2 (]: 39 of 206 SKIP test dbt_utils_accepted_range_extreme_weather_events_event_duration_minutes__0  [[33mSKIP[0m]
[0m03:00:17.729612 [info ] [Thread-1 (]: 40 of 206 SKIP test not_null_extreme_weather_events_city ....................... [[33mSKIP[0m]
[0m03:00:17.730809 [debug] [Thread-4 (]: Finished running node test.weather_analytics.accepted_values_extreme_weather_events_event_type__Heatwave__Storm__Heavy_Rain__Cold_Wave__Snowstorm__Hailstorm__Tornado.136722eb30
[0m03:00:17.733469 [debug] [Thread-7 (]: Marking all children of 'model.weather_analytics.mart_weather_quality' to be skipped because of status 'skipped'. 
[0m03:00:17.735408 [debug] [Thread-3 (]: Finished running node test.weather_analytics.accepted_values_extreme_weather_events_is_alert_sent__True__False.5d88596f65
[0m03:00:17.735408 [debug] [Thread-2 (]: Finished running node test.weather_analytics.dbt_utils_accepted_range_extreme_weather_events_event_duration_minutes__0.455375c4c9
[0m03:00:17.739328 [debug] [Thread-1 (]: Finished running node test.weather_analytics.not_null_extreme_weather_events_city.da70f4ed48
[0m03:00:17.742310 [debug] [Thread-4 (]: Began running node test.weather_analytics.not_null_extreme_weather_events_detection_time.74da6b7919
[0m03:00:17.742310 [debug] [Thread-7 (]: Marking all children of 'model.weather_analytics.weather_daily_summary' to be skipped because of status 'skipped'. 
[0m03:00:17.745730 [debug] [Thread-3 (]: Began running node test.weather_analytics.not_null_extreme_weather_events_event_duration_minutes.cba01a2388
[0m03:00:17.745730 [debug] [Thread-2 (]: Began running node test.weather_analytics.not_null_extreme_weather_events_event_severity.afc6ca8cf1
[0m03:00:17.749189 [debug] [Thread-1 (]: Began running node test.weather_analytics.not_null_extreme_weather_events_event_type.6cc0367ca6
[0m03:00:17.751141 [info ] [Thread-4 (]: 41 of 206 SKIP test not_null_extreme_weather_events_detection_time ............. [[33mSKIP[0m]
[0m03:00:17.751141 [debug] [Thread-7 (]: Marking all children of 'model.weather_analytics.weather_trend_analysis' to be skipped because of status 'skipped'. 
[0m03:00:17.754688 [info ] [Thread-3 (]: 42 of 206 SKIP test not_null_extreme_weather_events_event_duration_minutes ..... [[33mSKIP[0m]
[0m03:00:17.757315 [info ] [Thread-2 (]: 43 of 206 SKIP test not_null_extreme_weather_events_event_severity ............. [[33mSKIP[0m]
[0m03:00:17.759327 [info ] [Thread-1 (]: 44 of 206 SKIP test not_null_extreme_weather_events_event_type ................. [[33mSKIP[0m]
[0m03:00:17.759327 [debug] [Thread-4 (]: Finished running node test.weather_analytics.not_null_extreme_weather_events_detection_time.74da6b7919
[0m03:00:17.763536 [debug] [Thread-7 (]: Marking all children of 'test.weather_analytics.accepted_values_extreme_weather_events_event_severity__Low__Medium__High__Extreme.adfe74bd68' to be skipped because of status 'skipped'. 
[0m03:00:17.766736 [debug] [Thread-3 (]: Finished running node test.weather_analytics.not_null_extreme_weather_events_event_duration_minutes.cba01a2388
[0m03:00:17.769095 [debug] [Thread-2 (]: Finished running node test.weather_analytics.not_null_extreme_weather_events_event_severity.afc6ca8cf1
[0m03:00:17.770331 [debug] [Thread-1 (]: Finished running node test.weather_analytics.not_null_extreme_weather_events_event_type.6cc0367ca6
[0m03:00:17.771552 [debug] [Thread-4 (]: Began running node test.weather_analytics.not_null_extreme_weather_events_observation_time.0520987ae7
[0m03:00:17.774012 [debug] [Thread-7 (]: Marking all children of 'test.weather_analytics.accepted_values_extreme_weather_events_event_type__Heatwave__Storm__Heavy_Rain__Cold_Wave__Snowstorm__Hailstorm__Tornado.136722eb30' to be skipped because of status 'skipped'. 
[0m03:00:17.775983 [debug] [Thread-3 (]: Began running node test.weather_analytics.not_null_extreme_weather_events_temperature_celsius.ab07246549
[0m03:00:17.775983 [debug] [Thread-2 (]: Began running node test.weather_analytics.not_null_extreme_weather_events_weather_description.81f5a41466
[0m03:00:17.779660 [debug] [Thread-1 (]: Began running node test.weather_analytics.not_null_extreme_weather_events_weather_main.8e838d43cc
[0m03:00:17.782420 [info ] [Thread-4 (]: 45 of 206 SKIP test not_null_extreme_weather_events_observation_time ........... [[33mSKIP[0m]
[0m03:00:17.782912 [debug] [Thread-7 (]: Marking all children of 'test.weather_analytics.accepted_values_extreme_weather_events_is_alert_sent__True__False.5d88596f65' to be skipped because of status 'skipped'. 
[0m03:00:17.782912 [info ] [Thread-3 (]: 46 of 206 SKIP test not_null_extreme_weather_events_temperature_celsius ........ [[33mSKIP[0m]
[0m03:00:17.782912 [info ] [Thread-2 (]: 47 of 206 SKIP test not_null_extreme_weather_events_weather_description ........ [[33mSKIP[0m]
[0m03:00:17.790614 [info ] [Thread-1 (]: 48 of 206 SKIP test not_null_extreme_weather_events_weather_main ............... [[33mSKIP[0m]
[0m03:00:17.792814 [debug] [Thread-4 (]: Finished running node test.weather_analytics.not_null_extreme_weather_events_observation_time.0520987ae7
[0m03:00:17.792814 [debug] [Thread-7 (]: Marking all children of 'test.weather_analytics.dbt_utils_accepted_range_extreme_weather_events_event_duration_minutes__0.455375c4c9' to be skipped because of status 'skipped'. 
[0m03:00:17.792814 [debug] [Thread-3 (]: Finished running node test.weather_analytics.not_null_extreme_weather_events_temperature_celsius.ab07246549
[0m03:00:17.798196 [debug] [Thread-2 (]: Finished running node test.weather_analytics.not_null_extreme_weather_events_weather_description.81f5a41466
[0m03:00:17.800122 [debug] [Thread-1 (]: Finished running node test.weather_analytics.not_null_extreme_weather_events_weather_main.8e838d43cc
[0m03:00:17.800122 [debug] [Thread-4 (]: Began running node test.weather_analytics.not_null_extreme_weather_events_wind_speed.47ebe49dd4
[0m03:00:17.803191 [debug] [Thread-7 (]: Marking all children of 'test.weather_analytics.not_null_extreme_weather_events_city.da70f4ed48' to be skipped because of status 'skipped'. 
[0m03:00:17.803191 [debug] [Thread-3 (]: Began running node test.weather_analytics.not_null_int_climate_patterns_city.4b39f99966
[0m03:00:17.807401 [debug] [Thread-2 (]: Began running node test.weather_analytics.not_null_int_climate_patterns_created_at.81bb6f6325
[0m03:00:17.807401 [debug] [Thread-1 (]: Began running node test.weather_analytics.not_null_int_climate_patterns_observation_time.0716fd225a
[0m03:00:17.811625 [info ] [Thread-4 (]: 49 of 206 SKIP test not_null_extreme_weather_events_wind_speed ................. [[33mSKIP[0m]
[0m03:00:17.813560 [debug] [Thread-7 (]: Marking all children of 'test.weather_analytics.not_null_extreme_weather_events_detection_time.74da6b7919' to be skipped because of status 'skipped'. 
[0m03:00:17.815182 [info ] [Thread-3 (]: 50 of 206 SKIP test not_null_int_climate_patterns_city ......................... [[33mSKIP[0m]
[0m03:00:17.817104 [info ] [Thread-2 (]: 51 of 206 SKIP test not_null_int_climate_patterns_created_at ................... [[33mSKIP[0m]
[0m03:00:17.819730 [info ] [Thread-1 (]: 52 of 206 SKIP test not_null_int_climate_patterns_observation_time ............. [[33mSKIP[0m]
[0m03:00:17.820796 [debug] [Thread-4 (]: Finished running node test.weather_analytics.not_null_extreme_weather_events_wind_speed.47ebe49dd4
[0m03:00:17.823620 [debug] [Thread-7 (]: Marking all children of 'test.weather_analytics.not_null_extreme_weather_events_event_duration_minutes.cba01a2388' to be skipped because of status 'skipped'. 
[0m03:00:17.826279 [debug] [Thread-3 (]: Finished running node test.weather_analytics.not_null_int_climate_patterns_city.4b39f99966
[0m03:00:17.826279 [debug] [Thread-2 (]: Finished running node test.weather_analytics.not_null_int_climate_patterns_created_at.81bb6f6325
[0m03:00:17.828980 [debug] [Thread-1 (]: Finished running node test.weather_analytics.not_null_int_climate_patterns_observation_time.0716fd225a
[0m03:00:17.832310 [debug] [Thread-4 (]: Began running node test.weather_analytics.not_null_int_weather_anomalies_city.b704c022f2
[0m03:00:17.832310 [debug] [Thread-7 (]: Marking all children of 'test.weather_analytics.not_null_extreme_weather_events_event_severity.afc6ca8cf1' to be skipped because of status 'skipped'. 
[0m03:00:17.836213 [debug] [Thread-3 (]: Began running node test.weather_analytics.not_null_int_weather_anomalies_created_at.7f9273b6ab
[0m03:00:17.838280 [debug] [Thread-2 (]: Began running node test.weather_analytics.not_null_int_weather_anomalies_observation_time.fb2654a382
[0m03:00:17.839846 [debug] [Thread-1 (]: Began running node test.weather_analytics.not_null_int_weather_anomalies_temperature_celsius.ce492328dc
[0m03:00:17.839846 [info ] [Thread-4 (]: 53 of 206 SKIP test not_null_int_weather_anomalies_city ........................ [[33mSKIP[0m]
[0m03:00:17.839846 [debug] [Thread-7 (]: Marking all children of 'test.weather_analytics.not_null_extreme_weather_events_event_type.6cc0367ca6' to be skipped because of status 'skipped'. 
[0m03:00:17.845168 [info ] [Thread-3 (]: 54 of 206 SKIP test not_null_int_weather_anomalies_created_at .................. [[33mSKIP[0m]
[0m03:00:17.847469 [info ] [Thread-2 (]: 55 of 206 SKIP test not_null_int_weather_anomalies_observation_time ............ [[33mSKIP[0m]
[0m03:00:17.847469 [info ] [Thread-1 (]: 56 of 206 SKIP test not_null_int_weather_anomalies_temperature_celsius ......... [[33mSKIP[0m]
[0m03:00:17.851765 [debug] [Thread-4 (]: Finished running node test.weather_analytics.not_null_int_weather_anomalies_city.b704c022f2
[0m03:00:17.853516 [debug] [Thread-7 (]: Marking all children of 'test.weather_analytics.not_null_extreme_weather_events_observation_time.0520987ae7' to be skipped because of status 'skipped'. 
[0m03:00:17.853516 [debug] [Thread-3 (]: Finished running node test.weather_analytics.not_null_int_weather_anomalies_created_at.7f9273b6ab
[0m03:00:17.855907 [debug] [Thread-2 (]: Finished running node test.weather_analytics.not_null_int_weather_anomalies_observation_time.fb2654a382
[0m03:00:17.858747 [debug] [Thread-1 (]: Finished running node test.weather_analytics.not_null_int_weather_anomalies_temperature_celsius.ce492328dc
[0m03:00:17.859184 [debug] [Thread-4 (]: Began running node test.weather_analytics.not_null_int_weather_correlation_city.cf51e18d7c
[0m03:00:17.859184 [debug] [Thread-7 (]: Marking all children of 'test.weather_analytics.not_null_extreme_weather_events_temperature_celsius.ab07246549' to be skipped because of status 'skipped'. 
[0m03:00:17.859184 [debug] [Thread-3 (]: Began running node test.weather_analytics.not_null_int_weather_correlation_created_at.c12a51bdd2
[0m03:00:17.866032 [debug] [Thread-2 (]: Began running node test.weather_analytics.not_null_int_weather_correlation_observation_time.09534663ad
[0m03:00:17.866032 [debug] [Thread-1 (]: Began running node test.weather_analytics.not_null_int_weather_forecast_city.0fa0fd4844
[0m03:00:17.869590 [info ] [Thread-4 (]: 57 of 206 SKIP test not_null_int_weather_correlation_city ...................... [[33mSKIP[0m]
[0m03:00:17.870302 [debug] [Thread-7 (]: Marking all children of 'test.weather_analytics.not_null_extreme_weather_events_weather_description.81f5a41466' to be skipped because of status 'skipped'. 
[0m03:00:17.874274 [info ] [Thread-3 (]: 58 of 206 SKIP test not_null_int_weather_correlation_created_at ................ [[33mSKIP[0m]
[0m03:00:17.874274 [info ] [Thread-2 (]: 59 of 206 SKIP test not_null_int_weather_correlation_observation_time .......... [[33mSKIP[0m]
[0m03:00:17.878196 [info ] [Thread-1 (]: 60 of 206 SKIP test not_null_int_weather_forecast_city ......................... [[33mSKIP[0m]
[0m03:00:17.878836 [debug] [Thread-4 (]: Finished running node test.weather_analytics.not_null_int_weather_correlation_city.cf51e18d7c
[0m03:00:17.878836 [debug] [Thread-7 (]: Marking all children of 'test.weather_analytics.not_null_extreme_weather_events_weather_main.8e838d43cc' to be skipped because of status 'skipped'. 
[0m03:00:17.882750 [debug] [Thread-3 (]: Finished running node test.weather_analytics.not_null_int_weather_correlation_created_at.c12a51bdd2
[0m03:00:17.884463 [debug] [Thread-2 (]: Finished running node test.weather_analytics.not_null_int_weather_correlation_observation_time.09534663ad
[0m03:00:17.884463 [debug] [Thread-1 (]: Finished running node test.weather_analytics.not_null_int_weather_forecast_city.0fa0fd4844
[0m03:00:17.888253 [debug] [Thread-4 (]: Began running node test.weather_analytics.not_null_int_weather_forecast_created_at.e455c86573
[0m03:00:17.888253 [debug] [Thread-7 (]: Marking all children of 'test.weather_analytics.not_null_extreme_weather_events_wind_speed.47ebe49dd4' to be skipped because of status 'skipped'. 
[0m03:00:17.888253 [debug] [Thread-3 (]: Began running node test.weather_analytics.not_null_int_weather_forecast_observation_time.4ad02c3f72
[0m03:00:17.893799 [debug] [Thread-2 (]: Began running node test.weather_analytics.not_null_int_weather_forecast_temperature_celsius.883edabdbe
[0m03:00:17.893799 [debug] [Thread-1 (]: Began running node test.weather_analytics.accepted_values_int_weather_metrics_temperature_category__Freezing__Cold__Mild__Warm__Hot.522a999279
[0m03:00:17.893799 [info ] [Thread-4 (]: 61 of 206 SKIP test not_null_int_weather_forecast_created_at ................... [[33mSKIP[0m]
[0m03:00:17.898180 [debug] [Thread-7 (]: Marking all children of 'test.weather_analytics.not_null_int_climate_patterns_city.4b39f99966' to be skipped because of status 'skipped'. 
[0m03:00:17.898180 [info ] [Thread-3 (]: 62 of 206 SKIP test not_null_int_weather_forecast_observation_time ............. [[33mSKIP[0m]
[0m03:00:17.902033 [info ] [Thread-2 (]: 63 of 206 SKIP test not_null_int_weather_forecast_temperature_celsius .......... [[33mSKIP[0m]
[0m03:00:17.902033 [info ] [Thread-1 (]: 64 of 206 SKIP test accepted_values_int_weather_metrics_temperature_category__Freezing__Cold__Mild__Warm__Hot  [[33mSKIP[0m]
[0m03:00:17.905307 [debug] [Thread-4 (]: Finished running node test.weather_analytics.not_null_int_weather_forecast_created_at.e455c86573
[0m03:00:17.907322 [debug] [Thread-7 (]: Marking all children of 'test.weather_analytics.not_null_int_climate_patterns_created_at.81bb6f6325' to be skipped because of status 'skipped'. 
[0m03:00:17.907322 [debug] [Thread-3 (]: Finished running node test.weather_analytics.not_null_int_weather_forecast_observation_time.4ad02c3f72
[0m03:00:17.910459 [debug] [Thread-2 (]: Finished running node test.weather_analytics.not_null_int_weather_forecast_temperature_celsius.883edabdbe
[0m03:00:17.910459 [debug] [Thread-1 (]: Finished running node test.weather_analytics.accepted_values_int_weather_metrics_temperature_category__Freezing__Cold__Mild__Warm__Hot.522a999279
[0m03:00:17.914303 [debug] [Thread-4 (]: Began running node test.weather_analytics.accepted_values_int_weather_metrics_trend_direction__Rising__Falling__Stable.709b7c32a7
[0m03:00:17.917560 [debug] [Thread-7 (]: Marking all children of 'test.weather_analytics.not_null_int_climate_patterns_observation_time.0716fd225a' to be skipped because of status 'skipped'. 
[0m03:00:17.918611 [debug] [Thread-3 (]: Began running node test.weather_analytics.dbt_utils_accepted_range_int_weather_metrics_avg_humidity__100__0.632b1d943c
[0m03:00:17.918611 [debug] [Thread-2 (]: Began running node test.weather_analytics.dbt_utils_accepted_range_int_weather_metrics_hourly_readings__1.e4df346ae3
[0m03:00:17.922069 [debug] [Thread-1 (]: Began running node test.weather_analytics.not_null_int_weather_metrics_avg_humidity.9ba8d43927
[0m03:00:17.923611 [info ] [Thread-4 (]: 65 of 206 SKIP test accepted_values_int_weather_metrics_trend_direction__Rising__Falling__Stable  [[33mSKIP[0m]
[0m03:00:17.923611 [debug] [Thread-7 (]: Marking all children of 'test.weather_analytics.not_null_int_weather_anomalies_city.b704c022f2' to be skipped because of status 'skipped'. 
[0m03:00:17.928718 [info ] [Thread-3 (]: 66 of 206 SKIP test dbt_utils_accepted_range_int_weather_metrics_avg_humidity__100__0  [[33mSKIP[0m]
[0m03:00:17.929984 [info ] [Thread-2 (]: 67 of 206 SKIP test dbt_utils_accepted_range_int_weather_metrics_hourly_readings__1  [[33mSKIP[0m]
[0m03:00:17.929984 [info ] [Thread-1 (]: 68 of 206 SKIP test not_null_int_weather_metrics_avg_humidity .................. [[33mSKIP[0m]
[0m03:00:17.933623 [debug] [Thread-4 (]: Finished running node test.weather_analytics.accepted_values_int_weather_metrics_trend_direction__Rising__Falling__Stable.709b7c32a7
[0m03:00:17.935364 [debug] [Thread-7 (]: Marking all children of 'test.weather_analytics.not_null_int_weather_anomalies_created_at.7f9273b6ab' to be skipped because of status 'skipped'. 
[0m03:00:17.938032 [debug] [Thread-3 (]: Finished running node test.weather_analytics.dbt_utils_accepted_range_int_weather_metrics_avg_humidity__100__0.632b1d943c
[0m03:00:17.938032 [debug] [Thread-2 (]: Finished running node test.weather_analytics.dbt_utils_accepted_range_int_weather_metrics_hourly_readings__1.e4df346ae3
[0m03:00:17.942057 [debug] [Thread-1 (]: Finished running node test.weather_analytics.not_null_int_weather_metrics_avg_humidity.9ba8d43927
[0m03:00:17.943895 [debug] [Thread-4 (]: Began running node test.weather_analytics.not_null_int_weather_metrics_avg_temp.1cd1bc9327
[0m03:00:17.943895 [debug] [Thread-7 (]: Marking all children of 'test.weather_analytics.not_null_int_weather_anomalies_observation_time.fb2654a382' to be skipped because of status 'skipped'. 
[0m03:00:17.946623 [debug] [Thread-3 (]: Began running node test.weather_analytics.not_null_int_weather_metrics_avg_wind_speed.e73b3c20d7
[0m03:00:17.949025 [debug] [Thread-2 (]: Began running node test.weather_analytics.not_null_int_weather_metrics_city.8c19b31116
[0m03:00:17.950297 [debug] [Thread-1 (]: Began running node test.weather_analytics.not_null_int_weather_metrics_hourly_readings.c7ca8d0e1a
[0m03:00:17.950297 [info ] [Thread-4 (]: 69 of 206 SKIP test not_null_int_weather_metrics_avg_temp ...................... [[33mSKIP[0m]
[0m03:00:17.953189 [debug] [Thread-7 (]: Marking all children of 'test.weather_analytics.not_null_int_weather_anomalies_temperature_celsius.ce492328dc' to be skipped because of status 'skipped'. 
[0m03:00:17.953189 [info ] [Thread-3 (]: 70 of 206 SKIP test not_null_int_weather_metrics_avg_wind_speed ................ [[33mSKIP[0m]
[0m03:00:17.958811 [info ] [Thread-2 (]: 71 of 206 SKIP test not_null_int_weather_metrics_city .......................... [[33mSKIP[0m]
[0m03:00:17.960930 [info ] [Thread-1 (]: 72 of 206 SKIP test not_null_int_weather_metrics_hourly_readings ............... [[33mSKIP[0m]
[0m03:00:17.962937 [debug] [Thread-4 (]: Finished running node test.weather_analytics.not_null_int_weather_metrics_avg_temp.1cd1bc9327
[0m03:00:17.962937 [debug] [Thread-7 (]: Marking all children of 'test.weather_analytics.not_null_int_weather_correlation_city.cf51e18d7c' to be skipped because of status 'skipped'. 
[0m03:00:17.962937 [debug] [Thread-3 (]: Finished running node test.weather_analytics.not_null_int_weather_metrics_avg_wind_speed.e73b3c20d7
[0m03:00:17.967229 [debug] [Thread-2 (]: Finished running node test.weather_analytics.not_null_int_weather_metrics_city.8c19b31116
[0m03:00:17.970855 [debug] [Thread-1 (]: Finished running node test.weather_analytics.not_null_int_weather_metrics_hourly_readings.c7ca8d0e1a
[0m03:00:17.973203 [debug] [Thread-4 (]: Began running node test.weather_analytics.not_null_int_weather_metrics_last_updated.786c2615b2
[0m03:00:17.973626 [debug] [Thread-7 (]: Marking all children of 'test.weather_analytics.not_null_int_weather_correlation_created_at.c12a51bdd2' to be skipped because of status 'skipped'. 
[0m03:00:17.975591 [debug] [Thread-3 (]: Began running node test.weather_analytics.not_null_int_weather_metrics_max_temp.e2cf5156f7
[0m03:00:17.978061 [debug] [Thread-2 (]: Began running node test.weather_analytics.not_null_int_weather_metrics_min_temp.72bd4c286d
[0m03:00:17.978061 [debug] [Thread-1 (]: Began running node test.weather_analytics.not_null_int_weather_metrics_most_common_weather.c8608af3ff
[0m03:00:17.981612 [info ] [Thread-4 (]: 73 of 206 SKIP test not_null_int_weather_metrics_last_updated .................. [[33mSKIP[0m]
[0m03:00:17.984831 [debug] [Thread-7 (]: Marking all children of 'test.weather_analytics.not_null_int_weather_correlation_observation_time.09534663ad' to be skipped because of status 'skipped'. 
[0m03:00:17.986843 [info ] [Thread-3 (]: 74 of 206 SKIP test not_null_int_weather_metrics_max_temp ...................... [[33mSKIP[0m]
[0m03:00:17.989168 [info ] [Thread-2 (]: 75 of 206 SKIP test not_null_int_weather_metrics_min_temp ...................... [[33mSKIP[0m]
[0m03:00:17.991402 [info ] [Thread-1 (]: 76 of 206 SKIP test not_null_int_weather_metrics_most_common_weather ........... [[33mSKIP[0m]
[0m03:00:17.992621 [debug] [Thread-4 (]: Finished running node test.weather_analytics.not_null_int_weather_metrics_last_updated.786c2615b2
[0m03:00:17.992621 [debug] [Thread-7 (]: Marking all children of 'test.weather_analytics.not_null_int_weather_forecast_city.0fa0fd4844' to be skipped because of status 'skipped'. 
[0m03:00:17.997363 [debug] [Thread-3 (]: Finished running node test.weather_analytics.not_null_int_weather_metrics_max_temp.e2cf5156f7
[0m03:00:17.998393 [debug] [Thread-2 (]: Finished running node test.weather_analytics.not_null_int_weather_metrics_min_temp.72bd4c286d
[0m03:00:18.000935 [debug] [Thread-1 (]: Finished running node test.weather_analytics.not_null_int_weather_metrics_most_common_weather.c8608af3ff
[0m03:00:18.004663 [debug] [Thread-4 (]: Began running node test.weather_analytics.not_null_int_weather_metrics_observation_date.085b47e3d8
[0m03:00:18.005811 [debug] [Thread-7 (]: Marking all children of 'test.weather_analytics.not_null_int_weather_forecast_created_at.e455c86573' to be skipped because of status 'skipped'. 
[0m03:00:18.006832 [debug] [Thread-3 (]: Began running node test.weather_analytics.not_null_int_weather_metrics_rolling_24h_avg_temp.def0ff58eb
[0m03:00:18.006832 [debug] [Thread-2 (]: Began running node test.weather_analytics.not_null_int_weather_metrics_rolling_7d_avg_temp.7977c52111
[0m03:00:18.006832 [debug] [Thread-1 (]: Began running node test.weather_analytics.not_null_int_weather_metrics_temperature_category.4784ba6a79
[0m03:00:18.011806 [info ] [Thread-4 (]: 77 of 206 SKIP test not_null_int_weather_metrics_observation_date .............. [[33mSKIP[0m]
[0m03:00:18.011806 [debug] [Thread-7 (]: Marking all children of 'test.weather_analytics.not_null_int_weather_forecast_observation_time.4ad02c3f72' to be skipped because of status 'skipped'. 
[0m03:00:18.015282 [info ] [Thread-3 (]: 78 of 206 SKIP test not_null_int_weather_metrics_rolling_24h_avg_temp .......... [[33mSKIP[0m]
[0m03:00:18.017061 [info ] [Thread-2 (]: 79 of 206 SKIP test not_null_int_weather_metrics_rolling_7d_avg_temp ........... [[33mSKIP[0m]
[0m03:00:18.018549 [info ] [Thread-1 (]: 80 of 206 SKIP test not_null_int_weather_metrics_temperature_category .......... [[33mSKIP[0m]
[0m03:00:18.018549 [debug] [Thread-4 (]: Finished running node test.weather_analytics.not_null_int_weather_metrics_observation_date.085b47e3d8
[0m03:00:18.023535 [debug] [Thread-7 (]: Marking all children of 'test.weather_analytics.not_null_int_weather_forecast_temperature_celsius.883edabdbe' to be skipped because of status 'skipped'. 
[0m03:00:18.025780 [debug] [Thread-3 (]: Finished running node test.weather_analytics.not_null_int_weather_metrics_rolling_24h_avg_temp.def0ff58eb
[0m03:00:18.027420 [debug] [Thread-2 (]: Finished running node test.weather_analytics.not_null_int_weather_metrics_rolling_7d_avg_temp.7977c52111
[0m03:00:18.027420 [debug] [Thread-1 (]: Finished running node test.weather_analytics.not_null_int_weather_metrics_temperature_category.4784ba6a79
[0m03:00:18.027420 [debug] [Thread-4 (]: Began running node test.weather_analytics.not_null_int_weather_metrics_trend_direction.5ae3b9f279
[0m03:00:18.032138 [debug] [Thread-7 (]: Marking all children of 'test.weather_analytics.accepted_values_int_weather_metrics_temperature_category__Freezing__Cold__Mild__Warm__Hot.522a999279' to be skipped because of status 'skipped'. 
[0m03:00:18.032958 [debug] [Thread-3 (]: Began running node test.weather_analytics.not_null_int_weather_station_metrics_city.cbeef6331b
[0m03:00:18.035149 [debug] [Thread-2 (]: Began running node test.weather_analytics.not_null_int_weather_station_metrics_created_at.f9ed0216de
[0m03:00:18.035149 [debug] [Thread-1 (]: Began running node test.weather_analytics.not_null_int_weather_station_metrics_observation_time.126bea1518
[0m03:00:18.038220 [info ] [Thread-4 (]: 81 of 206 SKIP test not_null_int_weather_metrics_trend_direction ............... [[33mSKIP[0m]
[0m03:00:18.040345 [debug] [Thread-7 (]: Marking all children of 'test.weather_analytics.accepted_values_int_weather_metrics_trend_direction__Rising__Falling__Stable.709b7c32a7' to be skipped because of status 'skipped'. 
[0m03:00:18.041639 [info ] [Thread-3 (]: 82 of 206 SKIP test not_null_int_weather_station_metrics_city .................. [[33mSKIP[0m]
[0m03:00:18.041639 [info ] [Thread-2 (]: 83 of 206 SKIP test not_null_int_weather_station_metrics_created_at ............ [[33mSKIP[0m]
[0m03:00:18.046936 [info ] [Thread-1 (]: 84 of 206 SKIP test not_null_int_weather_station_metrics_observation_time ...... [[33mSKIP[0m]
[0m03:00:18.047657 [debug] [Thread-4 (]: Finished running node test.weather_analytics.not_null_int_weather_metrics_trend_direction.5ae3b9f279
[0m03:00:18.050655 [debug] [Thread-7 (]: Marking all children of 'test.weather_analytics.dbt_utils_accepted_range_int_weather_metrics_avg_humidity__100__0.632b1d943c' to be skipped because of status 'skipped'. 
[0m03:00:18.050655 [debug] [Thread-3 (]: Finished running node test.weather_analytics.not_null_int_weather_station_metrics_city.cbeef6331b
[0m03:00:18.050655 [debug] [Thread-2 (]: Finished running node test.weather_analytics.not_null_int_weather_station_metrics_created_at.f9ed0216de
[0m03:00:18.056256 [debug] [Thread-1 (]: Finished running node test.weather_analytics.not_null_int_weather_station_metrics_observation_time.126bea1518
[0m03:00:18.058031 [debug] [Thread-4 (]: Began running node test.weather_analytics.accepted_values_mart_weather_forecast_accuracy_is_accurate__True__False.66e522fb47
[0m03:00:18.060491 [debug] [Thread-7 (]: Marking all children of 'test.weather_analytics.dbt_utils_accepted_range_int_weather_metrics_hourly_readings__1.e4df346ae3' to be skipped because of status 'skipped'. 
[0m03:00:18.062506 [debug] [Thread-3 (]: Began running node test.weather_analytics.dbt_utils_accepted_range_mart_weather_forecast_accuracy_accuracy_score__100__0.e3b2ad2b53
[0m03:00:18.065533 [debug] [Thread-2 (]: Began running node test.weather_analytics.not_null_mart_weather_forecast_accuracy_absolute_error.bffb98b021
[0m03:00:18.067551 [debug] [Thread-1 (]: Began running node test.weather_analytics.not_null_mart_weather_forecast_accuracy_accuracy_score.bb1ffd2706
[0m03:00:18.069559 [info ] [Thread-4 (]: 85 of 206 SKIP test accepted_values_mart_weather_forecast_accuracy_is_accurate__True__False  [[33mSKIP[0m]
[0m03:00:18.072177 [debug] [Thread-7 (]: Marking all children of 'test.weather_analytics.not_null_int_weather_metrics_avg_humidity.9ba8d43927' to be skipped because of status 'skipped'. 
[0m03:00:18.072177 [info ] [Thread-3 (]: 86 of 206 SKIP test dbt_utils_accepted_range_mart_weather_forecast_accuracy_accuracy_score__100__0  [[33mSKIP[0m]
[0m03:00:18.072177 [info ] [Thread-2 (]: 87 of 206 SKIP test not_null_mart_weather_forecast_accuracy_absolute_error ..... [[33mSKIP[0m]
[0m03:00:18.077729 [info ] [Thread-1 (]: 88 of 206 SKIP test not_null_mart_weather_forecast_accuracy_accuracy_score ..... [[33mSKIP[0m]
[0m03:00:18.080426 [debug] [Thread-4 (]: Finished running node test.weather_analytics.accepted_values_mart_weather_forecast_accuracy_is_accurate__True__False.66e522fb47
[0m03:00:18.083679 [debug] [Thread-7 (]: Marking all children of 'test.weather_analytics.not_null_int_weather_metrics_avg_temp.1cd1bc9327' to be skipped because of status 'skipped'. 
[0m03:00:18.083679 [debug] [Thread-3 (]: Finished running node test.weather_analytics.dbt_utils_accepted_range_mart_weather_forecast_accuracy_accuracy_score__100__0.e3b2ad2b53
[0m03:00:18.086739 [debug] [Thread-2 (]: Finished running node test.weather_analytics.not_null_mart_weather_forecast_accuracy_absolute_error.bffb98b021
[0m03:00:18.089707 [debug] [Thread-1 (]: Finished running node test.weather_analytics.not_null_mart_weather_forecast_accuracy_accuracy_score.bb1ffd2706
[0m03:00:18.090898 [debug] [Thread-4 (]: Began running node test.weather_analytics.not_null_mart_weather_forecast_accuracy_actual_temp.0cc7d2c518
[0m03:00:18.092440 [debug] [Thread-7 (]: Marking all children of 'test.weather_analytics.not_null_int_weather_metrics_avg_wind_speed.e73b3c20d7' to be skipped because of status 'skipped'. 
[0m03:00:18.095316 [debug] [Thread-3 (]: Began running node test.weather_analytics.not_null_mart_weather_forecast_accuracy_city.278a0776ae
[0m03:00:18.097852 [debug] [Thread-2 (]: Began running node test.weather_analytics.not_null_mart_weather_forecast_accuracy_forecast_date.a058122a9d
[0m03:00:18.097852 [debug] [Thread-1 (]: Began running node test.weather_analytics.not_null_mart_weather_forecast_accuracy_forecast_horizon_hours.890b2dfd65
[0m03:00:18.103118 [info ] [Thread-4 (]: 89 of 206 SKIP test not_null_mart_weather_forecast_accuracy_actual_temp ........ [[33mSKIP[0m]
[0m03:00:18.103118 [debug] [Thread-7 (]: Marking all children of 'test.weather_analytics.not_null_int_weather_metrics_city.8c19b31116' to be skipped because of status 'skipped'. 
[0m03:00:18.103118 [info ] [Thread-3 (]: 90 of 206 SKIP test not_null_mart_weather_forecast_accuracy_city ............... [[33mSKIP[0m]
[0m03:00:18.109113 [info ] [Thread-2 (]: 91 of 206 SKIP test not_null_mart_weather_forecast_accuracy_forecast_date ...... [[33mSKIP[0m]
[0m03:00:18.109849 [info ] [Thread-1 (]: 92 of 206 SKIP test not_null_mart_weather_forecast_accuracy_forecast_horizon_hours  [[33mSKIP[0m]
[0m03:00:18.111840 [debug] [Thread-4 (]: Finished running node test.weather_analytics.not_null_mart_weather_forecast_accuracy_actual_temp.0cc7d2c518
[0m03:00:18.113851 [debug] [Thread-7 (]: Marking all children of 'test.weather_analytics.not_null_int_weather_metrics_hourly_readings.c7ca8d0e1a' to be skipped because of status 'skipped'. 
[0m03:00:18.116379 [debug] [Thread-3 (]: Finished running node test.weather_analytics.not_null_mart_weather_forecast_accuracy_city.278a0776ae
[0m03:00:18.116885 [debug] [Thread-2 (]: Finished running node test.weather_analytics.not_null_mart_weather_forecast_accuracy_forecast_date.a058122a9d
[0m03:00:18.119627 [debug] [Thread-1 (]: Finished running node test.weather_analytics.not_null_mart_weather_forecast_accuracy_forecast_horizon_hours.890b2dfd65
[0m03:00:18.121846 [debug] [Thread-4 (]: Began running node test.weather_analytics.not_null_mart_weather_forecast_accuracy_last_updated.a897b4eb60
[0m03:00:18.123210 [debug] [Thread-7 (]: Marking all children of 'test.weather_analytics.not_null_int_weather_metrics_last_updated.786c2615b2' to be skipped because of status 'skipped'. 
[0m03:00:18.125224 [debug] [Thread-3 (]: Began running node test.weather_analytics.not_null_mart_weather_forecast_accuracy_percentage_error.b71c837112
[0m03:00:18.126906 [debug] [Thread-2 (]: Began running node test.weather_analytics.not_null_mart_weather_forecast_accuracy_predicted_temp.a2af43c73e
[0m03:00:18.127806 [debug] [Thread-1 (]: Began running node test.weather_analytics.accepted_values_mart_weather_quality_quality_status__Excellent__Good__Fair__Poor__Critical.bd0fdfc5b6
[0m03:00:18.131354 [info ] [Thread-4 (]: 93 of 206 SKIP test not_null_mart_weather_forecast_accuracy_last_updated ....... [[33mSKIP[0m]
[0m03:00:18.132210 [debug] [Thread-7 (]: Marking all children of 'test.weather_analytics.not_null_int_weather_metrics_max_temp.e2cf5156f7' to be skipped because of status 'skipped'. 
[0m03:00:18.132210 [info ] [Thread-3 (]: 94 of 206 SKIP test not_null_mart_weather_forecast_accuracy_percentage_error ... [[33mSKIP[0m]
[0m03:00:18.137234 [info ] [Thread-2 (]: 95 of 206 SKIP test not_null_mart_weather_forecast_accuracy_predicted_temp ..... [[33mSKIP[0m]
[0m03:00:18.138050 [info ] [Thread-1 (]: 96 of 206 SKIP test accepted_values_mart_weather_quality_quality_status__Excellent__Good__Fair__Poor__Critical  [[33mSKIP[0m]
[0m03:00:18.140836 [debug] [Thread-4 (]: Finished running node test.weather_analytics.not_null_mart_weather_forecast_accuracy_last_updated.a897b4eb60
[0m03:00:18.140836 [debug] [Thread-7 (]: Marking all children of 'test.weather_analytics.not_null_int_weather_metrics_min_temp.72bd4c286d' to be skipped because of status 'skipped'. 
[0m03:00:18.145219 [debug] [Thread-3 (]: Finished running node test.weather_analytics.not_null_mart_weather_forecast_accuracy_percentage_error.b71c837112
[0m03:00:18.145219 [debug] [Thread-2 (]: Finished running node test.weather_analytics.not_null_mart_weather_forecast_accuracy_predicted_temp.a2af43c73e
[0m03:00:18.148133 [debug] [Thread-1 (]: Finished running node test.weather_analytics.accepted_values_mart_weather_quality_quality_status__Excellent__Good__Fair__Poor__Critical.bd0fdfc5b6
[0m03:00:18.151107 [debug] [Thread-4 (]: Began running node test.weather_analytics.dbt_utils_accepted_range_mart_weather_quality_data_completeness__100__0.c21cd926ab
[0m03:00:18.153551 [debug] [Thread-7 (]: Marking all children of 'test.weather_analytics.not_null_int_weather_metrics_most_common_weather.c8608af3ff' to be skipped because of status 'skipped'. 
[0m03:00:18.153551 [debug] [Thread-3 (]: Began running node test.weather_analytics.dbt_utils_accepted_range_mart_weather_quality_quality_score__100__0.4f8358884c
[0m03:00:18.157527 [debug] [Thread-2 (]: Began running node test.weather_analytics.not_null_mart_weather_quality_city.9d8ac65503
[0m03:00:18.159546 [debug] [Thread-1 (]: Began running node test.weather_analytics.not_null_mart_weather_quality_data_completeness.abab0e33b4
[0m03:00:18.159546 [info ] [Thread-4 (]: 97 of 206 SKIP test dbt_utils_accepted_range_mart_weather_quality_data_completeness__100__0  [[33mSKIP[0m]
[0m03:00:18.162030 [debug] [Thread-7 (]: Marking all children of 'test.weather_analytics.not_null_int_weather_metrics_observation_date.085b47e3d8' to be skipped because of status 'skipped'. 
[0m03:00:18.164410 [info ] [Thread-3 (]: 98 of 206 SKIP test dbt_utils_accepted_range_mart_weather_quality_quality_score__100__0  [[33mSKIP[0m]
[0m03:00:18.167142 [info ] [Thread-2 (]: 99 of 206 SKIP test not_null_mart_weather_quality_city ......................... [[33mSKIP[0m]
[0m03:00:18.167142 [info ] [Thread-1 (]: 100 of 206 SKIP test not_null_mart_weather_quality_data_completeness ........... [[33mSKIP[0m]
[0m03:00:18.169687 [debug] [Thread-4 (]: Finished running node test.weather_analytics.dbt_utils_accepted_range_mart_weather_quality_data_completeness__100__0.c21cd926ab
[0m03:00:18.171483 [debug] [Thread-7 (]: Marking all children of 'test.weather_analytics.not_null_int_weather_metrics_rolling_24h_avg_temp.def0ff58eb' to be skipped because of status 'skipped'. 
[0m03:00:18.173439 [debug] [Thread-3 (]: Finished running node test.weather_analytics.dbt_utils_accepted_range_mart_weather_quality_quality_score__100__0.4f8358884c
[0m03:00:18.175536 [debug] [Thread-2 (]: Finished running node test.weather_analytics.not_null_mart_weather_quality_city.9d8ac65503
[0m03:00:18.178111 [debug] [Thread-1 (]: Finished running node test.weather_analytics.not_null_mart_weather_quality_data_completeness.abab0e33b4
[0m03:00:18.180668 [debug] [Thread-4 (]: Began running node test.weather_analytics.not_null_mart_weather_quality_date.86d7ff5638
[0m03:00:18.180668 [debug] [Thread-7 (]: Marking all children of 'test.weather_analytics.not_null_int_weather_metrics_rolling_7d_avg_temp.7977c52111' to be skipped because of status 'skipped'. 
[0m03:00:18.180668 [debug] [Thread-3 (]: Began running node test.weather_analytics.not_null_mart_weather_quality_freshness_hours.6f76563f40
[0m03:00:18.185380 [debug] [Thread-2 (]: Began running node test.weather_analytics.not_null_mart_weather_quality_invalid_readings.eaf8e208fa
[0m03:00:18.187393 [debug] [Thread-1 (]: Began running node test.weather_analytics.not_null_mart_weather_quality_issues_detected.c789fc3e8c
[0m03:00:18.187393 [info ] [Thread-4 (]: 101 of 206 SKIP test not_null_mart_weather_quality_date ........................ [[33mSKIP[0m]
[0m03:00:18.187393 [debug] [Thread-7 (]: Marking all children of 'test.weather_analytics.not_null_int_weather_metrics_temperature_category.4784ba6a79' to be skipped because of status 'skipped'. 
[0m03:00:18.193208 [info ] [Thread-3 (]: 102 of 206 SKIP test not_null_mart_weather_quality_freshness_hours ............. [[33mSKIP[0m]
[0m03:00:18.194241 [info ] [Thread-2 (]: 103 of 206 SKIP test not_null_mart_weather_quality_invalid_readings ............ [[33mSKIP[0m]
[0m03:00:18.194241 [info ] [Thread-1 (]: 104 of 206 SKIP test not_null_mart_weather_quality_issues_detected ............. [[33mSKIP[0m]
[0m03:00:18.199264 [debug] [Thread-4 (]: Finished running node test.weather_analytics.not_null_mart_weather_quality_date.86d7ff5638
[0m03:00:18.199264 [debug] [Thread-7 (]: Marking all children of 'test.weather_analytics.not_null_int_weather_metrics_trend_direction.5ae3b9f279' to be skipped because of status 'skipped'. 
[0m03:00:18.201749 [debug] [Thread-3 (]: Finished running node test.weather_analytics.not_null_mart_weather_quality_freshness_hours.6f76563f40
[0m03:00:18.201749 [debug] [Thread-2 (]: Finished running node test.weather_analytics.not_null_mart_weather_quality_invalid_readings.eaf8e208fa
[0m03:00:18.206193 [debug] [Thread-1 (]: Finished running node test.weather_analytics.not_null_mart_weather_quality_issues_detected.c789fc3e8c
[0m03:00:18.208816 [debug] [Thread-4 (]: Began running node test.weather_analytics.not_null_mart_weather_quality_last_checked.1aeeff3f66
[0m03:00:18.209839 [debug] [Thread-7 (]: Marking all children of 'test.weather_analytics.not_null_int_weather_station_metrics_city.cbeef6331b' to be skipped because of status 'skipped'. 
[0m03:00:18.211370 [debug] [Thread-3 (]: Began running node test.weather_analytics.not_null_mart_weather_quality_quality_score.845f1bb76f
[0m03:00:18.213115 [debug] [Thread-2 (]: Began running node test.weather_analytics.not_null_mart_weather_quality_quality_status.de5865e839
[0m03:00:18.215129 [debug] [Thread-1 (]: Began running node test.weather_analytics.not_null_mart_weather_quality_total_readings.273df4e912
[0m03:00:18.215129 [info ] [Thread-4 (]: 105 of 206 SKIP test not_null_mart_weather_quality_last_checked ................ [[33mSKIP[0m]
[0m03:00:18.215129 [debug] [Thread-7 (]: Marking all children of 'test.weather_analytics.not_null_int_weather_station_metrics_created_at.f9ed0216de' to be skipped because of status 'skipped'. 
[0m03:00:18.219993 [info ] [Thread-3 (]: 106 of 206 SKIP test not_null_mart_weather_quality_quality_score ............... [[33mSKIP[0m]
[0m03:00:18.223754 [info ] [Thread-2 (]: 107 of 206 SKIP test not_null_mart_weather_quality_quality_status .............. [[33mSKIP[0m]
[0m03:00:18.223754 [info ] [Thread-1 (]: 108 of 206 SKIP test not_null_mart_weather_quality_total_readings .............. [[33mSKIP[0m]
[0m03:00:18.226959 [debug] [Thread-4 (]: Finished running node test.weather_analytics.not_null_mart_weather_quality_last_checked.1aeeff3f66
[0m03:00:18.228590 [debug] [Thread-7 (]: Marking all children of 'test.weather_analytics.not_null_int_weather_station_metrics_observation_time.126bea1518' to be skipped because of status 'skipped'. 
[0m03:00:18.230469 [debug] [Thread-3 (]: Finished running node test.weather_analytics.not_null_mart_weather_quality_quality_score.845f1bb76f
[0m03:00:18.232360 [debug] [Thread-2 (]: Finished running node test.weather_analytics.not_null_mart_weather_quality_quality_status.de5865e839
[0m03:00:18.233887 [debug] [Thread-1 (]: Finished running node test.weather_analytics.not_null_mart_weather_quality_total_readings.273df4e912
[0m03:00:18.236407 [debug] [Thread-4 (]: Began running node test.weather_analytics.not_null_mart_weather_quality_valid_readings.76cb994031
[0m03:00:18.238431 [debug] [Thread-7 (]: Marking all children of 'test.weather_analytics.accepted_values_mart_weather_forecast_accuracy_is_accurate__True__False.66e522fb47' to be skipped because of status 'skipped'. 
[0m03:00:18.238431 [debug] [Thread-3 (]: Began running node test.weather_analytics.accepted_values_weather_daily_summary_is_complete_day__True__False.bdea3c6be0
[0m03:00:18.240439 [debug] [Thread-2 (]: Began running node test.weather_analytics.accepted_values_weather_daily_summary_temp_category__Freezing__Cold__Mild__Warm__Hot.db2f283e8d
[0m03:00:18.242452 [debug] [Thread-1 (]: Began running node test.weather_analytics.dbt_utils_accepted_range_weather_daily_summary_avg_humidity__100__0.38fc3a52bf
[0m03:00:18.244461 [info ] [Thread-4 (]: 109 of 206 SKIP test not_null_mart_weather_quality_valid_readings .............. [[33mSKIP[0m]
[0m03:00:18.246166 [debug] [Thread-7 (]: Marking all children of 'test.weather_analytics.dbt_utils_accepted_range_mart_weather_forecast_accuracy_accuracy_score__100__0.e3b2ad2b53' to be skipped because of status 'skipped'. 
[0m03:00:18.249545 [info ] [Thread-3 (]: 110 of 206 SKIP test accepted_values_weather_daily_summary_is_complete_day__True__False  [[33mSKIP[0m]
[0m03:00:18.250053 [info ] [Thread-2 (]: 111 of 206 SKIP test accepted_values_weather_daily_summary_temp_category__Freezing__Cold__Mild__Warm__Hot  [[33mSKIP[0m]
[0m03:00:18.252628 [info ] [Thread-1 (]: 112 of 206 SKIP test dbt_utils_accepted_range_weather_daily_summary_avg_humidity__100__0  [[33mSKIP[0m]
[0m03:00:18.256044 [debug] [Thread-4 (]: Finished running node test.weather_analytics.not_null_mart_weather_quality_valid_readings.76cb994031
[0m03:00:18.257514 [debug] [Thread-7 (]: Marking all children of 'test.weather_analytics.not_null_mart_weather_forecast_accuracy_absolute_error.bffb98b021' to be skipped because of status 'skipped'. 
[0m03:00:18.258642 [debug] [Thread-3 (]: Finished running node test.weather_analytics.accepted_values_weather_daily_summary_is_complete_day__True__False.bdea3c6be0
[0m03:00:18.262604 [debug] [Thread-2 (]: Finished running node test.weather_analytics.accepted_values_weather_daily_summary_temp_category__Freezing__Cold__Mild__Warm__Hot.db2f283e8d
[0m03:00:18.263804 [debug] [Thread-1 (]: Finished running node test.weather_analytics.dbt_utils_accepted_range_weather_daily_summary_avg_humidity__100__0.38fc3a52bf
[0m03:00:18.263804 [debug] [Thread-4 (]: Began running node test.weather_analytics.dbt_utils_accepted_range_weather_daily_summary_avg_temperature__60___50.1ffa20a792
[0m03:00:18.267101 [debug] [Thread-7 (]: Marking all children of 'test.weather_analytics.not_null_mart_weather_forecast_accuracy_accuracy_score.bb1ffd2706' to be skipped because of status 'skipped'. 
[0m03:00:18.270384 [debug] [Thread-3 (]: Began running node test.weather_analytics.dbt_utils_accepted_range_weather_daily_summary_avg_wind_speed__150__0.cf3e0c4e2d
[0m03:00:18.270384 [debug] [Thread-2 (]: Began running node test.weather_analytics.dbt_utils_accepted_range_weather_daily_summary_max_temperature__60___50.a0bf2f4843
[0m03:00:18.273429 [debug] [Thread-1 (]: Began running node test.weather_analytics.dbt_utils_accepted_range_weather_daily_summary_min_temperature__60___50.7aa64a396c
[0m03:00:18.275445 [info ] [Thread-4 (]: 113 of 206 SKIP test dbt_utils_accepted_range_weather_daily_summary_avg_temperature__60___50  [[33mSKIP[0m]
[0m03:00:18.276653 [debug] [Thread-7 (]: Marking all children of 'test.weather_analytics.not_null_mart_weather_forecast_accuracy_actual_temp.0cc7d2c518' to be skipped because of status 'skipped'. 
[0m03:00:18.276653 [info ] [Thread-3 (]: 114 of 206 SKIP test dbt_utils_accepted_range_weather_daily_summary_avg_wind_speed__150__0  [[33mSKIP[0m]
[0m03:00:18.276653 [info ] [Thread-2 (]: 115 of 206 SKIP test dbt_utils_accepted_range_weather_daily_summary_max_temperature__60___50  [[33mSKIP[0m]
[0m03:00:18.283016 [info ] [Thread-1 (]: 116 of 206 SKIP test dbt_utils_accepted_range_weather_daily_summary_min_temperature__60___50  [[33mSKIP[0m]
[0m03:00:18.285010 [debug] [Thread-4 (]: Finished running node test.weather_analytics.dbt_utils_accepted_range_weather_daily_summary_avg_temperature__60___50.1ffa20a792
[0m03:00:18.286439 [debug] [Thread-7 (]: Marking all children of 'test.weather_analytics.not_null_mart_weather_forecast_accuracy_city.278a0776ae' to be skipped because of status 'skipped'. 
[0m03:00:18.287527 [debug] [Thread-3 (]: Finished running node test.weather_analytics.dbt_utils_accepted_range_weather_daily_summary_avg_wind_speed__150__0.cf3e0c4e2d
[0m03:00:18.290325 [debug] [Thread-2 (]: Finished running node test.weather_analytics.dbt_utils_accepted_range_weather_daily_summary_max_temperature__60___50.a0bf2f4843
[0m03:00:18.292375 [debug] [Thread-1 (]: Finished running node test.weather_analytics.dbt_utils_accepted_range_weather_daily_summary_min_temperature__60___50.7aa64a396c
[0m03:00:18.292375 [debug] [Thread-4 (]: Began running node test.weather_analytics.dbt_utils_accepted_range_weather_daily_summary_record_count__0.554f51a2d8
[0m03:00:18.292375 [debug] [Thread-7 (]: Marking all children of 'test.weather_analytics.not_null_mart_weather_forecast_accuracy_forecast_date.a058122a9d' to be skipped because of status 'skipped'. 
[0m03:00:18.297689 [debug] [Thread-3 (]: Began running node test.weather_analytics.not_null_weather_daily_summary_avg_humidity.e6803b750a
[0m03:00:18.299937 [debug] [Thread-2 (]: Began running node test.weather_analytics.not_null_weather_daily_summary_avg_temperature.7c6ef854cb
[0m03:00:18.300725 [debug] [Thread-1 (]: Began running node test.weather_analytics.not_null_weather_daily_summary_avg_wind_speed.ee1054f872
[0m03:00:18.303397 [info ] [Thread-4 (]: 117 of 206 SKIP test dbt_utils_accepted_range_weather_daily_summary_record_count__0  [[33mSKIP[0m]
[0m03:00:18.304122 [debug] [Thread-7 (]: Marking all children of 'test.weather_analytics.not_null_mart_weather_forecast_accuracy_forecast_horizon_hours.890b2dfd65' to be skipped because of status 'skipped'. 
[0m03:00:18.304122 [info ] [Thread-3 (]: 118 of 206 SKIP test not_null_weather_daily_summary_avg_humidity ............... [[33mSKIP[0m]
[0m03:00:18.304122 [info ] [Thread-2 (]: 119 of 206 SKIP test not_null_weather_daily_summary_avg_temperature ............ [[33mSKIP[0m]
[0m03:00:18.311533 [info ] [Thread-1 (]: 120 of 206 SKIP test not_null_weather_daily_summary_avg_wind_speed ............. [[33mSKIP[0m]
[0m03:00:18.313911 [debug] [Thread-4 (]: Finished running node test.weather_analytics.dbt_utils_accepted_range_weather_daily_summary_record_count__0.554f51a2d8
[0m03:00:18.315331 [debug] [Thread-7 (]: Marking all children of 'test.weather_analytics.not_null_mart_weather_forecast_accuracy_last_updated.a897b4eb60' to be skipped because of status 'skipped'. 
[0m03:00:18.315331 [debug] [Thread-3 (]: Finished running node test.weather_analytics.not_null_weather_daily_summary_avg_humidity.e6803b750a
[0m03:00:18.317857 [debug] [Thread-2 (]: Finished running node test.weather_analytics.not_null_weather_daily_summary_avg_temperature.7c6ef854cb
[0m03:00:18.317857 [debug] [Thread-1 (]: Finished running node test.weather_analytics.not_null_weather_daily_summary_avg_wind_speed.ee1054f872
[0m03:00:18.317857 [debug] [Thread-4 (]: Began running node test.weather_analytics.not_null_weather_daily_summary_city.eacf2ae591
[0m03:00:18.324763 [debug] [Thread-7 (]: Marking all children of 'test.weather_analytics.not_null_mart_weather_forecast_accuracy_percentage_error.b71c837112' to be skipped because of status 'skipped'. 
[0m03:00:18.327228 [debug] [Thread-3 (]: Began running node test.weather_analytics.not_null_weather_daily_summary_last_updated.2c5371372a
[0m03:00:18.327928 [debug] [Thread-2 (]: Began running node test.weather_analytics.not_null_weather_daily_summary_max_temperature.bae230c055
[0m03:00:18.327928 [debug] [Thread-1 (]: Began running node test.weather_analytics.not_null_weather_daily_summary_min_temperature.fd4452188a
[0m03:00:18.332040 [info ] [Thread-4 (]: 121 of 206 SKIP test not_null_weather_daily_summary_city ....................... [[33mSKIP[0m]
[0m03:00:18.334053 [debug] [Thread-7 (]: Marking all children of 'test.weather_analytics.not_null_mart_weather_forecast_accuracy_predicted_temp.a2af43c73e' to be skipped because of status 'skipped'. 
[0m03:00:18.335799 [info ] [Thread-3 (]: 122 of 206 SKIP test not_null_weather_daily_summary_last_updated ............... [[33mSKIP[0m]
[0m03:00:18.338636 [info ] [Thread-2 (]: 123 of 206 SKIP test not_null_weather_daily_summary_max_temperature ............ [[33mSKIP[0m]
[0m03:00:18.338636 [info ] [Thread-1 (]: 124 of 206 SKIP test not_null_weather_daily_summary_min_temperature ............ [[33mSKIP[0m]
[0m03:00:18.343618 [debug] [Thread-4 (]: Finished running node test.weather_analytics.not_null_weather_daily_summary_city.eacf2ae591
[0m03:00:18.345489 [debug] [Thread-7 (]: Marking all children of 'test.weather_analytics.accepted_values_mart_weather_quality_quality_status__Excellent__Good__Fair__Poor__Critical.bd0fdfc5b6' to be skipped because of status 'skipped'. 
[0m03:00:18.346889 [debug] [Thread-3 (]: Finished running node test.weather_analytics.not_null_weather_daily_summary_last_updated.2c5371372a
[0m03:00:18.346889 [debug] [Thread-2 (]: Finished running node test.weather_analytics.not_null_weather_daily_summary_max_temperature.bae230c055
[0m03:00:18.346889 [debug] [Thread-1 (]: Finished running node test.weather_analytics.not_null_weather_daily_summary_min_temperature.fd4452188a
[0m03:00:18.352372 [debug] [Thread-4 (]: Began running node test.weather_analytics.not_null_weather_daily_summary_most_common_weather.a78b1fa072
[0m03:00:18.355549 [debug] [Thread-7 (]: Marking all children of 'test.weather_analytics.dbt_utils_accepted_range_mart_weather_quality_data_completeness__100__0.c21cd926ab' to be skipped because of status 'skipped'. 
[0m03:00:18.357168 [debug] [Thread-3 (]: Began running node test.weather_analytics.not_null_weather_daily_summary_observation_date.d6018c9669
[0m03:00:18.359112 [debug] [Thread-2 (]: Began running node test.weather_analytics.not_null_weather_daily_summary_record_count.43f79450ff
[0m03:00:18.361095 [debug] [Thread-1 (]: Began running node test.weather_analytics.not_null_weather_daily_summary_temp_category.849f7e70c3
[0m03:00:18.361095 [info ] [Thread-4 (]: 125 of 206 SKIP test not_null_weather_daily_summary_most_common_weather ........ [[33mSKIP[0m]
[0m03:00:18.364324 [debug] [Thread-7 (]: Marking all children of 'test.weather_analytics.dbt_utils_accepted_range_mart_weather_quality_quality_score__100__0.4f8358884c' to be skipped because of status 'skipped'. 
[0m03:00:18.366349 [info ] [Thread-3 (]: 126 of 206 SKIP test not_null_weather_daily_summary_observation_date ........... [[33mSKIP[0m]
[0m03:00:18.366349 [info ] [Thread-2 (]: 127 of 206 SKIP test not_null_weather_daily_summary_record_count ............... [[33mSKIP[0m]
[0m03:00:18.366349 [info ] [Thread-1 (]: 128 of 206 SKIP test not_null_weather_daily_summary_temp_category .............. [[33mSKIP[0m]
[0m03:00:18.371611 [debug] [Thread-4 (]: Finished running node test.weather_analytics.not_null_weather_daily_summary_most_common_weather.a78b1fa072
[0m03:00:18.375534 [debug] [Thread-7 (]: Marking all children of 'test.weather_analytics.not_null_mart_weather_quality_city.9d8ac65503' to be skipped because of status 'skipped'. 
[0m03:00:18.375534 [debug] [Thread-3 (]: Finished running node test.weather_analytics.not_null_weather_daily_summary_observation_date.d6018c9669
[0m03:00:18.375534 [debug] [Thread-2 (]: Finished running node test.weather_analytics.not_null_weather_daily_summary_record_count.43f79450ff
[0m03:00:18.380201 [debug] [Thread-1 (]: Finished running node test.weather_analytics.not_null_weather_daily_summary_temp_category.849f7e70c3
[0m03:00:18.382215 [debug] [Thread-4 (]: Began running node test.weather_analytics.not_null_weather_daily_summary_temperature_range.178d7dd824
[0m03:00:18.384062 [debug] [Thread-7 (]: Marking all children of 'test.weather_analytics.not_null_mart_weather_quality_data_completeness.abab0e33b4' to be skipped because of status 'skipped'. 
[0m03:00:18.384062 [debug] [Thread-3 (]: Began running node test.weather_analytics.unique_weather_daily_summary_city__city__observation_date.45df4ac31d
[0m03:00:18.388139 [debug] [Thread-2 (]: Began running node test.weather_analytics.accepted_values_weather_trend_analysis_trend_direction__Rising__Falling__Stable.b2a5ce8cb7
[0m03:00:18.388139 [debug] [Thread-1 (]: Began running node test.weather_analytics.dbt_utils_accepted_range_weather_trend_analysis_trend_strength__1__0.7a3dc30f04
[0m03:00:18.391377 [info ] [Thread-4 (]: 129 of 206 SKIP test not_null_weather_daily_summary_temperature_range .......... [[33mSKIP[0m]
[0m03:00:18.391377 [debug] [Thread-7 (]: Marking all children of 'test.weather_analytics.not_null_mart_weather_quality_date.86d7ff5638' to be skipped because of status 'skipped'. 
[0m03:00:18.395305 [info ] [Thread-3 (]: 130 of 206 SKIP test unique_weather_daily_summary_city__city__observation_date . [[33mSKIP[0m]
[0m03:00:18.398984 [info ] [Thread-2 (]: 131 of 206 SKIP test accepted_values_weather_trend_analysis_trend_direction__Rising__Falling__Stable  [[33mSKIP[0m]
[0m03:00:18.398984 [info ] [Thread-1 (]: 132 of 206 SKIP test dbt_utils_accepted_range_weather_trend_analysis_trend_strength__1__0  [[33mSKIP[0m]
[0m03:00:18.402940 [debug] [Thread-4 (]: Finished running node test.weather_analytics.not_null_weather_daily_summary_temperature_range.178d7dd824
[0m03:00:18.403707 [debug] [Thread-7 (]: Marking all children of 'test.weather_analytics.not_null_mart_weather_quality_freshness_hours.6f76563f40' to be skipped because of status 'skipped'. 
[0m03:00:18.403707 [debug] [Thread-3 (]: Finished running node test.weather_analytics.unique_weather_daily_summary_city__city__observation_date.45df4ac31d
[0m03:00:18.409083 [debug] [Thread-2 (]: Finished running node test.weather_analytics.accepted_values_weather_trend_analysis_trend_direction__Rising__Falling__Stable.b2a5ce8cb7
[0m03:00:18.410572 [debug] [Thread-1 (]: Finished running node test.weather_analytics.dbt_utils_accepted_range_weather_trend_analysis_trend_strength__1__0.7a3dc30f04
[0m03:00:18.410572 [debug] [Thread-4 (]: Began running node test.weather_analytics.dbt_utils_accepted_range_weather_trend_analysis_volatility_score__100__0.ebc8ffcdee
[0m03:00:18.410572 [debug] [Thread-7 (]: Marking all children of 'test.weather_analytics.not_null_mart_weather_quality_invalid_readings.eaf8e208fa' to be skipped because of status 'skipped'. 
[0m03:00:18.410572 [debug] [Thread-3 (]: Began running node test.weather_analytics.not_null_weather_trend_analysis_city.1f0f54b392
[0m03:00:18.417417 [debug] [Thread-2 (]: Began running node test.weather_analytics.not_null_weather_trend_analysis_last_updated.ae75b37012
[0m03:00:18.417417 [debug] [Thread-1 (]: Began running node test.weather_analytics.not_null_weather_trend_analysis_observation_time.16fa5069cf
[0m03:00:18.421682 [info ] [Thread-4 (]: 133 of 206 SKIP test dbt_utils_accepted_range_weather_trend_analysis_volatility_score__100__0  [[33mSKIP[0m]
[0m03:00:18.423063 [debug] [Thread-7 (]: Marking all children of 'test.weather_analytics.not_null_mart_weather_quality_issues_detected.c789fc3e8c' to be skipped because of status 'skipped'. 
[0m03:00:18.423063 [info ] [Thread-3 (]: 134 of 206 SKIP test not_null_weather_trend_analysis_city ...................... [[33mSKIP[0m]
[0m03:00:18.423063 [info ] [Thread-2 (]: 135 of 206 SKIP test not_null_weather_trend_analysis_last_updated .............. [[33mSKIP[0m]
[0m03:00:18.429904 [info ] [Thread-1 (]: 136 of 206 SKIP test not_null_weather_trend_analysis_observation_time .......... [[33mSKIP[0m]
[0m03:00:18.430418 [debug] [Thread-4 (]: Finished running node test.weather_analytics.dbt_utils_accepted_range_weather_trend_analysis_volatility_score__100__0.ebc8ffcdee
[0m03:00:18.433214 [debug] [Thread-7 (]: Marking all children of 'test.weather_analytics.not_null_mart_weather_quality_last_checked.1aeeff3f66' to be skipped because of status 'skipped'. 
[0m03:00:18.435325 [debug] [Thread-3 (]: Finished running node test.weather_analytics.not_null_weather_trend_analysis_city.1f0f54b392
[0m03:00:18.436963 [debug] [Thread-2 (]: Finished running node test.weather_analytics.not_null_weather_trend_analysis_last_updated.ae75b37012
[0m03:00:18.436963 [debug] [Thread-1 (]: Finished running node test.weather_analytics.not_null_weather_trend_analysis_observation_time.16fa5069cf
[0m03:00:18.439087 [debug] [Thread-4 (]: Began running node test.weather_analytics.not_null_weather_trend_analysis_rolling_24h_avg_temp.d2ac542abc
[0m03:00:18.442177 [debug] [Thread-7 (]: Marking all children of 'test.weather_analytics.not_null_mart_weather_quality_quality_score.845f1bb76f' to be skipped because of status 'skipped'. 
[0m03:00:18.443467 [debug] [Thread-3 (]: Began running node test.weather_analytics.not_null_weather_trend_analysis_rolling_7d_avg_temp.97409254e4
[0m03:00:18.446021 [debug] [Thread-2 (]: Began running node test.weather_analytics.not_null_weather_trend_analysis_temp_change_24h.9d454af387
[0m03:00:18.448283 [debug] [Thread-1 (]: Began running node test.weather_analytics.not_null_weather_trend_analysis_temp_change_pct.ca7eec6790
[0m03:00:18.450300 [info ] [Thread-4 (]: 137 of 206 SKIP test not_null_weather_trend_analysis_rolling_24h_avg_temp ...... [[33mSKIP[0m]
[0m03:00:18.451163 [debug] [Thread-7 (]: Marking all children of 'test.weather_analytics.not_null_mart_weather_quality_quality_status.de5865e839' to be skipped because of status 'skipped'. 
[0m03:00:18.451163 [info ] [Thread-3 (]: 138 of 206 SKIP test not_null_weather_trend_analysis_rolling_7d_avg_temp ....... [[33mSKIP[0m]
[0m03:00:18.456084 [info ] [Thread-2 (]: 139 of 206 SKIP test not_null_weather_trend_analysis_temp_change_24h ........... [[33mSKIP[0m]
[0m03:00:18.457941 [info ] [Thread-1 (]: 140 of 206 SKIP test not_null_weather_trend_analysis_temp_change_pct ........... [[33mSKIP[0m]
[0m03:00:18.457941 [debug] [Thread-4 (]: Finished running node test.weather_analytics.not_null_weather_trend_analysis_rolling_24h_avg_temp.d2ac542abc
[0m03:00:18.463809 [debug] [Thread-7 (]: Marking all children of 'test.weather_analytics.not_null_mart_weather_quality_total_readings.273df4e912' to be skipped because of status 'skipped'. 
[0m03:00:18.466477 [debug] [Thread-3 (]: Finished running node test.weather_analytics.not_null_weather_trend_analysis_rolling_7d_avg_temp.97409254e4
[0m03:00:18.468189 [debug] [Thread-2 (]: Finished running node test.weather_analytics.not_null_weather_trend_analysis_temp_change_24h.9d454af387
[0m03:00:18.470452 [debug] [Thread-1 (]: Finished running node test.weather_analytics.not_null_weather_trend_analysis_temp_change_pct.ca7eec6790
[0m03:00:18.472266 [debug] [Thread-4 (]: Began running node test.weather_analytics.not_null_weather_trend_analysis_temperature_celsius.3ca7d13814
[0m03:00:18.472266 [debug] [Thread-7 (]: Marking all children of 'test.weather_analytics.not_null_mart_weather_quality_valid_readings.76cb994031' to be skipped because of status 'skipped'. 
[0m03:00:18.474569 [debug] [Thread-3 (]: Began running node test.weather_analytics.not_null_weather_trend_analysis_trend_direction.b353d0fe7b
[0m03:00:18.477509 [debug] [Thread-2 (]: Began running node test.weather_analytics.unique_weather_trend_analysis_city__city__observation_time.9655697e5a
[0m03:00:18.477509 [debug] [Thread-1 (]: Began running node model.weather_analytics.mart_city_weather
[0m03:00:18.477509 [info ] [Thread-4 (]: 141 of 206 SKIP test not_null_weather_trend_analysis_temperature_celsius ....... [[33mSKIP[0m]
[0m03:00:18.482329 [debug] [Thread-7 (]: Marking all children of 'test.weather_analytics.accepted_values_weather_daily_summary_is_complete_day__True__False.bdea3c6be0' to be skipped because of status 'skipped'. 
[0m03:00:18.484261 [info ] [Thread-3 (]: 142 of 206 SKIP test not_null_weather_trend_analysis_trend_direction ........... [[33mSKIP[0m]
[0m03:00:18.484261 [info ] [Thread-2 (]: 143 of 206 SKIP test unique_weather_trend_analysis_city__city__observation_time  [[33mSKIP[0m]
[0m03:00:18.487891 [info ] [Thread-1 (]: 144 of 206 SKIP relation weather_marts.mart_city_weather ....................... [[33mSKIP[0m]
[0m03:00:18.491420 [debug] [Thread-4 (]: Finished running node test.weather_analytics.not_null_weather_trend_analysis_temperature_celsius.3ca7d13814
[0m03:00:18.491420 [debug] [Thread-7 (]: Marking all children of 'test.weather_analytics.accepted_values_weather_daily_summary_temp_category__Freezing__Cold__Mild__Warm__Hot.db2f283e8d' to be skipped because of status 'skipped'. 
[0m03:00:18.494005 [debug] [Thread-3 (]: Finished running node test.weather_analytics.not_null_weather_trend_analysis_trend_direction.b353d0fe7b
[0m03:00:18.495441 [debug] [Thread-2 (]: Finished running node test.weather_analytics.unique_weather_trend_analysis_city__city__observation_time.9655697e5a
[0m03:00:18.498055 [debug] [Thread-1 (]: Finished running node model.weather_analytics.mart_city_weather
[0m03:00:18.499666 [debug] [Thread-7 (]: Marking all children of 'test.weather_analytics.dbt_utils_accepted_range_weather_daily_summary_avg_humidity__100__0.38fc3a52bf' to be skipped because of status 'skipped'. 
[0m03:00:18.505744 [debug] [Thread-7 (]: Marking all children of 'test.weather_analytics.dbt_utils_accepted_range_weather_daily_summary_avg_temperature__60___50.1ffa20a792' to be skipped because of status 'skipped'. 
[0m03:00:18.505744 [debug] [Thread-7 (]: Marking all children of 'test.weather_analytics.dbt_utils_accepted_range_weather_daily_summary_avg_wind_speed__150__0.cf3e0c4e2d' to be skipped because of status 'skipped'. 
[0m03:00:18.510046 [debug] [Thread-7 (]: Marking all children of 'test.weather_analytics.dbt_utils_accepted_range_weather_daily_summary_max_temperature__60___50.a0bf2f4843' to be skipped because of status 'skipped'. 
[0m03:00:18.512206 [debug] [Thread-7 (]: Marking all children of 'test.weather_analytics.dbt_utils_accepted_range_weather_daily_summary_min_temperature__60___50.7aa64a396c' to be skipped because of status 'skipped'. 
[0m03:00:18.513564 [debug] [Thread-7 (]: Marking all children of 'test.weather_analytics.dbt_utils_accepted_range_weather_daily_summary_record_count__0.554f51a2d8' to be skipped because of status 'skipped'. 
[0m03:00:18.513564 [debug] [Thread-7 (]: Marking all children of 'test.weather_analytics.not_null_weather_daily_summary_avg_humidity.e6803b750a' to be skipped because of status 'skipped'. 
[0m03:00:18.518015 [debug] [Thread-7 (]: Marking all children of 'test.weather_analytics.not_null_weather_daily_summary_avg_temperature.7c6ef854cb' to be skipped because of status 'skipped'. 
[0m03:00:18.519672 [debug] [Thread-7 (]: Marking all children of 'test.weather_analytics.not_null_weather_daily_summary_avg_wind_speed.ee1054f872' to be skipped because of status 'skipped'. 
[0m03:00:18.522004 [debug] [Thread-7 (]: Marking all children of 'test.weather_analytics.not_null_weather_daily_summary_city.eacf2ae591' to be skipped because of status 'skipped'. 
[0m03:00:18.522004 [debug] [Thread-7 (]: Marking all children of 'test.weather_analytics.not_null_weather_daily_summary_last_updated.2c5371372a' to be skipped because of status 'skipped'. 
[0m03:00:18.522004 [debug] [Thread-7 (]: Marking all children of 'test.weather_analytics.not_null_weather_daily_summary_max_temperature.bae230c055' to be skipped because of status 'skipped'. 
[0m03:00:18.525784 [debug] [Thread-7 (]: Marking all children of 'test.weather_analytics.not_null_weather_daily_summary_min_temperature.fd4452188a' to be skipped because of status 'skipped'. 
[0m03:00:18.525784 [debug] [Thread-7 (]: Marking all children of 'test.weather_analytics.not_null_weather_daily_summary_most_common_weather.a78b1fa072' to be skipped because of status 'skipped'. 
[0m03:00:18.530453 [debug] [Thread-7 (]: Marking all children of 'test.weather_analytics.not_null_weather_daily_summary_observation_date.d6018c9669' to be skipped because of status 'skipped'. 
[0m03:00:18.531696 [debug] [Thread-7 (]: Marking all children of 'test.weather_analytics.not_null_weather_daily_summary_record_count.43f79450ff' to be skipped because of status 'skipped'. 
[0m03:00:18.531696 [debug] [Thread-7 (]: Marking all children of 'test.weather_analytics.not_null_weather_daily_summary_temp_category.849f7e70c3' to be skipped because of status 'skipped'. 
[0m03:00:18.531696 [debug] [Thread-7 (]: Marking all children of 'test.weather_analytics.not_null_weather_daily_summary_temperature_range.178d7dd824' to be skipped because of status 'skipped'. 
[0m03:00:18.538947 [debug] [Thread-7 (]: Marking all children of 'test.weather_analytics.unique_weather_daily_summary_city__city__observation_date.45df4ac31d' to be skipped because of status 'skipped'. 
[0m03:00:18.538947 [debug] [Thread-7 (]: Marking all children of 'test.weather_analytics.accepted_values_weather_trend_analysis_trend_direction__Rising__Falling__Stable.b2a5ce8cb7' to be skipped because of status 'skipped'. 
[0m03:00:18.538947 [debug] [Thread-7 (]: Marking all children of 'test.weather_analytics.dbt_utils_accepted_range_weather_trend_analysis_trend_strength__1__0.7a3dc30f04' to be skipped because of status 'skipped'. 
[0m03:00:18.543589 [debug] [Thread-7 (]: Marking all children of 'test.weather_analytics.dbt_utils_accepted_range_weather_trend_analysis_volatility_score__100__0.ebc8ffcdee' to be skipped because of status 'skipped'. 
[0m03:00:18.545604 [debug] [Thread-7 (]: Marking all children of 'test.weather_analytics.not_null_weather_trend_analysis_city.1f0f54b392' to be skipped because of status 'skipped'. 
[0m03:00:18.545604 [debug] [Thread-7 (]: Marking all children of 'test.weather_analytics.not_null_weather_trend_analysis_last_updated.ae75b37012' to be skipped because of status 'skipped'. 
[0m03:00:18.547619 [debug] [Thread-7 (]: Marking all children of 'test.weather_analytics.not_null_weather_trend_analysis_observation_time.16fa5069cf' to be skipped because of status 'skipped'. 
[0m03:00:18.549631 [debug] [Thread-7 (]: Marking all children of 'test.weather_analytics.not_null_weather_trend_analysis_rolling_24h_avg_temp.d2ac542abc' to be skipped because of status 'skipped'. 
[0m03:00:18.551646 [debug] [Thread-7 (]: Marking all children of 'test.weather_analytics.not_null_weather_trend_analysis_rolling_7d_avg_temp.97409254e4' to be skipped because of status 'skipped'. 
[0m03:00:18.553673 [debug] [Thread-7 (]: Marking all children of 'test.weather_analytics.not_null_weather_trend_analysis_temp_change_24h.9d454af387' to be skipped because of status 'skipped'. 
[0m03:00:18.555640 [debug] [Thread-7 (]: Marking all children of 'test.weather_analytics.not_null_weather_trend_analysis_temp_change_pct.ca7eec6790' to be skipped because of status 'skipped'. 
[0m03:00:18.555640 [debug] [Thread-7 (]: Marking all children of 'test.weather_analytics.not_null_weather_trend_analysis_temperature_celsius.3ca7d13814' to be skipped because of status 'skipped'. 
[0m03:00:18.555640 [debug] [Thread-7 (]: Marking all children of 'test.weather_analytics.not_null_weather_trend_analysis_trend_direction.b353d0fe7b' to be skipped because of status 'skipped'. 
[0m03:00:18.560126 [debug] [Thread-7 (]: Marking all children of 'test.weather_analytics.unique_weather_trend_analysis_city__city__observation_time.9655697e5a' to be skipped because of status 'skipped'. 
[0m03:00:18.560126 [debug] [Thread-7 (]: Marking all children of 'model.weather_analytics.mart_city_weather' to be skipped because of status 'skipped'. 
[0m03:00:18.563071 [debug] [Thread-4 (]: Began running node test.weather_analytics.accepted_values_mart_city_weather_most_common_weather__Clear__Clouds__Rain__Snow__Thunderstorm__Drizzle__Mist__Fog__Haze__Smoke.94f54cd852
[0m03:00:18.567415 [debug] [Thread-3 (]: Began running node test.weather_analytics.accepted_values_mart_city_weather_temperature_category__Freezing__Cold__Mild__Warm__Hot.d142de67fd
[0m03:00:18.567415 [debug] [Thread-2 (]: Began running node test.weather_analytics.accepted_values_mart_city_weather_trend_direction__Rising__Falling__Stable.b9debee73a
[0m03:00:18.569779 [debug] [Thread-1 (]: Began running node test.weather_analytics.accepted_values_mart_city_weather_weather_alert__Normal__Heatwave_Risk__High_Heat_Humidity__High_Wind_Alert__Heavy_Rain_Risk__Cold_Wave_Alert.ec9ca167ef
[0m03:00:18.571565 [info ] [Thread-4 (]: 145 of 206 SKIP test accepted_values_mart_city_weather_most_common_weather__Clear__Clouds__Rain__Snow__Thunderstorm__Drizzle__Mist__Fog__Haze__Smoke  [[33mSKIP[0m]
[0m03:00:18.571565 [info ] [Thread-3 (]: 146 of 206 SKIP test accepted_values_mart_city_weather_temperature_category__Freezing__Cold__Mild__Warm__Hot  [[33mSKIP[0m]
[0m03:00:18.571565 [info ] [Thread-2 (]: 147 of 206 SKIP test accepted_values_mart_city_weather_trend_direction__Rising__Falling__Stable  [[33mSKIP[0m]
[0m03:00:18.571565 [info ] [Thread-1 (]: 148 of 206 SKIP test accepted_values_mart_city_weather_weather_alert__Normal__Heatwave_Risk__High_Heat_Humidity__High_Wind_Alert__Heavy_Rain_Risk__Cold_Wave_Alert  [[33mSKIP[0m]
[0m03:00:18.571565 [debug] [Thread-4 (]: Finished running node test.weather_analytics.accepted_values_mart_city_weather_most_common_weather__Clear__Clouds__Rain__Snow__Thunderstorm__Drizzle__Mist__Fog__Haze__Smoke.94f54cd852
[0m03:00:18.580205 [debug] [Thread-3 (]: Finished running node test.weather_analytics.accepted_values_mart_city_weather_temperature_category__Freezing__Cold__Mild__Warm__Hot.d142de67fd
[0m03:00:18.580205 [debug] [Thread-2 (]: Finished running node test.weather_analytics.accepted_values_mart_city_weather_trend_direction__Rising__Falling__Stable.b9debee73a
[0m03:00:18.580205 [debug] [Thread-1 (]: Finished running node test.weather_analytics.accepted_values_mart_city_weather_weather_alert__Normal__Heatwave_Risk__High_Heat_Humidity__High_Wind_Alert__Heavy_Rain_Risk__Cold_Wave_Alert.ec9ca167ef
[0m03:00:18.580205 [debug] [Thread-4 (]: Began running node test.weather_analytics.dbt_utils_accepted_range_mart_city_weather_avg_humidity__100__0.377a5f3971
[0m03:00:18.580205 [debug] [Thread-7 (]: Marking all children of 'test.weather_analytics.accepted_values_mart_city_weather_most_common_weather__Clear__Clouds__Rain__Snow__Thunderstorm__Drizzle__Mist__Fog__Haze__Smoke.94f54cd852' to be skipped because of status 'skipped'. 
[0m03:00:18.586551 [debug] [Thread-3 (]: Began running node test.weather_analytics.dbt_utils_accepted_range_mart_city_weather_avg_temp__60___50.3e61473318
[0m03:00:18.586551 [debug] [Thread-2 (]: Began running node test.weather_analytics.dbt_utils_accepted_range_mart_city_weather_avg_wind_speed__150__0.53cb9592a7
[0m03:00:18.588598 [debug] [Thread-1 (]: Began running node test.weather_analytics.dbt_utils_accepted_range_mart_city_weather_hourly_readings__24__0.e95bc63ec5
[0m03:00:18.588598 [info ] [Thread-4 (]: 149 of 206 SKIP test dbt_utils_accepted_range_mart_city_weather_avg_humidity__100__0  [[33mSKIP[0m]
[0m03:00:18.588598 [debug] [Thread-7 (]: Marking all children of 'test.weather_analytics.accepted_values_mart_city_weather_temperature_category__Freezing__Cold__Mild__Warm__Hot.d142de67fd' to be skipped because of status 'skipped'. 
[0m03:00:18.593576 [info ] [Thread-3 (]: 150 of 206 SKIP test dbt_utils_accepted_range_mart_city_weather_avg_temp__60___50  [[33mSKIP[0m]
[0m03:00:18.595485 [info ] [Thread-2 (]: 151 of 206 SKIP test dbt_utils_accepted_range_mart_city_weather_avg_wind_speed__150__0  [[33mSKIP[0m]
[0m03:00:18.595485 [info ] [Thread-1 (]: 152 of 206 SKIP test dbt_utils_accepted_range_mart_city_weather_hourly_readings__24__0  [[33mSKIP[0m]
[0m03:00:18.598674 [debug] [Thread-4 (]: Finished running node test.weather_analytics.dbt_utils_accepted_range_mart_city_weather_avg_humidity__100__0.377a5f3971
[0m03:00:18.598674 [debug] [Thread-7 (]: Marking all children of 'test.weather_analytics.accepted_values_mart_city_weather_trend_direction__Rising__Falling__Stable.b9debee73a' to be skipped because of status 'skipped'. 
[0m03:00:18.602734 [debug] [Thread-3 (]: Finished running node test.weather_analytics.dbt_utils_accepted_range_mart_city_weather_avg_temp__60___50.3e61473318
[0m03:00:18.604013 [debug] [Thread-2 (]: Finished running node test.weather_analytics.dbt_utils_accepted_range_mart_city_weather_avg_wind_speed__150__0.53cb9592a7
[0m03:00:18.604013 [debug] [Thread-1 (]: Finished running node test.weather_analytics.dbt_utils_accepted_range_mart_city_weather_hourly_readings__24__0.e95bc63ec5
[0m03:00:18.604013 [debug] [Thread-4 (]: Began running node test.weather_analytics.dbt_utils_accepted_range_mart_city_weather_max_temp__60___50.475b2a0d1a
[0m03:00:18.608841 [debug] [Thread-7 (]: Marking all children of 'test.weather_analytics.accepted_values_mart_city_weather_weather_alert__Normal__Heatwave_Risk__High_Heat_Humidity__High_Wind_Alert__Heavy_Rain_Risk__Cold_Wave_Alert.ec9ca167ef' to be skipped because of status 'skipped'. 
[0m03:00:18.610419 [debug] [Thread-3 (]: Began running node test.weather_analytics.dbt_utils_accepted_range_mart_city_weather_min_temp__60___50.79b894abfb
[0m03:00:18.611069 [debug] [Thread-2 (]: Began running node test.weather_analytics.dbt_utils_accepted_range_mart_city_weather_observation_date__2099_12_31__2024_01_01.390d2a14fa
[0m03:00:18.613366 [debug] [Thread-1 (]: Began running node test.weather_analytics.dbt_utils_accepted_range_mart_city_weather_temp_percentile__1__0.7a113e4ecb
[0m03:00:18.613366 [info ] [Thread-4 (]: 153 of 206 SKIP test dbt_utils_accepted_range_mart_city_weather_max_temp__60___50  [[33mSKIP[0m]
[0m03:00:18.617036 [debug] [Thread-7 (]: Marking all children of 'test.weather_analytics.dbt_utils_accepted_range_mart_city_weather_avg_humidity__100__0.377a5f3971' to be skipped because of status 'skipped'. 
[0m03:00:18.618105 [info ] [Thread-3 (]: 154 of 206 SKIP test dbt_utils_accepted_range_mart_city_weather_min_temp__60___50  [[33mSKIP[0m]
[0m03:00:18.618105 [info ] [Thread-2 (]: 155 of 206 SKIP test dbt_utils_accepted_range_mart_city_weather_observation_date__2099_12_31__2024_01_01  [[33mSKIP[0m]
[0m03:00:18.622617 [info ] [Thread-1 (]: 156 of 206 SKIP test dbt_utils_accepted_range_mart_city_weather_temp_percentile__1__0  [[33mSKIP[0m]
[0m03:00:18.624893 [debug] [Thread-4 (]: Finished running node test.weather_analytics.dbt_utils_accepted_range_mart_city_weather_max_temp__60___50.475b2a0d1a
[0m03:00:18.627232 [debug] [Thread-7 (]: Marking all children of 'test.weather_analytics.dbt_utils_accepted_range_mart_city_weather_avg_temp__60___50.3e61473318' to be skipped because of status 'skipped'. 
[0m03:00:18.627232 [debug] [Thread-3 (]: Finished running node test.weather_analytics.dbt_utils_accepted_range_mart_city_weather_min_temp__60___50.79b894abfb
[0m03:00:18.627232 [debug] [Thread-2 (]: Finished running node test.weather_analytics.dbt_utils_accepted_range_mart_city_weather_observation_date__2099_12_31__2024_01_01.390d2a14fa
[0m03:00:18.632047 [debug] [Thread-1 (]: Finished running node test.weather_analytics.dbt_utils_accepted_range_mart_city_weather_temp_percentile__1__0.7a113e4ecb
[0m03:00:18.632047 [debug] [Thread-4 (]: Began running node test.weather_analytics.dbt_utils_accepted_range_mart_city_weather_temp_rank_daily__1.dd10473491
[0m03:00:18.634739 [debug] [Thread-7 (]: Marking all children of 'test.weather_analytics.dbt_utils_accepted_range_mart_city_weather_avg_wind_speed__150__0.53cb9592a7' to be skipped because of status 'skipped'. 
[0m03:00:18.636555 [debug] [Thread-3 (]: Began running node test.weather_analytics.dbt_utils_accepted_range_mart_city_weather_temp_rank_global__1.0caaedfa3a
[0m03:00:18.638305 [debug] [Thread-2 (]: Began running node test.weather_analytics.not_null_mart_city_weather_avg_humidity.627d9fac1c
[0m03:00:18.639977 [debug] [Thread-1 (]: Began running node test.weather_analytics.not_null_mart_city_weather_avg_temp.294483e537
[0m03:00:18.639977 [info ] [Thread-4 (]: 157 of 206 SKIP test dbt_utils_accepted_range_mart_city_weather_temp_rank_daily__1  [[33mSKIP[0m]
[0m03:00:18.644849 [debug] [Thread-7 (]: Marking all children of 'test.weather_analytics.dbt_utils_accepted_range_mart_city_weather_hourly_readings__24__0.e95bc63ec5' to be skipped because of status 'skipped'. 
[0m03:00:18.645874 [info ] [Thread-3 (]: 158 of 206 SKIP test dbt_utils_accepted_range_mart_city_weather_temp_rank_global__1  [[33mSKIP[0m]
[0m03:00:18.647612 [info ] [Thread-2 (]: 159 of 206 SKIP test not_null_mart_city_weather_avg_humidity ................... [[33mSKIP[0m]
[0m03:00:18.650477 [info ] [Thread-1 (]: 160 of 206 SKIP test not_null_mart_city_weather_avg_temp ....................... [[33mSKIP[0m]
[0m03:00:18.653184 [debug] [Thread-4 (]: Finished running node test.weather_analytics.dbt_utils_accepted_range_mart_city_weather_temp_rank_daily__1.dd10473491
[0m03:00:18.653184 [debug] [Thread-7 (]: Marking all children of 'test.weather_analytics.dbt_utils_accepted_range_mart_city_weather_max_temp__60___50.475b2a0d1a' to be skipped because of status 'skipped'. 
[0m03:00:18.653184 [debug] [Thread-3 (]: Finished running node test.weather_analytics.dbt_utils_accepted_range_mart_city_weather_temp_rank_global__1.0caaedfa3a
[0m03:00:18.653184 [debug] [Thread-2 (]: Finished running node test.weather_analytics.not_null_mart_city_weather_avg_humidity.627d9fac1c
[0m03:00:18.659697 [debug] [Thread-1 (]: Finished running node test.weather_analytics.not_null_mart_city_weather_avg_temp.294483e537
[0m03:00:18.660879 [debug] [Thread-4 (]: Began running node test.weather_analytics.not_null_mart_city_weather_avg_wind_speed.d75897cb52
[0m03:00:18.660879 [debug] [Thread-7 (]: Marking all children of 'test.weather_analytics.dbt_utils_accepted_range_mart_city_weather_min_temp__60___50.79b894abfb' to be skipped because of status 'skipped'. 
[0m03:00:18.660879 [debug] [Thread-3 (]: Began running node test.weather_analytics.not_null_mart_city_weather_city.213d3cdc37
[0m03:00:18.666936 [debug] [Thread-2 (]: Began running node test.weather_analytics.not_null_mart_city_weather_hourly_readings.551dacbb25
[0m03:00:18.666936 [debug] [Thread-1 (]: Began running node test.weather_analytics.not_null_mart_city_weather_last_updated.1836e0ed03
[0m03:00:18.671266 [info ] [Thread-4 (]: 161 of 206 SKIP test not_null_mart_city_weather_avg_wind_speed ................. [[33mSKIP[0m]
[0m03:00:18.673114 [debug] [Thread-7 (]: Marking all children of 'test.weather_analytics.dbt_utils_accepted_range_mart_city_weather_observation_date__2099_12_31__2024_01_01.390d2a14fa' to be skipped because of status 'skipped'. 
[0m03:00:18.673114 [info ] [Thread-3 (]: 162 of 206 SKIP test not_null_mart_city_weather_city ........................... [[33mSKIP[0m]
[0m03:00:18.673114 [info ] [Thread-2 (]: 163 of 206 SKIP test not_null_mart_city_weather_hourly_readings ................ [[33mSKIP[0m]
[0m03:00:18.679707 [info ] [Thread-1 (]: 164 of 206 SKIP test not_null_mart_city_weather_last_updated ................... [[33mSKIP[0m]
[0m03:00:18.681727 [debug] [Thread-4 (]: Finished running node test.weather_analytics.not_null_mart_city_weather_avg_wind_speed.d75897cb52
[0m03:00:18.683543 [debug] [Thread-7 (]: Marking all children of 'test.weather_analytics.dbt_utils_accepted_range_mart_city_weather_temp_percentile__1__0.7a113e4ecb' to be skipped because of status 'skipped'. 
[0m03:00:18.683543 [debug] [Thread-3 (]: Finished running node test.weather_analytics.not_null_mart_city_weather_city.213d3cdc37
[0m03:00:18.686912 [debug] [Thread-2 (]: Finished running node test.weather_analytics.not_null_mart_city_weather_hourly_readings.551dacbb25
[0m03:00:18.686912 [debug] [Thread-1 (]: Finished running node test.weather_analytics.not_null_mart_city_weather_last_updated.1836e0ed03
[0m03:00:18.686912 [debug] [Thread-4 (]: Began running node test.weather_analytics.not_null_mart_city_weather_max_temp.48501cf21a
[0m03:00:18.692088 [debug] [Thread-7 (]: Marking all children of 'test.weather_analytics.dbt_utils_accepted_range_mart_city_weather_temp_rank_daily__1.dd10473491' to be skipped because of status 'skipped'. 
[0m03:00:18.692088 [debug] [Thread-3 (]: Began running node test.weather_analytics.not_null_mart_city_weather_min_temp.8a0fce37fa
[0m03:00:18.692088 [debug] [Thread-2 (]: Began running node test.weather_analytics.not_null_mart_city_weather_most_common_weather.0522bc99d4
[0m03:00:18.696589 [debug] [Thread-1 (]: Began running node test.weather_analytics.not_null_mart_city_weather_observation_date.e9c1c0528d
[0m03:00:18.698170 [info ] [Thread-4 (]: 165 of 206 SKIP test not_null_mart_city_weather_max_temp ....................... [[33mSKIP[0m]
[0m03:00:18.700199 [debug] [Thread-7 (]: Marking all children of 'test.weather_analytics.dbt_utils_accepted_range_mart_city_weather_temp_rank_global__1.0caaedfa3a' to be skipped because of status 'skipped'. 
[0m03:00:18.700199 [info ] [Thread-3 (]: 166 of 206 SKIP test not_null_mart_city_weather_min_temp ....................... [[33mSKIP[0m]
[0m03:00:18.700199 [info ] [Thread-2 (]: 167 of 206 SKIP test not_null_mart_city_weather_most_common_weather ............ [[33mSKIP[0m]
[0m03:00:18.705981 [info ] [Thread-1 (]: 168 of 206 SKIP test not_null_mart_city_weather_observation_date ............... [[33mSKIP[0m]
[0m03:00:18.708543 [debug] [Thread-4 (]: Finished running node test.weather_analytics.not_null_mart_city_weather_max_temp.48501cf21a
[0m03:00:18.710206 [debug] [Thread-7 (]: Marking all children of 'test.weather_analytics.not_null_mart_city_weather_avg_humidity.627d9fac1c' to be skipped because of status 'skipped'. 
[0m03:00:18.710206 [debug] [Thread-3 (]: Finished running node test.weather_analytics.not_null_mart_city_weather_min_temp.8a0fce37fa
[0m03:00:18.710206 [debug] [Thread-2 (]: Finished running node test.weather_analytics.not_null_mart_city_weather_most_common_weather.0522bc99d4
[0m03:00:18.714521 [debug] [Thread-1 (]: Finished running node test.weather_analytics.not_null_mart_city_weather_observation_date.e9c1c0528d
[0m03:00:18.714521 [debug] [Thread-4 (]: Began running node test.weather_analytics.not_null_mart_city_weather_rolling_24h_avg_temp.004a75756c
[0m03:00:18.718192 [debug] [Thread-7 (]: Marking all children of 'test.weather_analytics.not_null_mart_city_weather_avg_temp.294483e537' to be skipped because of status 'skipped'. 
[0m03:00:18.721082 [debug] [Thread-3 (]: Began running node test.weather_analytics.not_null_mart_city_weather_rolling_7d_avg_temp.c9e2bae983
[0m03:00:18.721082 [debug] [Thread-2 (]: Began running node test.weather_analytics.not_null_mart_city_weather_temp_percentile.7277cb4ba5
[0m03:00:18.724531 [debug] [Thread-1 (]: Began running node test.weather_analytics.not_null_mart_city_weather_temp_rank_daily.69ddf22e90
[0m03:00:18.724531 [info ] [Thread-4 (]: 169 of 206 SKIP test not_null_mart_city_weather_rolling_24h_avg_temp ........... [[33mSKIP[0m]
[0m03:00:18.728413 [debug] [Thread-7 (]: Marking all children of 'test.weather_analytics.not_null_mart_city_weather_avg_wind_speed.d75897cb52' to be skipped because of status 'skipped'. 
[0m03:00:18.728413 [info ] [Thread-3 (]: 170 of 206 SKIP test not_null_mart_city_weather_rolling_7d_avg_temp ............ [[33mSKIP[0m]
[0m03:00:18.732419 [info ] [Thread-2 (]: 171 of 206 SKIP test not_null_mart_city_weather_temp_percentile ................ [[33mSKIP[0m]
[0m03:00:18.733815 [info ] [Thread-1 (]: 172 of 206 SKIP test not_null_mart_city_weather_temp_rank_daily ................ [[33mSKIP[0m]
[0m03:00:18.734856 [debug] [Thread-4 (]: Finished running node test.weather_analytics.not_null_mart_city_weather_rolling_24h_avg_temp.004a75756c
[0m03:00:18.737446 [debug] [Thread-7 (]: Marking all children of 'test.weather_analytics.not_null_mart_city_weather_city.213d3cdc37' to be skipped because of status 'skipped'. 
[0m03:00:18.738969 [debug] [Thread-3 (]: Finished running node test.weather_analytics.not_null_mart_city_weather_rolling_7d_avg_temp.c9e2bae983
[0m03:00:18.738969 [debug] [Thread-2 (]: Finished running node test.weather_analytics.not_null_mart_city_weather_temp_percentile.7277cb4ba5
[0m03:00:18.742317 [debug] [Thread-1 (]: Finished running node test.weather_analytics.not_null_mart_city_weather_temp_rank_daily.69ddf22e90
[0m03:00:18.742317 [debug] [Thread-4 (]: Began running node test.weather_analytics.not_null_mart_city_weather_temp_rank_global.9be9a05144
[0m03:00:18.745581 [debug] [Thread-7 (]: Marking all children of 'test.weather_analytics.not_null_mart_city_weather_hourly_readings.551dacbb25' to be skipped because of status 'skipped'. 
[0m03:00:18.747764 [debug] [Thread-3 (]: Began running node test.weather_analytics.not_null_mart_city_weather_temp_vs_7d_avg.b062a5f347
[0m03:00:18.749692 [debug] [Thread-2 (]: Began running node test.weather_analytics.not_null_mart_city_weather_temperature_category.8dcbe90839
[0m03:00:18.751896 [debug] [Thread-1 (]: Began running node test.weather_analytics.not_null_mart_city_weather_trend_direction.8cc93d2556
[0m03:00:18.751896 [info ] [Thread-4 (]: 173 of 206 SKIP test not_null_mart_city_weather_temp_rank_global ............... [[33mSKIP[0m]
[0m03:00:18.756137 [debug] [Thread-7 (]: Marking all children of 'test.weather_analytics.not_null_mart_city_weather_last_updated.1836e0ed03' to be skipped because of status 'skipped'. 
[0m03:00:18.758449 [info ] [Thread-3 (]: 174 of 206 SKIP test not_null_mart_city_weather_temp_vs_7d_avg ................. [[33mSKIP[0m]
[0m03:00:18.758449 [info ] [Thread-2 (]: 175 of 206 SKIP test not_null_mart_city_weather_temperature_category ........... [[33mSKIP[0m]
[0m03:00:18.761286 [info ] [Thread-1 (]: 176 of 206 SKIP test not_null_mart_city_weather_trend_direction ................ [[33mSKIP[0m]
[0m03:00:18.764094 [debug] [Thread-4 (]: Finished running node test.weather_analytics.not_null_mart_city_weather_temp_rank_global.9be9a05144
[0m03:00:18.766068 [debug] [Thread-7 (]: Marking all children of 'test.weather_analytics.not_null_mart_city_weather_max_temp.48501cf21a' to be skipped because of status 'skipped'. 
[0m03:00:18.766068 [debug] [Thread-3 (]: Finished running node test.weather_analytics.not_null_mart_city_weather_temp_vs_7d_avg.b062a5f347
[0m03:00:18.769936 [debug] [Thread-2 (]: Finished running node test.weather_analytics.not_null_mart_city_weather_temperature_category.8dcbe90839
[0m03:00:18.769936 [debug] [Thread-1 (]: Finished running node test.weather_analytics.not_null_mart_city_weather_trend_direction.8cc93d2556
[0m03:00:18.773714 [debug] [Thread-4 (]: Began running node test.weather_analytics.not_null_mart_city_weather_weather_alert.5881340303
[0m03:00:18.775449 [debug] [Thread-7 (]: Marking all children of 'test.weather_analytics.not_null_mart_city_weather_min_temp.8a0fce37fa' to be skipped because of status 'skipped'. 
[0m03:00:18.777002 [debug] [Thread-3 (]: Began running node test.weather_analytics.unique_mart_city_weather_city__city__observation_date.fe4a9b950c
[0m03:00:18.780238 [info ] [Thread-4 (]: 177 of 206 SKIP test not_null_mart_city_weather_weather_alert .................. [[33mSKIP[0m]
[0m03:00:18.782043 [debug] [Thread-7 (]: Marking all children of 'test.weather_analytics.not_null_mart_city_weather_most_common_weather.0522bc99d4' to be skipped because of status 'skipped'. 
[0m03:00:18.783339 [info ] [Thread-3 (]: 178 of 206 SKIP test unique_mart_city_weather_city__city__observation_date ..... [[33mSKIP[0m]
[0m03:00:18.784864 [debug] [Thread-4 (]: Finished running node test.weather_analytics.not_null_mart_city_weather_weather_alert.5881340303
[0m03:00:18.784864 [debug] [Thread-7 (]: Marking all children of 'test.weather_analytics.not_null_mart_city_weather_observation_date.e9c1c0528d' to be skipped because of status 'skipped'. 
[0m03:00:18.789407 [debug] [Thread-3 (]: Finished running node test.weather_analytics.unique_mart_city_weather_city__city__observation_date.fe4a9b950c
[0m03:00:18.791545 [debug] [Thread-7 (]: Marking all children of 'test.weather_analytics.not_null_mart_city_weather_rolling_24h_avg_temp.004a75756c' to be skipped because of status 'skipped'. 
[0m03:00:18.794204 [debug] [Thread-7 (]: Marking all children of 'test.weather_analytics.not_null_mart_city_weather_rolling_7d_avg_temp.c9e2bae983' to be skipped because of status 'skipped'. 
[0m03:00:18.794204 [debug] [Thread-7 (]: Marking all children of 'test.weather_analytics.not_null_mart_city_weather_temp_percentile.7277cb4ba5' to be skipped because of status 'skipped'. 
[0m03:00:18.797839 [debug] [Thread-7 (]: Marking all children of 'test.weather_analytics.not_null_mart_city_weather_temp_rank_daily.69ddf22e90' to be skipped because of status 'skipped'. 
[0m03:00:18.798677 [debug] [Thread-7 (]: Marking all children of 'test.weather_analytics.not_null_mart_city_weather_temp_rank_global.9be9a05144' to be skipped because of status 'skipped'. 
[0m03:00:18.799868 [debug] [Thread-7 (]: Marking all children of 'test.weather_analytics.not_null_mart_city_weather_temp_vs_7d_avg.b062a5f347' to be skipped because of status 'skipped'. 
[0m03:00:18.801922 [debug] [Thread-7 (]: Marking all children of 'test.weather_analytics.not_null_mart_city_weather_temperature_category.8dcbe90839' to be skipped because of status 'skipped'. 
[0m03:00:18.803797 [debug] [Thread-7 (]: Marking all children of 'test.weather_analytics.not_null_mart_city_weather_trend_direction.8cc93d2556' to be skipped because of status 'skipped'. 
[0m03:00:18.803797 [debug] [Thread-7 (]: Marking all children of 'test.weather_analytics.not_null_mart_city_weather_weather_alert.5881340303' to be skipped because of status 'skipped'. 
[0m03:00:18.803797 [debug] [Thread-7 (]: Marking all children of 'test.weather_analytics.unique_mart_city_weather_city__city__observation_date.fe4a9b950c' to be skipped because of status 'skipped'. 
[0m03:00:18.810184 [debug] [Thread-2 (]: Began running node model.weather_analytics.mart_global_weather
[0m03:00:18.811422 [info ] [Thread-2 (]: 179 of 206 SKIP relation weather_marts.mart_global_weather ..................... [[33mSKIP[0m]
[0m03:00:18.811422 [debug] [Thread-2 (]: Finished running node model.weather_analytics.mart_global_weather
[0m03:00:18.811422 [debug] [Thread-7 (]: Marking all children of 'model.weather_analytics.mart_global_weather' to be skipped because of status 'skipped'. 
[0m03:00:18.818547 [debug] [Thread-4 (]: Began running node test.weather_analytics.dbt_utils_accepted_range_mart_global_weather_active_cities__0.a6072c8bf3
[0m03:00:18.819709 [debug] [Thread-3 (]: Began running node test.weather_analytics.dbt_utils_accepted_range_mart_global_weather_global_avg_humidity__100__0.73a826495b
[0m03:00:18.819709 [debug] [Thread-1 (]: Began running node test.weather_analytics.dbt_utils_accepted_range_mart_global_weather_global_avg_temp__60___50.eba6e42a72
[0m03:00:18.819709 [debug] [Thread-2 (]: Began running node test.weather_analytics.dbt_utils_accepted_range_mart_global_weather_global_avg_wind_speed__150__0.64f9ad2cc3
[0m03:00:18.824174 [info ] [Thread-4 (]: 180 of 206 SKIP test dbt_utils_accepted_range_mart_global_weather_active_cities__0  [[33mSKIP[0m]
[0m03:00:18.825834 [info ] [Thread-3 (]: 181 of 206 SKIP test dbt_utils_accepted_range_mart_global_weather_global_avg_humidity__100__0  [[33mSKIP[0m]
[0m03:00:18.825834 [info ] [Thread-1 (]: 182 of 206 SKIP test dbt_utils_accepted_range_mart_global_weather_global_avg_temp__60___50  [[33mSKIP[0m]
[0m03:00:18.825834 [info ] [Thread-2 (]: 183 of 206 SKIP test dbt_utils_accepted_range_mart_global_weather_global_avg_wind_speed__150__0  [[33mSKIP[0m]
[0m03:00:18.825834 [debug] [Thread-4 (]: Finished running node test.weather_analytics.dbt_utils_accepted_range_mart_global_weather_active_cities__0.a6072c8bf3
[0m03:00:18.833235 [debug] [Thread-3 (]: Finished running node test.weather_analytics.dbt_utils_accepted_range_mart_global_weather_global_avg_humidity__100__0.73a826495b
[0m03:00:18.835228 [debug] [Thread-1 (]: Finished running node test.weather_analytics.dbt_utils_accepted_range_mart_global_weather_global_avg_temp__60___50.eba6e42a72
[0m03:00:18.835228 [debug] [Thread-2 (]: Finished running node test.weather_analytics.dbt_utils_accepted_range_mart_global_weather_global_avg_wind_speed__150__0.64f9ad2cc3
[0m03:00:18.835228 [debug] [Thread-4 (]: Began running node test.weather_analytics.dbt_utils_accepted_range_mart_global_weather_global_max_temp__60___50.d86c80c83e
[0m03:00:18.835228 [debug] [Thread-7 (]: Marking all children of 'test.weather_analytics.dbt_utils_accepted_range_mart_global_weather_active_cities__0.a6072c8bf3' to be skipped because of status 'skipped'. 
[0m03:00:18.840449 [debug] [Thread-3 (]: Began running node test.weather_analytics.dbt_utils_accepted_range_mart_global_weather_global_min_temp__60___50.3e8071e574
[0m03:00:18.840449 [debug] [Thread-1 (]: Began running node test.weather_analytics.dbt_utils_is_json_mart_global_weather_weather_distribution.8be4afeb38
[0m03:00:18.840449 [debug] [Thread-2 (]: Began running node test.weather_analytics.not_null_mart_global_weather_active_cities.4b46198529
[0m03:00:18.844883 [info ] [Thread-4 (]: 184 of 206 SKIP test dbt_utils_accepted_range_mart_global_weather_global_max_temp__60___50  [[33mSKIP[0m]
[0m03:00:18.846882 [debug] [Thread-7 (]: Marking all children of 'test.weather_analytics.dbt_utils_accepted_range_mart_global_weather_global_avg_humidity__100__0.73a826495b' to be skipped because of status 'skipped'. 
[0m03:00:18.848650 [info ] [Thread-3 (]: 185 of 206 SKIP test dbt_utils_accepted_range_mart_global_weather_global_min_temp__60___50  [[33mSKIP[0m]
[0m03:00:18.851774 [info ] [Thread-1 (]: 186 of 206 SKIP test dbt_utils_is_json_mart_global_weather_weather_distribution  [[33mSKIP[0m]
[0m03:00:18.853285 [info ] [Thread-2 (]: 187 of 206 SKIP test not_null_mart_global_weather_active_cities ................ [[33mSKIP[0m]
[0m03:00:18.853285 [debug] [Thread-4 (]: Finished running node test.weather_analytics.dbt_utils_accepted_range_mart_global_weather_global_max_temp__60___50.d86c80c83e
[0m03:00:18.857682 [debug] [Thread-7 (]: Marking all children of 'test.weather_analytics.dbt_utils_accepted_range_mart_global_weather_global_avg_temp__60___50.eba6e42a72' to be skipped because of status 'skipped'. 
[0m03:00:18.857682 [debug] [Thread-3 (]: Finished running node test.weather_analytics.dbt_utils_accepted_range_mart_global_weather_global_min_temp__60___50.3e8071e574
[0m03:00:18.860528 [debug] [Thread-1 (]: Finished running node test.weather_analytics.dbt_utils_is_json_mart_global_weather_weather_distribution.8be4afeb38
[0m03:00:18.860528 [debug] [Thread-2 (]: Finished running node test.weather_analytics.not_null_mart_global_weather_active_cities.4b46198529
[0m03:00:18.863412 [debug] [Thread-4 (]: Began running node test.weather_analytics.not_null_mart_global_weather_avg_temp_rolling_7d.c337874902
[0m03:00:18.863412 [debug] [Thread-7 (]: Marking all children of 'test.weather_analytics.dbt_utils_accepted_range_mart_global_weather_global_avg_wind_speed__150__0.64f9ad2cc3' to be skipped because of status 'skipped'. 
[0m03:00:18.866815 [debug] [Thread-3 (]: Began running node test.weather_analytics.not_null_mart_global_weather_coldest_city.114c67cc43
[0m03:00:18.866815 [debug] [Thread-1 (]: Began running node test.weather_analytics.not_null_mart_global_weather_coldest_city_temp.52118569ac
[0m03:00:18.871040 [debug] [Thread-2 (]: Began running node test.weather_analytics.not_null_mart_global_weather_extreme_event_count.52e3b6729e
[0m03:00:18.872791 [info ] [Thread-4 (]: 188 of 206 SKIP test not_null_mart_global_weather_avg_temp_rolling_7d .......... [[33mSKIP[0m]
[0m03:00:18.874175 [debug] [Thread-7 (]: Marking all children of 'test.weather_analytics.dbt_utils_accepted_range_mart_global_weather_global_max_temp__60___50.d86c80c83e' to be skipped because of status 'skipped'. 
[0m03:00:18.874175 [info ] [Thread-3 (]: 189 of 206 SKIP test not_null_mart_global_weather_coldest_city ................. [[33mSKIP[0m]
[0m03:00:18.874175 [info ] [Thread-1 (]: 190 of 206 SKIP test not_null_mart_global_weather_coldest_city_temp ............ [[33mSKIP[0m]
[0m03:00:18.881028 [info ] [Thread-2 (]: 191 of 206 SKIP test not_null_mart_global_weather_extreme_event_count .......... [[33mSKIP[0m]
[0m03:00:18.881028 [debug] [Thread-4 (]: Finished running node test.weather_analytics.not_null_mart_global_weather_avg_temp_rolling_7d.c337874902
[0m03:00:18.884548 [debug] [Thread-7 (]: Marking all children of 'test.weather_analytics.dbt_utils_accepted_range_mart_global_weather_global_min_temp__60___50.3e8071e574' to be skipped because of status 'skipped'. 
[0m03:00:18.885669 [debug] [Thread-3 (]: Finished running node test.weather_analytics.not_null_mart_global_weather_coldest_city.114c67cc43
[0m03:00:18.888135 [debug] [Thread-1 (]: Finished running node test.weather_analytics.not_null_mart_global_weather_coldest_city_temp.52118569ac
[0m03:00:18.889714 [debug] [Thread-2 (]: Finished running node test.weather_analytics.not_null_mart_global_weather_extreme_event_count.52e3b6729e
[0m03:00:18.889714 [debug] [Thread-4 (]: Began running node test.weather_analytics.not_null_mart_global_weather_global_avg_humidity.95837f2007
[0m03:00:18.889714 [debug] [Thread-7 (]: Marking all children of 'test.weather_analytics.dbt_utils_is_json_mart_global_weather_weather_distribution.8be4afeb38' to be skipped because of status 'skipped'. 
[0m03:00:18.895941 [debug] [Thread-3 (]: Began running node test.weather_analytics.not_null_mart_global_weather_global_avg_temp.fb72cffb97
[0m03:00:18.895941 [debug] [Thread-1 (]: Began running node test.weather_analytics.not_null_mart_global_weather_global_avg_wind_speed.fcff8f4402
[0m03:00:18.895941 [debug] [Thread-2 (]: Began running node test.weather_analytics.not_null_mart_global_weather_global_max_temp.ee44f6aca7
[0m03:00:18.901815 [info ] [Thread-4 (]: 192 of 206 SKIP test not_null_mart_global_weather_global_avg_humidity .......... [[33mSKIP[0m]
[0m03:00:18.902165 [debug] [Thread-7 (]: Marking all children of 'test.weather_analytics.not_null_mart_global_weather_active_cities.4b46198529' to be skipped because of status 'skipped'. 
[0m03:00:18.902165 [info ] [Thread-3 (]: 193 of 206 SKIP test not_null_mart_global_weather_global_avg_temp .............. [[33mSKIP[0m]
[0m03:00:18.907430 [info ] [Thread-1 (]: 194 of 206 SKIP test not_null_mart_global_weather_global_avg_wind_speed ........ [[33mSKIP[0m]
[0m03:00:18.908944 [info ] [Thread-2 (]: 195 of 206 SKIP test not_null_mart_global_weather_global_max_temp .............. [[33mSKIP[0m]
[0m03:00:18.908944 [debug] [Thread-4 (]: Finished running node test.weather_analytics.not_null_mart_global_weather_global_avg_humidity.95837f2007
[0m03:00:18.913443 [debug] [Thread-7 (]: Marking all children of 'test.weather_analytics.not_null_mart_global_weather_avg_temp_rolling_7d.c337874902' to be skipped because of status 'skipped'. 
[0m03:00:18.916303 [debug] [Thread-3 (]: Finished running node test.weather_analytics.not_null_mart_global_weather_global_avg_temp.fb72cffb97
[0m03:00:18.916303 [debug] [Thread-1 (]: Finished running node test.weather_analytics.not_null_mart_global_weather_global_avg_wind_speed.fcff8f4402
[0m03:00:18.916303 [debug] [Thread-2 (]: Finished running node test.weather_analytics.not_null_mart_global_weather_global_max_temp.ee44f6aca7
[0m03:00:18.921276 [debug] [Thread-4 (]: Began running node test.weather_analytics.not_null_mart_global_weather_global_min_temp.5d42f82e9b
[0m03:00:18.921276 [debug] [Thread-7 (]: Marking all children of 'test.weather_analytics.not_null_mart_global_weather_coldest_city.114c67cc43' to be skipped because of status 'skipped'. 
[0m03:00:18.925440 [debug] [Thread-3 (]: Began running node test.weather_analytics.not_null_mart_global_weather_global_most_common_weather.3e9fc56ddd
[0m03:00:18.925440 [debug] [Thread-1 (]: Began running node test.weather_analytics.not_null_mart_global_weather_highest_humidity_city.53f9452fb3
[0m03:00:18.929606 [debug] [Thread-2 (]: Began running node test.weather_analytics.not_null_mart_global_weather_highest_humidity_value.9ca30db7c6
[0m03:00:18.929606 [info ] [Thread-4 (]: 196 of 206 SKIP test not_null_mart_global_weather_global_min_temp .............. [[33mSKIP[0m]
[0m03:00:18.933153 [debug] [Thread-7 (]: Marking all children of 'test.weather_analytics.not_null_mart_global_weather_coldest_city_temp.52118569ac' to be skipped because of status 'skipped'. 
[0m03:00:18.935242 [info ] [Thread-3 (]: 197 of 206 SKIP test not_null_mart_global_weather_global_most_common_weather ... [[33mSKIP[0m]
[0m03:00:18.935242 [info ] [Thread-1 (]: 198 of 206 SKIP test not_null_mart_global_weather_highest_humidity_city ........ [[33mSKIP[0m]
[0m03:00:18.939204 [info ] [Thread-2 (]: 199 of 206 SKIP test not_null_mart_global_weather_highest_humidity_value ....... [[33mSKIP[0m]
[0m03:00:18.939204 [debug] [Thread-4 (]: Finished running node test.weather_analytics.not_null_mart_global_weather_global_min_temp.5d42f82e9b
[0m03:00:18.942408 [debug] [Thread-7 (]: Marking all children of 'test.weather_analytics.not_null_mart_global_weather_extreme_event_count.52e3b6729e' to be skipped because of status 'skipped'. 
[0m03:00:18.944826 [debug] [Thread-3 (]: Finished running node test.weather_analytics.not_null_mart_global_weather_global_most_common_weather.3e9fc56ddd
[0m03:00:18.944826 [debug] [Thread-1 (]: Finished running node test.weather_analytics.not_null_mart_global_weather_highest_humidity_city.53f9452fb3
[0m03:00:18.949040 [debug] [Thread-2 (]: Finished running node test.weather_analytics.not_null_mart_global_weather_highest_humidity_value.9ca30db7c6
[0m03:00:18.949040 [debug] [Thread-4 (]: Began running node test.weather_analytics.not_null_mart_global_weather_hottest_city.9c207ec94a
[0m03:00:18.949040 [debug] [Thread-7 (]: Marking all children of 'test.weather_analytics.not_null_mart_global_weather_global_avg_humidity.95837f2007' to be skipped because of status 'skipped'. 
[0m03:00:18.949040 [debug] [Thread-3 (]: Began running node test.weather_analytics.not_null_mart_global_weather_hottest_city_temp.f0ae64390e
[0m03:00:18.956236 [debug] [Thread-1 (]: Began running node test.weather_analytics.not_null_mart_global_weather_last_updated.2dc7b01010
[0m03:00:18.957401 [debug] [Thread-2 (]: Began running node test.weather_analytics.not_null_mart_global_weather_observation_date.8517294449
[0m03:00:18.959137 [info ] [Thread-4 (]: 200 of 206 SKIP test not_null_mart_global_weather_hottest_city ................. [[33mSKIP[0m]
[0m03:00:18.959137 [debug] [Thread-7 (]: Marking all children of 'test.weather_analytics.not_null_mart_global_weather_global_avg_temp.fb72cffb97' to be skipped because of status 'skipped'. 
[0m03:00:18.963023 [info ] [Thread-3 (]: 201 of 206 SKIP test not_null_mart_global_weather_hottest_city_temp ............ [[33mSKIP[0m]
[0m03:00:18.964722 [info ] [Thread-1 (]: 202 of 206 SKIP test not_null_mart_global_weather_last_updated ................. [[33mSKIP[0m]
[0m03:00:18.964722 [info ] [Thread-2 (]: 203 of 206 SKIP test not_null_mart_global_weather_observation_date ............. [[33mSKIP[0m]
[0m03:00:18.968033 [debug] [Thread-4 (]: Finished running node test.weather_analytics.not_null_mart_global_weather_hottest_city.9c207ec94a
[0m03:00:18.970251 [debug] [Thread-7 (]: Marking all children of 'test.weather_analytics.not_null_mart_global_weather_global_avg_wind_speed.fcff8f4402' to be skipped because of status 'skipped'. 
[0m03:00:18.972789 [debug] [Thread-3 (]: Finished running node test.weather_analytics.not_null_mart_global_weather_hottest_city_temp.f0ae64390e
[0m03:00:18.972789 [debug] [Thread-1 (]: Finished running node test.weather_analytics.not_null_mart_global_weather_last_updated.2dc7b01010
[0m03:00:18.977125 [debug] [Thread-2 (]: Finished running node test.weather_analytics.not_null_mart_global_weather_observation_date.8517294449
[0m03:00:18.978443 [debug] [Thread-4 (]: Began running node test.weather_analytics.not_null_mart_global_weather_temp_range.16d3458afd
[0m03:00:18.981051 [debug] [Thread-7 (]: Marking all children of 'test.weather_analytics.not_null_mart_global_weather_global_max_temp.ee44f6aca7' to be skipped because of status 'skipped'. 
[0m03:00:18.981051 [debug] [Thread-3 (]: Began running node test.weather_analytics.not_null_mart_global_weather_weather_distribution.b8111b9758
[0m03:00:18.984698 [debug] [Thread-1 (]: Began running node test.weather_analytics.unique_mart_global_weather_observation_date__observation_date.ac08c2241b
[0m03:00:18.988064 [info ] [Thread-4 (]: 204 of 206 SKIP test not_null_mart_global_weather_temp_range ................... [[33mSKIP[0m]
[0m03:00:18.988064 [debug] [Thread-7 (]: Marking all children of 'test.weather_analytics.not_null_mart_global_weather_global_min_temp.5d42f82e9b' to be skipped because of status 'skipped'. 
[0m03:00:18.990695 [info ] [Thread-3 (]: 205 of 206 SKIP test not_null_mart_global_weather_weather_distribution ......... [[33mSKIP[0m]
[0m03:00:18.992304 [info ] [Thread-1 (]: 206 of 206 SKIP test unique_mart_global_weather_observation_date__observation_date  [[33mSKIP[0m]
[0m03:00:18.994321 [debug] [Thread-4 (]: Finished running node test.weather_analytics.not_null_mart_global_weather_temp_range.16d3458afd
[0m03:00:18.996590 [debug] [Thread-7 (]: Marking all children of 'test.weather_analytics.not_null_mart_global_weather_global_most_common_weather.3e9fc56ddd' to be skipped because of status 'skipped'. 
[0m03:00:18.996590 [debug] [Thread-3 (]: Finished running node test.weather_analytics.not_null_mart_global_weather_weather_distribution.b8111b9758
[0m03:00:19.000921 [debug] [Thread-1 (]: Finished running node test.weather_analytics.unique_mart_global_weather_observation_date__observation_date.ac08c2241b
[0m03:00:19.002789 [debug] [Thread-7 (]: Marking all children of 'test.weather_analytics.not_null_mart_global_weather_highest_humidity_city.53f9452fb3' to be skipped because of status 'skipped'. 
[0m03:00:19.007203 [debug] [Thread-7 (]: Marking all children of 'test.weather_analytics.not_null_mart_global_weather_highest_humidity_value.9ca30db7c6' to be skipped because of status 'skipped'. 
[0m03:00:19.007203 [debug] [Thread-7 (]: Marking all children of 'test.weather_analytics.not_null_mart_global_weather_hottest_city.9c207ec94a' to be skipped because of status 'skipped'. 
[0m03:00:19.010784 [debug] [Thread-7 (]: Marking all children of 'test.weather_analytics.not_null_mart_global_weather_hottest_city_temp.f0ae64390e' to be skipped because of status 'skipped'. 
[0m03:00:19.011871 [debug] [Thread-7 (]: Marking all children of 'test.weather_analytics.not_null_mart_global_weather_last_updated.2dc7b01010' to be skipped because of status 'skipped'. 
[0m03:00:19.013322 [debug] [Thread-7 (]: Marking all children of 'test.weather_analytics.not_null_mart_global_weather_observation_date.8517294449' to be skipped because of status 'skipped'. 
[0m03:00:19.013322 [debug] [Thread-7 (]: Marking all children of 'test.weather_analytics.not_null_mart_global_weather_temp_range.16d3458afd' to be skipped because of status 'skipped'. 
[0m03:00:19.013322 [debug] [Thread-7 (]: Marking all children of 'test.weather_analytics.not_null_mart_global_weather_weather_distribution.b8111b9758' to be skipped because of status 'skipped'. 
[0m03:00:19.018840 [debug] [Thread-7 (]: Marking all children of 'test.weather_analytics.unique_mart_global_weather_observation_date__observation_date.ac08c2241b' to be skipped because of status 'skipped'. 
[0m03:00:19.022949 [debug] [MainThread]: Using duckdb connection "master"
[0m03:00:19.022949 [debug] [MainThread]: On master: BEGIN
[0m03:00:19.025601 [debug] [MainThread]: Opening a new connection, currently in state closed
[0m03:00:19.025601 [debug] [MainThread]: SQL status: OK in 0.002 seconds
[0m03:00:19.029466 [debug] [MainThread]: On master: COMMIT
[0m03:00:19.029466 [debug] [MainThread]: Using duckdb connection "master"
[0m03:00:19.029466 [debug] [MainThread]: On master: COMMIT
[0m03:00:19.033434 [debug] [MainThread]: SQL status: OK in 0.000 seconds
[0m03:00:19.033434 [debug] [MainThread]: On master: Close
[0m03:00:19.033434 [debug] [MainThread]: Connection 'master' was properly closed.
[0m03:00:19.033434 [debug] [MainThread]: Connection 'create_analytics_weather_marts' was properly closed.
[0m03:00:19.033434 [debug] [MainThread]: Connection 'create_analytics_weather_intermediate' was properly closed.
[0m03:00:19.033434 [debug] [MainThread]: Connection 'create_analytics_weather_staging' was properly closed.
[0m03:00:19.033434 [debug] [MainThread]: Connection 'create_analytics_weather_dbt_test__audit' was properly closed.
[0m03:00:19.033434 [debug] [MainThread]: Connection 'list_analytics_weather_intermediate' was properly closed.
[0m03:00:19.033434 [debug] [MainThread]: Connection 'list_analytics_weather_marts' was properly closed.
[0m03:00:19.033434 [debug] [MainThread]: Connection 'list_analytics_weather_staging' was properly closed.
[0m03:00:19.045164 [debug] [MainThread]: Connection 'list_analytics_weather_dbt_test__audit' was properly closed.
[0m03:00:19.045164 [debug] [MainThread]: Connection 'model.weather_analytics.stg_weather' was properly closed.
[0m03:00:19.045164 [info ] [MainThread]: 
[0m03:00:19.045164 [info ] [MainThread]: Finished running 13 table models, 192 data tests, 1 view model in 0 hours 0 minutes and 3.13 seconds (3.13s).
[0m03:00:19.065056 [debug] [MainThread]: Command end result
[0m03:00:19.252622 [debug] [MainThread]: Wrote artifact WritableManifest to C:\Users\Shank\PROJECT-CS\data engineering\weather-data-platform\dbt_weather\target\manifest.json
[0m03:00:19.261936 [debug] [MainThread]: Wrote artifact SemanticManifest to C:\Users\Shank\PROJECT-CS\data engineering\weather-data-platform\dbt_weather\target\semantic_manifest.json
[0m03:00:19.277995 [debug] [MainThread]: Wrote artifact RunExecutionResult to C:\Users\Shank\PROJECT-CS\data engineering\weather-data-platform\dbt_weather\target\run_results.json
[0m03:00:19.293735 [info ] [MainThread]: 
[0m03:00:19.295581 [info ] [MainThread]: [31mCompleted with 1 error, 0 partial successes, and 0 warnings:[0m
[0m03:00:19.298191 [info ] [MainThread]: 
[0m03:00:19.298191 [error] [MainThread]: [31mFailure in model stg_weather (models\staging\stg_weather.sql)[0m
[0m03:00:19.301765 [error] [MainThread]:   Runtime Error in model stg_weather (models\staging\stg_weather.sql)
  Binder Error: Catalog "weather" does not exist!
[0m03:00:19.305274 [info ] [MainThread]: 
[0m03:00:19.306842 [info ] [MainThread]:   compiled code at target\compiled\weather_analytics\models\staging\stg_weather.sql
[0m03:00:19.307999 [info ] [MainThread]: 
[0m03:00:19.313323 [info ] [MainThread]: Done. PASS=0 WARN=0 ERROR=1 SKIP=205 NO-OP=0 TOTAL=206
[0m03:00:19.314290 [warn ] [MainThread]: [[33mWARNING[0m][DeprecationsSummary]: Deprecated functionality
Summary of encountered deprecations:
- MissingArgumentsPropertyInGenericTestDeprecation: 54 occurrences
To see all deprecation instances instead of just the first occurrence of each,
run command again with the `--show-all-deprecations` flag. You may also need to
run with `--no-partial-parse` as some deprecations are only encountered during
parsing.
[0m03:00:19.321046 [debug] [MainThread]: Command `dbt build` failed at 03:00:19.321046 after 14.83 seconds
[0m03:00:19.322427 [debug] [MainThread]: Sending event: {'category': 'dbt', 'action': 'invocation', 'label': 'end', 'context': [<snowplow_tracker.self_describing_json.SelfDescribingJson object at 0x000001ED95C33E10>, <snowplow_tracker.self_describing_json.SelfDescribingJson object at 0x000001ED8D996750>, <snowplow_tracker.self_describing_json.SelfDescribingJson object at 0x000001ED94290950>]}
[0m03:00:19.322427 [debug] [MainThread]: Flushing usage events
[0m03:00:22.122779 [debug] [MainThread]: An error was encountered while trying to flush usage events
[0m23:42:27.300968 [debug] [MainThread]: Sending event: {'category': 'dbt', 'action': 'invocation', 'label': 'start', 'context': [<snowplow_tracker.self_describing_json.SelfDescribingJson object at 0x000001C078184590>, <snowplow_tracker.self_describing_json.SelfDescribingJson object at 0x000001C0781846D0>, <snowplow_tracker.self_describing_json.SelfDescribingJson object at 0x000001C078184210>]}


============================== 23:42:27.311317 | bdbf0008-c9a9-4371-b5b7-c1472b71a449 ==============================
[0m23:42:27.311317 [info ] [MainThread]: Running with dbt=1.11.11
[0m23:42:27.313348 [debug] [MainThread]: running dbt with arguments {'static_parser': 'True', 'no_print': 'None', 'version_check': 'True', 'warn_error_options': 'WarnErrorOptionsV2(error=[], warn=[], silence=[])', 'target_path': 'None', 'printer_width': '80', 'write_json': 'True', 'empty': 'None', 'log_cache_events': 'False', 'introspect': 'True', 'cache_selected_only': 'False', 'log_format': 'default', 'debug': 'False', 'fail_fast': 'False', 'partial_parse': 'True', 'send_anonymous_usage_stats': 'True', 'quiet': 'False', 'warn_error': 'None', 'profiles_dir': 'C:\\Users\\Shank\\PROJECT-CS\\data engineering\\weather-data-platform\\dbt_weather', 'use_colors': 'True', 'indirect_selection': 'eager', 'invocation_command': 'dbt debug', 'use_experimental_parser': 'False', 'log_path': 'C:\\Users\\Shank\\PROJECT-CS\\data engineering\\weather-data-platform\\dbt_weather\\logs'}
[0m23:42:27.366962 [info ] [MainThread]: dbt version: 1.11.11
[0m23:42:27.368956 [info ] [MainThread]: python version: 3.11.7
[0m23:42:27.369975 [info ] [MainThread]: python path: C:\Users\Shank\anaconda3\python.exe
[0m23:42:27.372413 [info ] [MainThread]: os info: Windows-10-10.0.26200-SP0
[0m23:42:27.705129 [info ] [MainThread]: Using profiles dir at C:\Users\Shank\PROJECT-CS\data engineering\weather-data-platform\dbt_weather
[0m23:42:27.707124 [info ] [MainThread]: Using profiles.yml file at C:\Users\Shank\PROJECT-CS\data engineering\weather-data-platform\dbt_weather\profiles.yml
[0m23:42:27.708130 [info ] [MainThread]: Using dbt_project.yml file at C:\Users\Shank\PROJECT-CS\data engineering\weather-data-platform\dbt_weather\dbt_project.yml
[0m23:42:27.734388 [info ] [MainThread]: adapter type: duckdb
[0m23:42:27.736389 [info ] [MainThread]: adapter version: 1.10.1
[0m23:42:28.144446 [info ] [MainThread]: Configuration:
[0m23:42:28.146446 [info ] [MainThread]:   profiles.yml file [[32mOK found and valid[0m]
[0m23:42:28.147446 [info ] [MainThread]:   dbt_project.yml file [[32mOK found and valid[0m]
[0m23:42:28.149446 [info ] [MainThread]: Required dependencies:
[0m23:42:28.151446 [debug] [MainThread]: Executing "git --help"
[0m23:42:28.289612 [debug] [MainThread]: STDOUT: "b"usage: git [-v | --version] [-h | --help] [-C <path>] [-c <name>=<value>]\n           [--exec-path[=<path>]] [--html-path] [--man-path] [--info-path]\n           [-p | --paginate | -P | --no-pager] [--no-replace-objects] [--bare]\n           [--git-dir=<path>] [--work-tree=<path>] [--namespace=<name>]\n           [--config-env=<name>=<envvar>] <command> [<args>]\n\nThese are common Git commands used in various situations:\n\nstart a working area (see also: git help tutorial)\n   clone     Clone a repository into a new directory\n   init      Create an empty Git repository or reinitialize an existing one\n\nwork on the current change (see also: git help everyday)\n   add       Add file contents to the index\n   mv        Move or rename a file, a directory, or a symlink\n   restore   Restore working tree files\n   rm        Remove files from the working tree and from the index\n\nexamine the history and state (see also: git help revisions)\n   bisect    Use binary search to find the commit that introduced a bug\n   diff      Show changes between commits, commit and working tree, etc\n   grep      Print lines matching a pattern\n   log       Show commit logs\n   show      Show various types of objects\n   status    Show the working tree status\n\ngrow, mark and tweak your common history\n   branch    List, create, or delete branches\n   commit    Record changes to the repository\n   merge     Join two or more development histories together\n   rebase    Reapply commits on top of another base tip\n   reset     Reset current HEAD to the specified state\n   switch    Switch branches\n   tag       Create, list, delete or verify a tag object signed with GPG\n\ncollaborate (see also: git help workflows)\n   fetch     Download objects and refs from another repository\n   pull      Fetch from and integrate with another repository or a local branch\n   push      Update remote refs along with associated objects\n\n'git help -a' and 'git help -g' list available subcommands and some\nconcept guides. See 'git help <command>' or 'git help <concept>'\nto read about a specific subcommand or concept.\nSee 'git help git' for an overview of the system.\n""
[0m23:42:28.290637 [debug] [MainThread]: STDERR: "b''"
[0m23:42:28.291638 [info ] [MainThread]:  - git [[32mOK found[0m]

[0m23:42:28.293638 [info ] [MainThread]: Connection:
[0m23:42:28.296111 [info ] [MainThread]:   database: analytics
[0m23:42:28.297118 [info ] [MainThread]:   schema: weather
[0m23:42:28.298434 [info ] [MainThread]:   path: ../duckdb/analytics.duckdb
[0m23:42:28.300420 [info ] [MainThread]:   config_options: None
[0m23:42:28.302418 [info ] [MainThread]:   extensions: None
[0m23:42:28.303420 [info ] [MainThread]:   settings: {}
[0m23:42:28.305784 [info ] [MainThread]:   external_root: .
[0m23:42:28.307790 [info ] [MainThread]:   use_credential_provider: None
[0m23:42:28.308784 [info ] [MainThread]:   attach: None
[0m23:42:28.311278 [info ] [MainThread]:   filesystems: None
[0m23:42:28.313278 [info ] [MainThread]:   remote: None
[0m23:42:28.315475 [info ] [MainThread]:   plugins: None
[0m23:42:28.317494 [info ] [MainThread]:   disable_transactions: False
[0m23:42:28.320495 [info ] [MainThread]: Registered adapter: duckdb=1.10.1
[0m23:42:29.205342 [debug] [MainThread]: Acquiring new duckdb connection 'debug'
[0m23:42:29.739934 [debug] [MainThread]: Using duckdb connection "debug"
[0m23:42:29.741499 [debug] [MainThread]: On debug: select 1 as id
[0m23:42:29.743052 [debug] [MainThread]: Opening a new connection, currently in state init
[0m23:42:29.920225 [debug] [MainThread]: SQL status: OK in 0.177 seconds
[0m23:42:29.923229 [debug] [MainThread]: On debug: Close
[0m23:42:29.924346 [info ] [MainThread]:   Connection test: [[32mOK connection ok[0m]

[0m23:42:29.925444 [info ] [MainThread]: [32mAll checks passed![0m
[0m23:42:29.929955 [debug] [MainThread]: Command `dbt debug` succeeded at 23:42:29.929955 after 2.94 seconds
[0m23:42:29.930953 [debug] [MainThread]: Connection 'debug' was properly closed.
[0m23:42:29.931955 [debug] [MainThread]: Sending event: {'category': 'dbt', 'action': 'invocation', 'label': 'end', 'context': [<snowplow_tracker.self_describing_json.SelfDescribingJson object at 0x000001C077C27910>, <snowplow_tracker.self_describing_json.SelfDescribingJson object at 0x000001C078177490>, <snowplow_tracker.self_describing_json.SelfDescribingJson object at 0x000001C078177710>]}
[0m23:42:29.932956 [debug] [MainThread]: Flushing usage events
[0m23:42:32.990280 [debug] [MainThread]: An error was encountered while trying to flush usage events
[0m23:43:15.890612 [debug] [MainThread]: Sending event: {'category': 'dbt', 'action': 'invocation', 'label': 'start', 'context': [<snowplow_tracker.self_describing_json.SelfDescribingJson object at 0x00000184DB2F4510>, <snowplow_tracker.self_describing_json.SelfDescribingJson object at 0x00000184DB3CFDD0>, <snowplow_tracker.self_describing_json.SelfDescribingJson object at 0x00000184DB3CF990>]}


============================== 23:43:15.899646 | 5451ccc7-70eb-4a6f-b1b0-9b2e6f4628ba ==============================
[0m23:43:15.899646 [info ] [MainThread]: Running with dbt=1.11.11
[0m23:43:15.902910 [debug] [MainThread]: running dbt with arguments {'version_check': 'True', 'no_print': 'None', 'static_parser': 'True', 'warn_error_options': 'WarnErrorOptionsV2(error=[], warn=[], silence=[])', 'target_path': 'None', 'printer_width': '80', 'write_json': 'True', 'empty': 'False', 'log_cache_events': 'False', 'introspect': 'True', 'cache_selected_only': 'False', 'fail_fast': 'False', 'debug': 'False', 'log_format': 'default', 'partial_parse': 'True', 'send_anonymous_usage_stats': 'True', 'quiet': 'False', 'warn_error': 'None', 'profiles_dir': 'C:\\Users\\Shank\\PROJECT-CS\\data engineering\\weather-data-platform\\dbt_weather', 'indirect_selection': 'eager', 'use_colors': 'True', 'invocation_command': 'dbt run', 'use_experimental_parser': 'False', 'log_path': 'C:\\Users\\Shank\\PROJECT-CS\\data engineering\\weather-data-platform\\dbt_weather\\logs'}
[0m23:43:17.965888 [debug] [MainThread]: Sending event: {'category': 'dbt', 'action': 'project_id', 'label': '5451ccc7-70eb-4a6f-b1b0-9b2e6f4628ba', 'context': [<snowplow_tracker.self_describing_json.SelfDescribingJson object at 0x00000184DC573710>]}
[0m23:43:18.191871 [debug] [MainThread]: Sending event: {'category': 'dbt', 'action': 'adapter_info', 'label': '5451ccc7-70eb-4a6f-b1b0-9b2e6f4628ba', 'context': [<snowplow_tracker.self_describing_json.SelfDescribingJson object at 0x00000184D7D27790>]}
[0m23:43:18.198898 [info ] [MainThread]: Registered adapter: duckdb=1.10.1
[0m23:43:18.995298 [debug] [MainThread]: checksum: 30a8cc8fdcbf66701b0944d4ccce3fa46dd04b61e5df68b9f16d57b2e0e3f0be, vars: {}, profile: , target: , version: 1.11.11
[0m23:43:21.106508 [debug] [MainThread]: Partial parsing enabled: 0 files deleted, 0 files added, 0 files changed.
[0m23:43:21.108506 [debug] [MainThread]: Nothing changed, skipping partial parsing.
[0m23:43:21.109508 [debug] [MainThread]: Partial parsing enabled, no changes found, skipping parsing
[0m23:43:21.141853 [warn ] [MainThread]: [[33mWARNING[0m]: Configuration paths exist in your dbt_project.yml file which do not apply to any resources.
There are 2 unused configuration paths:
- seeds
- snapshots
[0m23:43:21.286492 [debug] [MainThread]: Sending event: {'category': 'dbt', 'action': 'load_project', 'label': '5451ccc7-70eb-4a6f-b1b0-9b2e6f4628ba', 'context': [<snowplow_tracker.self_describing_json.SelfDescribingJson object at 0x00000184DCE17650>]}
[0m23:43:21.655162 [debug] [MainThread]: Wrote artifact WritableManifest to C:\Users\Shank\PROJECT-CS\data engineering\weather-data-platform\dbt_weather\target\manifest.json
[0m23:43:21.664818 [debug] [MainThread]: Wrote artifact SemanticManifest to C:\Users\Shank\PROJECT-CS\data engineering\weather-data-platform\dbt_weather\target\semantic_manifest.json
[0m23:43:21.731097 [debug] [MainThread]: Sending event: {'category': 'dbt', 'action': 'resource_counts', 'label': '5451ccc7-70eb-4a6f-b1b0-9b2e6f4628ba', 'context': [<snowplow_tracker.self_describing_json.SelfDescribingJson object at 0x00000184DC898750>]}
[0m23:43:21.732098 [info ] [MainThread]: Found 14 models, 192 data tests, 2 sources, 611 macros
[0m23:43:21.734104 [debug] [MainThread]: Sending event: {'category': 'dbt', 'action': 'runnable_timing', 'label': '5451ccc7-70eb-4a6f-b1b0-9b2e6f4628ba', 'context': [<snowplow_tracker.self_describing_json.SelfDescribingJson object at 0x00000184DC40BA10>]}
[0m23:43:21.745762 [info ] [MainThread]: 
[0m23:43:21.747762 [info ] [MainThread]: Concurrency: 4 threads (target='dev')
[0m23:43:21.749764 [info ] [MainThread]: 
[0m23:43:21.751763 [debug] [MainThread]: Acquiring new duckdb connection 'master'
[0m23:43:21.766243 [debug] [ThreadPool]: Acquiring new duckdb connection 'list_analytics'
[0m23:43:21.768251 [debug] [ThreadPool]: Acquiring new duckdb connection 'list_analytics'
[0m23:43:21.786578 [debug] [ThreadPool]: Acquiring new duckdb connection 'list_analytics'
[0m23:43:22.350834 [debug] [ThreadPool]: Using duckdb connection "list_analytics"
[0m23:43:22.351834 [debug] [ThreadPool]: Using duckdb connection "list_analytics"
[0m23:43:22.352834 [debug] [ThreadPool]: Using duckdb connection "list_analytics"
[0m23:43:22.353834 [debug] [ThreadPool]: On list_analytics: /* {"app": "dbt", "dbt_version": "1.11.11", "profile_name": "weather_analytics", "target_name": "dev", "connection_name": "list_analytics"} */

    
    select schema_name
    from system.information_schema.schemata
    
    where lower(catalog_name) = '"analytics"'
    
  
  
[0m23:43:22.354833 [debug] [ThreadPool]: On list_analytics: /* {"app": "dbt", "dbt_version": "1.11.11", "profile_name": "weather_analytics", "target_name": "dev", "connection_name": "list_analytics"} */

    
    select schema_name
    from system.information_schema.schemata
    
    where lower(catalog_name) = '"analytics"'
    
  
  
[0m23:43:22.357033 [debug] [ThreadPool]: On list_analytics: /* {"app": "dbt", "dbt_version": "1.11.11", "profile_name": "weather_analytics", "target_name": "dev", "connection_name": "list_analytics"} */

    
    select schema_name
    from system.information_schema.schemata
    
    where lower(catalog_name) = '"analytics"'
    
  
  
[0m23:43:22.357834 [debug] [ThreadPool]: Opening a new connection, currently in state init
[0m23:43:22.358834 [debug] [ThreadPool]: Opening a new connection, currently in state init
[0m23:43:22.359834 [debug] [ThreadPool]: Opening a new connection, currently in state init
[0m23:43:22.416600 [debug] [ThreadPool]: SQL status: OK in 0.057 seconds
[0m23:43:22.417601 [debug] [ThreadPool]: SQL status: OK in 0.057 seconds
[0m23:43:22.418608 [debug] [ThreadPool]: SQL status: OK in 0.061 seconds
[0m23:43:22.422669 [debug] [ThreadPool]: On list_analytics: Close
[0m23:43:22.424684 [debug] [ThreadPool]: On list_analytics: Close
[0m23:43:22.427914 [debug] [ThreadPool]: On list_analytics: Close
[0m23:43:22.430938 [debug] [ThreadPool]: Re-using an available connection from the pool (formerly list_analytics, now create_analytics_weather_intermediate)
[0m23:43:22.431936 [debug] [ThreadPool]: Re-using an available connection from the pool (formerly list_analytics, now create_analytics_weather_marts)
[0m23:43:22.433937 [debug] [ThreadPool]: Re-using an available connection from the pool (formerly list_analytics, now create_analytics_weather_staging)
[0m23:43:22.435523 [debug] [ThreadPool]: Creating schema "database: "analytics"
schema: "weather_intermediate"
"
[0m23:43:22.436534 [debug] [ThreadPool]: Creating schema "database: "analytics"
schema: "weather_marts"
"
[0m23:43:22.437919 [debug] [ThreadPool]: Creating schema "database: "analytics"
schema: "weather_staging"
"
[0m23:43:22.455130 [debug] [ThreadPool]: Using duckdb connection "create_analytics_weather_intermediate"
[0m23:43:22.460130 [debug] [ThreadPool]: Using duckdb connection "create_analytics_weather_marts"
[0m23:43:22.464725 [debug] [ThreadPool]: Using duckdb connection "create_analytics_weather_staging"
[0m23:43:22.466791 [debug] [ThreadPool]: On create_analytics_weather_intermediate: /* {"app": "dbt", "dbt_version": "1.11.11", "profile_name": "weather_analytics", "target_name": "dev", "connection_name": "create_analytics_weather_intermediate"} */

    
        select type from duckdb_databases()
        where lower(database_name)='analytics'
        and type='sqlite'
    
  
[0m23:43:22.467765 [debug] [ThreadPool]: On create_analytics_weather_marts: /* {"app": "dbt", "dbt_version": "1.11.11", "profile_name": "weather_analytics", "target_name": "dev", "connection_name": "create_analytics_weather_marts"} */

    
        select type from duckdb_databases()
        where lower(database_name)='analytics'
        and type='sqlite'
    
  
[0m23:43:22.469224 [debug] [ThreadPool]: On create_analytics_weather_staging: /* {"app": "dbt", "dbt_version": "1.11.11", "profile_name": "weather_analytics", "target_name": "dev", "connection_name": "create_analytics_weather_staging"} */

    
        select type from duckdb_databases()
        where lower(database_name)='analytics'
        and type='sqlite'
    
  
[0m23:43:22.470535 [debug] [ThreadPool]: Opening a new connection, currently in state closed
[0m23:43:22.471757 [debug] [ThreadPool]: Opening a new connection, currently in state closed
[0m23:43:22.473128 [debug] [ThreadPool]: Opening a new connection, currently in state closed
[0m23:43:22.475280 [debug] [ThreadPool]: SQL status: OK in 0.004 seconds
[0m23:43:22.476694 [debug] [ThreadPool]: SQL status: OK in 0.006 seconds
[0m23:43:22.477694 [debug] [ThreadPool]: SQL status: OK in 0.005 seconds
[0m23:43:22.480693 [debug] [ThreadPool]: Using duckdb connection "create_analytics_weather_marts"
[0m23:43:22.483876 [debug] [ThreadPool]: Using duckdb connection "create_analytics_weather_intermediate"
[0m23:43:22.486877 [debug] [ThreadPool]: Using duckdb connection "create_analytics_weather_staging"
[0m23:43:22.487877 [debug] [ThreadPool]: On create_analytics_weather_marts: BEGIN
[0m23:43:22.488878 [debug] [ThreadPool]: On create_analytics_weather_intermediate: BEGIN
[0m23:43:22.490174 [debug] [ThreadPool]: On create_analytics_weather_staging: BEGIN
[0m23:43:22.492184 [debug] [ThreadPool]: SQL status: OK in 0.001 seconds
[0m23:43:22.493208 [debug] [ThreadPool]: SQL status: OK in 0.000 seconds
[0m23:43:22.494413 [debug] [ThreadPool]: SQL status: OK in 0.000 seconds
[0m23:43:22.495452 [debug] [ThreadPool]: Using duckdb connection "create_analytics_weather_marts"
[0m23:43:22.497645 [debug] [ThreadPool]: Using duckdb connection "create_analytics_weather_intermediate"
[0m23:43:22.498641 [debug] [ThreadPool]: Using duckdb connection "create_analytics_weather_staging"
[0m23:43:22.499904 [debug] [ThreadPool]: On create_analytics_weather_marts: /* {"app": "dbt", "dbt_version": "1.11.11", "profile_name": "weather_analytics", "target_name": "dev", "connection_name": "create_analytics_weather_marts"} */

    
    
        create schema if not exists "analytics"."weather_marts"
    
[0m23:43:22.501226 [debug] [ThreadPool]: On create_analytics_weather_intermediate: /* {"app": "dbt", "dbt_version": "1.11.11", "profile_name": "weather_analytics", "target_name": "dev", "connection_name": "create_analytics_weather_intermediate"} */

    
    
        create schema if not exists "analytics"."weather_intermediate"
    
[0m23:43:22.502536 [debug] [ThreadPool]: On create_analytics_weather_staging: /* {"app": "dbt", "dbt_version": "1.11.11", "profile_name": "weather_analytics", "target_name": "dev", "connection_name": "create_analytics_weather_staging"} */

    
    
        create schema if not exists "analytics"."weather_staging"
    
[0m23:43:22.505494 [debug] [ThreadPool]: SQL status: OK in 0.001 seconds
[0m23:43:22.506263 [debug] [ThreadPool]: SQL status: OK in 0.000 seconds
[0m23:43:22.508012 [debug] [ThreadPool]: SQL status: OK in 0.000 seconds
[0m23:43:22.510042 [debug] [ThreadPool]: On create_analytics_weather_marts: COMMIT
[0m23:43:22.512403 [debug] [ThreadPool]: On create_analytics_weather_intermediate: COMMIT
[0m23:43:22.514739 [debug] [ThreadPool]: On create_analytics_weather_staging: COMMIT
[0m23:43:22.515765 [debug] [ThreadPool]: Using duckdb connection "create_analytics_weather_marts"
[0m23:43:22.517094 [debug] [ThreadPool]: Using duckdb connection "create_analytics_weather_intermediate"
[0m23:43:22.519063 [debug] [ThreadPool]: Using duckdb connection "create_analytics_weather_staging"
[0m23:43:22.520055 [debug] [ThreadPool]: On create_analytics_weather_marts: COMMIT
[0m23:43:22.521116 [debug] [ThreadPool]: On create_analytics_weather_intermediate: COMMIT
[0m23:43:22.523348 [debug] [ThreadPool]: On create_analytics_weather_staging: COMMIT
[0m23:43:22.524330 [debug] [ThreadPool]: SQL status: OK in 0.000 seconds
[0m23:43:22.526329 [debug] [ThreadPool]: SQL status: OK in 0.000 seconds
[0m23:43:22.527642 [debug] [ThreadPool]: SQL status: OK in 0.000 seconds
[0m23:43:22.529171 [debug] [ThreadPool]: On create_analytics_weather_marts: Close
[0m23:43:22.530206 [debug] [ThreadPool]: On create_analytics_weather_intermediate: Close
[0m23:43:22.531187 [debug] [ThreadPool]: On create_analytics_weather_staging: Close
[0m23:43:22.563503 [debug] [ThreadPool]: Acquiring new duckdb connection 'list_analytics_weather_dbt_test__audit'
[0m23:43:22.564502 [debug] [ThreadPool]: Acquiring new duckdb connection 'list_analytics_weather_intermediate'
[0m23:43:22.580505 [debug] [ThreadPool]: Using duckdb connection "list_analytics_weather_dbt_test__audit"
[0m23:43:22.582509 [debug] [ThreadPool]: Acquiring new duckdb connection 'list_analytics_weather_marts'
[0m23:43:22.589531 [debug] [ThreadPool]: Acquiring new duckdb connection 'list_analytics_weather_staging'
[0m23:43:22.591532 [debug] [ThreadPool]: Using duckdb connection "list_analytics_weather_intermediate"
[0m23:43:22.594006 [debug] [ThreadPool]: On list_analytics_weather_dbt_test__audit: BEGIN
[0m23:43:22.599922 [debug] [ThreadPool]: Using duckdb connection "list_analytics_weather_marts"
[0m23:43:22.606023 [debug] [ThreadPool]: Using duckdb connection "list_analytics_weather_staging"
[0m23:43:22.607013 [debug] [ThreadPool]: On list_analytics_weather_intermediate: BEGIN
[0m23:43:22.609008 [debug] [ThreadPool]: Opening a new connection, currently in state init
[0m23:43:22.611004 [debug] [ThreadPool]: On list_analytics_weather_marts: BEGIN
[0m23:43:22.612449 [debug] [ThreadPool]: On list_analytics_weather_staging: BEGIN
[0m23:43:22.614508 [debug] [ThreadPool]: Opening a new connection, currently in state init
[0m23:43:22.616506 [debug] [ThreadPool]: SQL status: OK in 0.007 seconds
[0m23:43:22.617511 [debug] [ThreadPool]: Opening a new connection, currently in state init
[0m23:43:22.618780 [debug] [ThreadPool]: Opening a new connection, currently in state init
[0m23:43:22.620808 [debug] [ThreadPool]: SQL status: OK in 0.007 seconds
[0m23:43:22.622804 [debug] [ThreadPool]: Using duckdb connection "list_analytics_weather_dbt_test__audit"
[0m23:43:22.624874 [debug] [ThreadPool]: SQL status: OK in 0.007 seconds
[0m23:43:22.626872 [debug] [ThreadPool]: SQL status: OK in 0.007 seconds
[0m23:43:22.627874 [debug] [ThreadPool]: Using duckdb connection "list_analytics_weather_intermediate"
[0m23:43:22.628872 [debug] [ThreadPool]: On list_analytics_weather_dbt_test__audit: /* {"app": "dbt", "dbt_version": "1.11.11", "profile_name": "weather_analytics", "target_name": "dev", "connection_name": "list_analytics_weather_dbt_test__audit"} */
select
      'analytics' as database,
      table_name as name,
      table_schema as schema,
      CASE table_type
        WHEN 'BASE TABLE' THEN 'table'
        WHEN 'VIEW' THEN 'view'
        WHEN 'LOCAL TEMPORARY' THEN 'table'
        END as type
    from system.information_schema.tables
    where lower(table_schema) = 'weather_dbt_test__audit'
    and lower(table_catalog) = 'analytics'
  
[0m23:43:22.631717 [debug] [ThreadPool]: Using duckdb connection "list_analytics_weather_marts"
[0m23:43:22.632716 [debug] [ThreadPool]: Using duckdb connection "list_analytics_weather_staging"
[0m23:43:22.634736 [debug] [ThreadPool]: On list_analytics_weather_intermediate: /* {"app": "dbt", "dbt_version": "1.11.11", "profile_name": "weather_analytics", "target_name": "dev", "connection_name": "list_analytics_weather_intermediate"} */
select
      'analytics' as database,
      table_name as name,
      table_schema as schema,
      CASE table_type
        WHEN 'BASE TABLE' THEN 'table'
        WHEN 'VIEW' THEN 'view'
        WHEN 'LOCAL TEMPORARY' THEN 'table'
        END as type
    from system.information_schema.tables
    where lower(table_schema) = 'weather_intermediate'
    and lower(table_catalog) = 'analytics'
  
[0m23:43:22.636720 [debug] [ThreadPool]: On list_analytics_weather_marts: /* {"app": "dbt", "dbt_version": "1.11.11", "profile_name": "weather_analytics", "target_name": "dev", "connection_name": "list_analytics_weather_marts"} */
select
      'analytics' as database,
      table_name as name,
      table_schema as schema,
      CASE table_type
        WHEN 'BASE TABLE' THEN 'table'
        WHEN 'VIEW' THEN 'view'
        WHEN 'LOCAL TEMPORARY' THEN 'table'
        END as type
    from system.information_schema.tables
    where lower(table_schema) = 'weather_marts'
    and lower(table_catalog) = 'analytics'
  
[0m23:43:22.637716 [debug] [ThreadPool]: On list_analytics_weather_staging: /* {"app": "dbt", "dbt_version": "1.11.11", "profile_name": "weather_analytics", "target_name": "dev", "connection_name": "list_analytics_weather_staging"} */
select
      'analytics' as database,
      table_name as name,
      table_schema as schema,
      CASE table_type
        WHEN 'BASE TABLE' THEN 'table'
        WHEN 'VIEW' THEN 'view'
        WHEN 'LOCAL TEMPORARY' THEN 'table'
        END as type
    from system.information_schema.tables
    where lower(table_schema) = 'weather_staging'
    and lower(table_catalog) = 'analytics'
  
[0m23:43:22.688854 [debug] [ThreadPool]: SQL status: OK in 0.049 seconds
[0m23:43:22.689853 [debug] [ThreadPool]: SQL status: OK in 0.049 seconds
[0m23:43:22.690859 [debug] [ThreadPool]: SQL status: OK in 0.055 seconds
[0m23:43:22.691857 [debug] [ThreadPool]: SQL status: OK in 0.050 seconds
[0m23:43:22.694850 [debug] [ThreadPool]: On list_analytics_weather_intermediate: ROLLBACK
[0m23:43:22.696870 [debug] [ThreadPool]: On list_analytics_weather_marts: ROLLBACK
[0m23:43:22.699867 [debug] [ThreadPool]: On list_analytics_weather_dbt_test__audit: ROLLBACK
[0m23:43:22.701867 [debug] [ThreadPool]: On list_analytics_weather_staging: ROLLBACK
[0m23:43:22.706986 [debug] [ThreadPool]: Failed to rollback 'list_analytics_weather_intermediate'
[0m23:43:22.707976 [debug] [ThreadPool]: Failed to rollback 'list_analytics_weather_marts'
[0m23:43:22.710192 [debug] [ThreadPool]: Failed to rollback 'list_analytics_weather_staging'
[0m23:43:22.710192 [debug] [ThreadPool]: On list_analytics_weather_intermediate: Close
[0m23:43:22.711188 [debug] [ThreadPool]: Failed to rollback 'list_analytics_weather_dbt_test__audit'
[0m23:43:22.712196 [debug] [ThreadPool]: On list_analytics_weather_marts: Close
[0m23:43:22.714190 [debug] [ThreadPool]: On list_analytics_weather_staging: Close
[0m23:43:22.716278 [debug] [ThreadPool]: On list_analytics_weather_dbt_test__audit: Close
[0m23:43:22.719756 [debug] [MainThread]: Sending event: {'category': 'dbt', 'action': 'runnable_timing', 'label': '5451ccc7-70eb-4a6f-b1b0-9b2e6f4628ba', 'context': [<snowplow_tracker.self_describing_json.SelfDescribingJson object at 0x00000184D7D420D0>]}
[0m23:43:22.720759 [debug] [MainThread]: Using duckdb connection "master"
[0m23:43:22.721766 [debug] [MainThread]: On master: BEGIN
[0m23:43:22.723211 [debug] [MainThread]: Opening a new connection, currently in state init
[0m23:43:22.724421 [debug] [MainThread]: SQL status: OK in 0.001 seconds
[0m23:43:22.725530 [debug] [MainThread]: On master: COMMIT
[0m23:43:22.727013 [debug] [MainThread]: Using duckdb connection "master"
[0m23:43:22.728294 [debug] [MainThread]: On master: COMMIT
[0m23:43:22.730296 [debug] [MainThread]: SQL status: OK in 0.000 seconds
[0m23:43:22.731297 [debug] [MainThread]: On master: Close
[0m23:43:22.743160 [debug] [Thread-1 (]: Began running node model.weather_analytics.stg_weather
[0m23:43:22.745342 [info ] [Thread-1 (]: 1 of 14 START sql view model weather_staging.stg_weather ....................... [RUN]
[0m23:43:22.747660 [debug] [Thread-1 (]: Acquiring new duckdb connection 'model.weather_analytics.stg_weather'
[0m23:43:22.748773 [debug] [Thread-1 (]: Began compiling node model.weather_analytics.stg_weather
[0m23:43:22.769609 [debug] [Thread-1 (]: Writing injected SQL for node "model.weather_analytics.stg_weather"
[0m23:43:22.772609 [debug] [Thread-1 (]: Began executing node model.weather_analytics.stg_weather
[0m23:43:22.847640 [debug] [Thread-1 (]: Writing runtime sql for node "model.weather_analytics.stg_weather"
[0m23:43:22.850058 [debug] [Thread-1 (]: Using duckdb connection "model.weather_analytics.stg_weather"
[0m23:43:22.852061 [debug] [Thread-1 (]: On model.weather_analytics.stg_weather: BEGIN
[0m23:43:22.853059 [debug] [Thread-1 (]: Opening a new connection, currently in state init
[0m23:43:22.855080 [debug] [Thread-1 (]: SQL status: OK in 0.002 seconds
[0m23:43:22.856059 [debug] [Thread-1 (]: Using duckdb connection "model.weather_analytics.stg_weather"
[0m23:43:22.857297 [debug] [Thread-1 (]: On model.weather_analytics.stg_weather: /* {"app": "dbt", "dbt_version": "1.11.11", "profile_name": "weather_analytics", "target_name": "dev", "node_id": "model.weather_analytics.stg_weather"} */

  
  create view "analytics"."weather_staging"."stg_weather__dbt_tmp" as (
    ﻿

SELECT 
    city,
    temperature_celsius,
    humidity,
    pressure,
    wind_speed,
    weather_main,
    weather_description,
    observation_time,
    'sample' as ingestion_id,
    CURRENT_TIMESTAMP() as processed_time
FROM "weather"."weather"."weather_gold"
WHERE is_valid = TRUE
  );

[0m23:43:22.869238 [debug] [Thread-1 (]: DuckDB adapter: duckdb error: Binder Error: Catalog "weather" does not exist!
[0m23:43:22.870238 [debug] [Thread-1 (]: DuckDB adapter: Error running SQL: /* {"app": "dbt", "dbt_version": "1.11.11", "profile_name": "weather_analytics", "target_name": "dev", "node_id": "model.weather_analytics.stg_weather"} */

  
  create view "analytics"."weather_staging"."stg_weather__dbt_tmp" as (
    ﻿

SELECT 
    city,
    temperature_celsius,
    humidity,
    pressure,
    wind_speed,
    weather_main,
    weather_description,
    observation_time,
    'sample' as ingestion_id,
    CURRENT_TIMESTAMP() as processed_time
FROM "weather"."weather"."weather_gold"
WHERE is_valid = TRUE
  );

[0m23:43:22.872239 [debug] [Thread-1 (]: DuckDB adapter: Rolling back transaction.
[0m23:43:22.873237 [debug] [Thread-1 (]: On model.weather_analytics.stg_weather: ROLLBACK
[0m23:43:22.881192 [debug] [Thread-1 (]: Failed to rollback 'model.weather_analytics.stg_weather'
[0m23:43:22.882218 [debug] [Thread-1 (]: On model.weather_analytics.stg_weather: Close
[0m23:43:22.903490 [debug] [Thread-1 (]: Runtime Error in model stg_weather (models\staging\stg_weather.sql)
  Binder Error: Catalog "weather" does not exist!
[0m23:43:22.908972 [debug] [Thread-1 (]: Sending event: {'category': 'dbt', 'action': 'run_model', 'label': '5451ccc7-70eb-4a6f-b1b0-9b2e6f4628ba', 'context': [<snowplow_tracker.self_describing_json.SelfDescribingJson object at 0x00000184D8442C10>]}
[0m23:43:22.910972 [error] [Thread-1 (]: 1 of 14 ERROR creating sql view model weather_staging.stg_weather .............. [[31mERROR[0m in 0.16s]
[0m23:43:22.912970 [debug] [Thread-1 (]: Finished running node model.weather_analytics.stg_weather
[0m23:43:22.914992 [debug] [Thread-7 (]: Marking all children of 'model.weather_analytics.stg_weather' to be skipped because of status 'error'.  Reason: Runtime Error in model stg_weather (models\staging\stg_weather.sql)
  Binder Error: Catalog "weather" does not exist!.
[0m23:43:22.918000 [debug] [Thread-3 (]: Began running node model.weather_analytics.extreme_weather_events
[0m23:43:22.919130 [debug] [Thread-4 (]: Began running node model.weather_analytics.int_climate_patterns
[0m23:43:22.920130 [debug] [Thread-2 (]: Began running node model.weather_analytics.int_weather_anomalies
[0m23:43:22.922108 [debug] [Thread-1 (]: Began running node model.weather_analytics.int_weather_correlation
[0m23:43:22.923113 [info ] [Thread-3 (]: 2 of 14 SKIP relation weather_marts.extreme_weather_events ..................... [[33mSKIP[0m]
[0m23:43:22.924212 [info ] [Thread-4 (]: 3 of 14 SKIP relation weather_intermediate.int_climate_patterns ................ [[33mSKIP[0m]
[0m23:43:22.926662 [info ] [Thread-2 (]: 4 of 14 SKIP relation weather_intermediate.int_weather_anomalies ............... [[33mSKIP[0m]
[0m23:43:22.929073 [info ] [Thread-1 (]: 5 of 14 SKIP relation weather_intermediate.int_weather_correlation ............. [[33mSKIP[0m]
[0m23:43:22.930104 [debug] [Thread-3 (]: Finished running node model.weather_analytics.extreme_weather_events
[0m23:43:22.932110 [debug] [Thread-4 (]: Finished running node model.weather_analytics.int_climate_patterns
[0m23:43:22.934223 [debug] [Thread-2 (]: Finished running node model.weather_analytics.int_weather_anomalies
[0m23:43:22.936220 [debug] [Thread-1 (]: Finished running node model.weather_analytics.int_weather_correlation
[0m23:43:22.938228 [debug] [Thread-3 (]: Began running node model.weather_analytics.int_weather_forecast
[0m23:43:22.939660 [debug] [Thread-4 (]: Began running node model.weather_analytics.int_weather_metrics
[0m23:43:22.942185 [debug] [Thread-2 (]: Began running node model.weather_analytics.int_weather_station_metrics
[0m23:43:22.943178 [debug] [Thread-1 (]: Began running node model.weather_analytics.mart_weather_forecast_accuracy
[0m23:43:22.945180 [info ] [Thread-3 (]: 6 of 14 SKIP relation weather_intermediate.int_weather_forecast ................ [[33mSKIP[0m]
[0m23:43:22.946182 [info ] [Thread-4 (]: 7 of 14 SKIP relation weather_intermediate.int_weather_metrics ................. [[33mSKIP[0m]
[0m23:43:22.948588 [info ] [Thread-2 (]: 8 of 14 SKIP relation weather_intermediate.int_weather_station_metrics ......... [[33mSKIP[0m]
[0m23:43:22.950743 [info ] [Thread-1 (]: 9 of 14 SKIP relation weather_marts.mart_weather_forecast_accuracy ............. [[33mSKIP[0m]
[0m23:43:22.952743 [debug] [Thread-3 (]: Finished running node model.weather_analytics.int_weather_forecast
[0m23:43:22.960475 [debug] [Thread-3 (]: Began running node model.weather_analytics.mart_weather_quality
[0m23:43:22.956415 [debug] [Thread-2 (]: Finished running node model.weather_analytics.int_weather_station_metrics
[0m23:43:22.954046 [debug] [Thread-4 (]: Finished running node model.weather_analytics.int_weather_metrics
[0m23:43:22.974473 [debug] [Thread-4 (]: Began running node model.weather_analytics.weather_trend_analysis
[0m23:43:22.964474 [debug] [Thread-2 (]: Began running node model.weather_analytics.weather_daily_summary
[0m23:43:22.962476 [info ] [Thread-3 (]: 10 of 14 SKIP relation weather_marts.mart_weather_quality ...................... [[33mSKIP[0m]
[0m23:43:22.982473 [debug] [Thread-3 (]: Finished running node model.weather_analytics.mart_weather_quality
[0m23:43:22.958476 [debug] [Thread-1 (]: Finished running node model.weather_analytics.mart_weather_forecast_accuracy
[0m23:43:22.999474 [debug] [Thread-1 (]: Began running node model.weather_analytics.mart_city_weather
[0m23:43:22.976473 [info ] [Thread-4 (]: 12 of 14 SKIP relation weather_marts.weather_trend_analysis .................... [[33mSKIP[0m]
[0m23:43:23.004477 [debug] [Thread-4 (]: Finished running node model.weather_analytics.weather_trend_analysis
[0m23:43:22.980473 [info ] [Thread-2 (]: 11 of 14 SKIP relation weather_marts.weather_daily_summary ..................... [[33mSKIP[0m]
[0m23:43:23.009473 [debug] [Thread-2 (]: Finished running node model.weather_analytics.weather_daily_summary
[0m23:43:23.002474 [info ] [Thread-1 (]: 13 of 14 SKIP relation weather_marts.mart_city_weather ......................... [[33mSKIP[0m]
[0m23:43:23.014477 [debug] [Thread-1 (]: Finished running node model.weather_analytics.mart_city_weather
[0m23:43:23.017477 [debug] [Thread-4 (]: Began running node model.weather_analytics.mart_global_weather
[0m23:43:23.022476 [info ] [Thread-4 (]: 14 of 14 SKIP relation weather_marts.mart_global_weather ....................... [[33mSKIP[0m]
[0m23:43:23.038473 [debug] [Thread-4 (]: Finished running node model.weather_analytics.mart_global_weather
[0m23:43:23.046474 [debug] [MainThread]: Using duckdb connection "master"
[0m23:43:23.048473 [debug] [MainThread]: On master: BEGIN
[0m23:43:23.050474 [debug] [MainThread]: Opening a new connection, currently in state closed
[0m23:43:23.052471 [debug] [MainThread]: SQL status: OK in 0.002 seconds
[0m23:43:23.053473 [debug] [MainThread]: On master: COMMIT
[0m23:43:23.055473 [debug] [MainThread]: Using duckdb connection "master"
[0m23:43:23.056476 [debug] [MainThread]: On master: COMMIT
[0m23:43:23.058475 [debug] [MainThread]: SQL status: OK in 0.000 seconds
[0m23:43:23.060472 [debug] [MainThread]: On master: Close
[0m23:43:23.062473 [debug] [MainThread]: Connection 'master' was properly closed.
[0m23:43:23.064471 [debug] [MainThread]: Connection 'create_analytics_weather_staging' was properly closed.
[0m23:43:23.065474 [debug] [MainThread]: Connection 'create_analytics_weather_intermediate' was properly closed.
[0m23:43:23.067474 [debug] [MainThread]: Connection 'create_analytics_weather_marts' was properly closed.
[0m23:43:23.069472 [debug] [MainThread]: Connection 'list_analytics_weather_dbt_test__audit' was properly closed.
[0m23:43:23.070473 [debug] [MainThread]: Connection 'list_analytics_weather_intermediate' was properly closed.
[0m23:43:23.071474 [debug] [MainThread]: Connection 'list_analytics_weather_marts' was properly closed.
[0m23:43:23.072502 [debug] [MainThread]: Connection 'list_analytics_weather_staging' was properly closed.
[0m23:43:23.073506 [debug] [MainThread]: Connection 'model.weather_analytics.stg_weather' was properly closed.
[0m23:43:23.075530 [info ] [MainThread]: 
[0m23:43:23.076613 [info ] [MainThread]: Finished running 13 table models, 1 view model in 0 hours 0 minutes and 1.32 seconds (1.32s).
[0m23:43:23.079699 [debug] [MainThread]: Command end result
[0m23:43:23.359856 [debug] [MainThread]: Wrote artifact WritableManifest to C:\Users\Shank\PROJECT-CS\data engineering\weather-data-platform\dbt_weather\target\manifest.json
[0m23:43:23.366859 [debug] [MainThread]: Wrote artifact SemanticManifest to C:\Users\Shank\PROJECT-CS\data engineering\weather-data-platform\dbt_weather\target\semantic_manifest.json
[0m23:43:23.383856 [debug] [MainThread]: Wrote artifact RunExecutionResult to C:\Users\Shank\PROJECT-CS\data engineering\weather-data-platform\dbt_weather\target\run_results.json
[0m23:43:23.385873 [info ] [MainThread]: 
[0m23:43:23.386868 [info ] [MainThread]: [31mCompleted with 1 error, 0 partial successes, and 0 warnings:[0m
[0m23:43:23.388218 [info ] [MainThread]: 
[0m23:43:23.390524 [error] [MainThread]: [31mFailure in model stg_weather (models\staging\stg_weather.sql)[0m
[0m23:43:23.392530 [error] [MainThread]:   Runtime Error in model stg_weather (models\staging\stg_weather.sql)
  Binder Error: Catalog "weather" does not exist!
[0m23:43:23.394914 [info ] [MainThread]: 
[0m23:43:23.396168 [info ] [MainThread]:   compiled code at target\compiled\weather_analytics\models\staging\stg_weather.sql
[0m23:43:23.399188 [info ] [MainThread]: 
[0m23:43:23.401182 [info ] [MainThread]: Done. PASS=0 WARN=0 ERROR=1 SKIP=13 NO-OP=0 TOTAL=14
[0m23:43:23.417181 [debug] [MainThread]: Command `dbt run` failed at 23:43:23.416181 after 7.80 seconds
[0m23:43:23.419182 [debug] [MainThread]: Sending event: {'category': 'dbt', 'action': 'invocation', 'label': 'end', 'context': [<snowplow_tracker.self_describing_json.SelfDescribingJson object at 0x00000184D47F61D0>, <snowplow_tracker.self_describing_json.SelfDescribingJson object at 0x00000184D47F64D0>, <snowplow_tracker.self_describing_json.SelfDescribingJson object at 0x00000184DE23DE10>]}
[0m23:43:23.421182 [debug] [MainThread]: Flushing usage events
[0m23:43:25.701214 [debug] [MainThread]: An error was encountered while trying to flush usage events
[0m13:33:23.720792 [debug] [MainThread]: Sending event: {'category': 'dbt', 'action': 'invocation', 'label': 'start', 'context': [<snowplow_tracker.self_describing_json.SelfDescribingJson object at 0x000001D08E4AAE90>, <snowplow_tracker.self_describing_json.SelfDescribingJson object at 0x000001D08E4AA7D0>, <snowplow_tracker.self_describing_json.SelfDescribingJson object at 0x000001D08E4AAC50>]}


============================== 13:33:23.732284 | a94e1888-6b51-4279-b5a3-ccc32a11f633 ==============================
[0m13:33:23.732284 [info ] [MainThread]: Running with dbt=1.11.11
[0m13:33:23.734698 [debug] [MainThread]: running dbt with arguments {'version_check': 'True', 'no_print': 'None', 'static_parser': 'True', 'target_path': 'None', 'warn_error_options': 'WarnErrorOptionsV2(error=[], warn=[], silence=[])', 'printer_width': '80', 'write_json': 'True', 'empty': 'None', 'log_cache_events': 'False', 'introspect': 'True', 'cache_selected_only': 'False', 'log_format': 'default', 'debug': 'False', 'fail_fast': 'False', 'profiles_dir': 'C:\\Users\\Shank\\PROJECT-CS\\data engineering\\weather-data-platform\\dbt_weather', 'send_anonymous_usage_stats': 'True', 'quiet': 'False', 'warn_error': 'None', 'partial_parse': 'True', 'invocation_command': 'dbt debug', 'indirect_selection': 'eager', 'use_colors': 'True', 'use_experimental_parser': 'False', 'log_path': 'C:\\Users\\Shank\\PROJECT-CS\\data engineering\\weather-data-platform\\dbt_weather\\logs'}
[0m13:33:23.815198 [info ] [MainThread]: dbt version: 1.11.11
[0m13:33:23.817177 [info ] [MainThread]: python version: 3.11.7
[0m13:33:23.819174 [info ] [MainThread]: python path: C:\Users\Shank\anaconda3\python.exe
[0m13:33:23.820434 [info ] [MainThread]: os info: Windows-10-10.0.26200-SP0
[0m13:33:24.102511 [info ] [MainThread]: Using profiles dir at C:\Users\Shank\PROJECT-CS\data engineering\weather-data-platform\dbt_weather
[0m13:33:24.103757 [info ] [MainThread]: Using profiles.yml file at C:\Users\Shank\PROJECT-CS\data engineering\weather-data-platform\dbt_weather\profiles.yml
[0m13:33:24.105786 [info ] [MainThread]: Using dbt_project.yml file at C:\Users\Shank\PROJECT-CS\data engineering\weather-data-platform\dbt_weather\dbt_project.yml
[0m13:33:24.132047 [info ] [MainThread]: adapter type: duckdb
[0m13:33:24.134050 [info ] [MainThread]: adapter version: 1.10.1
[0m13:33:24.579016 [info ] [MainThread]: Configuration:
[0m13:33:24.581011 [info ] [MainThread]:   profiles.yml file [[32mOK found and valid[0m]
[0m13:33:24.583001 [info ] [MainThread]:   dbt_project.yml file [[32mOK found and valid[0m]
[0m13:33:24.585468 [info ] [MainThread]: Required dependencies:
[0m13:33:24.586505 [debug] [MainThread]: Executing "git --help"
[0m13:33:24.704902 [debug] [MainThread]: STDOUT: "b"usage: git [-v | --version] [-h | --help] [-C <path>] [-c <name>=<value>]\n           [--exec-path[=<path>]] [--html-path] [--man-path] [--info-path]\n           [-p | --paginate | -P | --no-pager] [--no-replace-objects] [--bare]\n           [--git-dir=<path>] [--work-tree=<path>] [--namespace=<name>]\n           [--config-env=<name>=<envvar>] <command> [<args>]\n\nThese are common Git commands used in various situations:\n\nstart a working area (see also: git help tutorial)\n   clone     Clone a repository into a new directory\n   init      Create an empty Git repository or reinitialize an existing one\n\nwork on the current change (see also: git help everyday)\n   add       Add file contents to the index\n   mv        Move or rename a file, a directory, or a symlink\n   restore   Restore working tree files\n   rm        Remove files from the working tree and from the index\n\nexamine the history and state (see also: git help revisions)\n   bisect    Use binary search to find the commit that introduced a bug\n   diff      Show changes between commits, commit and working tree, etc\n   grep      Print lines matching a pattern\n   log       Show commit logs\n   show      Show various types of objects\n   status    Show the working tree status\n\ngrow, mark and tweak your common history\n   branch    List, create, or delete branches\n   commit    Record changes to the repository\n   merge     Join two or more development histories together\n   rebase    Reapply commits on top of another base tip\n   reset     Reset current HEAD to the specified state\n   switch    Switch branches\n   tag       Create, list, delete or verify a tag object signed with GPG\n\ncollaborate (see also: git help workflows)\n   fetch     Download objects and refs from another repository\n   pull      Fetch from and integrate with another repository or a local branch\n   push      Update remote refs along with associated objects\n\n'git help -a' and 'git help -g' list available subcommands and some\nconcept guides. See 'git help <command>' or 'git help <concept>'\nto read about a specific subcommand or concept.\nSee 'git help git' for an overview of the system.\n""
[0m13:33:24.705884 [debug] [MainThread]: STDERR: "b''"
[0m13:33:24.708629 [info ] [MainThread]:  - git [[32mOK found[0m]

[0m13:33:24.710646 [info ] [MainThread]: Connection:
[0m13:33:24.711634 [info ] [MainThread]:   database: analytics
[0m13:33:24.713628 [info ] [MainThread]:   schema: weather
[0m13:33:24.715744 [info ] [MainThread]:   path: ../duckdb/analytics.duckdb
[0m13:33:24.717859 [info ] [MainThread]:   config_options: None
[0m13:33:24.719859 [info ] [MainThread]:   extensions: None
[0m13:33:24.720861 [info ] [MainThread]:   settings: {}
[0m13:33:24.722861 [info ] [MainThread]:   external_root: .
[0m13:33:24.724861 [info ] [MainThread]:   use_credential_provider: None
[0m13:33:24.726861 [info ] [MainThread]:   attach: None
[0m13:33:24.727857 [info ] [MainThread]:   filesystems: None
[0m13:33:24.730622 [info ] [MainThread]:   remote: None
[0m13:33:24.732938 [info ] [MainThread]:   plugins: None
[0m13:33:24.734936 [info ] [MainThread]:   disable_transactions: False
[0m13:33:24.738387 [info ] [MainThread]: Registered adapter: duckdb=1.10.1
[0m13:33:25.668969 [debug] [MainThread]: Acquiring new duckdb connection 'debug'
[0m13:33:26.484167 [debug] [MainThread]: Using duckdb connection "debug"
[0m13:33:26.486174 [debug] [MainThread]: On debug: select 1 as id
[0m13:33:26.487579 [debug] [MainThread]: Opening a new connection, currently in state init
[0m13:33:26.523898 [debug] [MainThread]: SQL status: OK in 0.037 seconds
[0m13:33:26.526308 [debug] [MainThread]: On debug: Close
[0m13:33:26.528577 [info ] [MainThread]:   Connection test: [[32mOK connection ok[0m]

[0m13:33:26.529802 [info ] [MainThread]: [32mAll checks passed![0m
[0m13:33:26.534277 [debug] [MainThread]: Command `dbt debug` succeeded at 13:33:26.534277 after 3.23 seconds
[0m13:33:26.536285 [debug] [MainThread]: Connection 'debug' was properly closed.
[0m13:33:26.537286 [debug] [MainThread]: Sending event: {'category': 'dbt', 'action': 'invocation', 'label': 'end', 'context': [<snowplow_tracker.self_describing_json.SelfDescribingJson object at 0x000001D08E4B1550>, <snowplow_tracker.self_describing_json.SelfDescribingJson object at 0x000001D08F9C34D0>, <snowplow_tracker.self_describing_json.SelfDescribingJson object at 0x000001D08E4176D0>]}
[0m13:33:26.539276 [debug] [MainThread]: Flushing usage events
[0m13:33:29.162357 [debug] [MainThread]: An error was encountered while trying to flush usage events
[0m13:33:38.749043 [debug] [MainThread]: Sending event: {'category': 'dbt', 'action': 'invocation', 'label': 'start', 'context': [<snowplow_tracker.self_describing_json.SelfDescribingJson object at 0x000001C10DC945D0>, <snowplow_tracker.self_describing_json.SelfDescribingJson object at 0x000001C10DC94910>, <snowplow_tracker.self_describing_json.SelfDescribingJson object at 0x000001C10DC94590>]}


============================== 13:33:38.757613 | 78292a05-c64c-42f1-866f-7b1ebc285d3d ==============================
[0m13:33:38.757613 [info ] [MainThread]: Running with dbt=1.11.11
[0m13:33:38.759603 [debug] [MainThread]: running dbt with arguments {'version_check': 'True', 'no_print': 'None', 'static_parser': 'True', 'target_path': 'None', 'warn_error_options': 'WarnErrorOptionsV2(error=[], warn=[], silence=[])', 'printer_width': '80', 'write_json': 'True', 'empty': 'None', 'log_cache_events': 'False', 'introspect': 'True', 'cache_selected_only': 'False', 'log_format': 'default', 'debug': 'False', 'fail_fast': 'False', 'profiles_dir': 'C:\\Users\\Shank\\PROJECT-CS\\data engineering\\weather-data-platform\\dbt_weather', 'send_anonymous_usage_stats': 'True', 'quiet': 'False', 'warn_error': 'None', 'partial_parse': 'True', 'invocation_command': 'dbt deps', 'use_colors': 'True', 'indirect_selection': 'eager', 'use_experimental_parser': 'False', 'log_path': 'C:\\Users\\Shank\\PROJECT-CS\\data engineering\\weather-data-platform\\dbt_weather\\logs'}
[0m13:33:40.756343 [debug] [MainThread]: Sending event: {'category': 'dbt', 'action': 'project_id', 'label': '78292a05-c64c-42f1-866f-7b1ebc285d3d', 'context': [<snowplow_tracker.self_describing_json.SelfDescribingJson object at 0x000001C10EDF7710>]}
[0m13:33:41.085603 [debug] [MainThread]: Set downloads directory='C:\Users\Shank\AppData\Local\Temp\dbt-downloads-c8c2ty1v'
[0m13:33:41.087601 [debug] [MainThread]: Making package index registry request: GET https://hub.getdbt.com/api/v1/index.json
[0m13:33:42.621896 [debug] [MainThread]: Response from registry index: GET https://hub.getdbt.com/api/v1/index.json 200
[0m13:33:42.625898 [debug] [MainThread]: Making package registry request: GET https://hub.getdbt.com/api/v1/dbt-labs/dbt_utils.json
[0m13:33:43.902951 [debug] [MainThread]: Response from registry: GET https://hub.getdbt.com/api/v1/dbt-labs/dbt_utils.json 200
[0m13:33:43.920948 [debug] [MainThread]: Making package registry request: GET https://hub.getdbt.com/api/v1/dbt-labs/codegen.json
[0m13:33:47.658944 [debug] [MainThread]: Response from registry: GET https://hub.getdbt.com/api/v1/dbt-labs/codegen.json 200
[0m13:33:47.666777 [info ] [MainThread]: Installing dbt-labs/dbt_utils
[0m13:33:51.070478 [info ] [MainThread]: Installed from version 1.1.1
[0m13:33:51.072518 [info ] [MainThread]: Updated version available: 1.4.0
[0m13:33:51.074645 [debug] [MainThread]: Sending event: {'category': 'dbt', 'action': 'package', 'label': '78292a05-c64c-42f1-866f-7b1ebc285d3d', 'property_': 'install', 'context': [<snowplow_tracker.self_describing_json.SelfDescribingJson object at 0x000001C10EDF6C50>, <snowplow_tracker.self_describing_json.SelfDescribingJson object at 0x000001C10CC5B410>]}
[0m13:33:51.076645 [info ] [MainThread]: Installing dbt-labs/codegen
[0m13:33:52.858676 [info ] [MainThread]: Installed from version 0.12.1
[0m13:33:52.860683 [info ] [MainThread]: Updated version available: 0.14.1
[0m13:33:52.862680 [debug] [MainThread]: Sending event: {'category': 'dbt', 'action': 'package', 'label': '78292a05-c64c-42f1-866f-7b1ebc285d3d', 'property_': 'install', 'context': [<snowplow_tracker.self_describing_json.SelfDescribingJson object at 0x000001C10DCD7610>, <snowplow_tracker.self_describing_json.SelfDescribingJson object at 0x000001C10EDCB550>]}
[0m13:33:52.863679 [info ] [MainThread]: 
[0m13:33:52.865679 [info ] [MainThread]: Updates available for packages: ['dbt-labs/dbt_utils', 'dbt-labs/codegen']                 
Update your versions in packages.yml, then run dbt deps
[0m13:33:52.872265 [debug] [MainThread]: Command `dbt deps` succeeded at 13:33:52.870928 after 14.40 seconds
[0m13:33:52.873460 [debug] [MainThread]: Sending event: {'category': 'dbt', 'action': 'invocation', 'label': 'end', 'context': [<snowplow_tracker.self_describing_json.SelfDescribingJson object at 0x000001C10D942850>, <snowplow_tracker.self_describing_json.SelfDescribingJson object at 0x000001C1071D6110>, <snowplow_tracker.self_describing_json.SelfDescribingJson object at 0x000001C1071D61D0>]}
[0m13:33:52.874897 [debug] [MainThread]: Flushing usage events
[0m13:33:54.881063 [debug] [MainThread]: An error was encountered while trying to flush usage events
[0m13:34:55.398141 [debug] [MainThread]: Sending event: {'category': 'dbt', 'action': 'invocation', 'label': 'start', 'context': [<snowplow_tracker.self_describing_json.SelfDescribingJson object at 0x0000023FD8B146D0>, <snowplow_tracker.self_describing_json.SelfDescribingJson object at 0x0000023FD8B16050>, <snowplow_tracker.self_describing_json.SelfDescribingJson object at 0x0000023FD8B14050>]}


============================== 13:34:55.408437 | 86156224-9182-49a6-bb9d-fc393af26b83 ==============================
[0m13:34:55.408437 [info ] [MainThread]: Running with dbt=1.11.11
[0m13:34:55.410434 [debug] [MainThread]: running dbt with arguments {'static_parser': 'True', 'no_print': 'None', 'version_check': 'True', 'target_path': 'None', 'warn_error_options': 'WarnErrorOptionsV2(error=[], warn=[], silence=[])', 'printer_width': '80', 'write_json': 'True', 'introspect': 'True', 'log_cache_events': 'False', 'empty': 'False', 'cache_selected_only': 'False', 'fail_fast': 'False', 'debug': 'False', 'log_format': 'default', 'partial_parse': 'True', 'send_anonymous_usage_stats': 'True', 'quiet': 'False', 'warn_error': 'None', 'profiles_dir': 'C:\\Users\\Shank\\PROJECT-CS\\data engineering\\weather-data-platform\\dbt_weather', 'invocation_command': 'dbt run --select staging', 'use_colors': 'True', 'indirect_selection': 'eager', 'use_experimental_parser': 'False', 'log_path': 'C:\\Users\\Shank\\PROJECT-CS\\data engineering\\weather-data-platform\\dbt_weather\\logs'}
[0m13:34:56.598497 [debug] [MainThread]: Sending event: {'category': 'dbt', 'action': 'project_id', 'label': '86156224-9182-49a6-bb9d-fc393af26b83', 'context': [<snowplow_tracker.self_describing_json.SelfDescribingJson object at 0x0000023FD9D76C10>]}
[0m13:34:56.804286 [debug] [MainThread]: Sending event: {'category': 'dbt', 'action': 'adapter_info', 'label': '86156224-9182-49a6-bb9d-fc393af26b83', 'context': [<snowplow_tracker.self_describing_json.SelfDescribingJson object at 0x0000023FD9C49890>]}
[0m13:34:56.815697 [info ] [MainThread]: Registered adapter: duckdb=1.10.1
[0m13:34:57.677039 [debug] [MainThread]: checksum: 30a8cc8fdcbf66701b0944d4ccce3fa46dd04b61e5df68b9f16d57b2e0e3f0be, vars: {}, profile: , target: , version: 1.11.11
[0m13:34:58.335064 [info ] [MainThread]: Unable to do partial parsing because a project config has changed
[0m13:34:58.337068 [debug] [MainThread]: Sending event: {'category': 'dbt', 'action': 'partial_parser', 'label': '86156224-9182-49a6-bb9d-fc393af26b83', 'context': [<snowplow_tracker.self_describing_json.SelfDescribingJson object at 0x0000023FD7B60590>]}
[0m13:35:04.737806 [warn ] [MainThread]: [[33mWARNING[0m][MissingArgumentsPropertyInGenericTestDeprecation]: Deprecated
functionality
Found top-level arguments to test `dbt_utils.accepted_range` defined on
'int_weather_metrics' in package 'weather_analytics'
(models\intermediate\schema.yml). Arguments to generic tests should be nested
under the `arguments` property.
[0m13:35:04.739801 [debug] [MainThread]: Sending event: {'category': 'dbt', 'action': 'deprecation', 'label': '86156224-9182-49a6-bb9d-fc393af26b83', 'property_': 'warn', 'context': [<snowplow_tracker.self_describing_json.SelfDescribingJson object at 0x0000023FDA4EDC90>]}
[0m13:35:06.711553 [warn ] [MainThread]: [[33mWARNING[0m]: Configuration paths exist in your dbt_project.yml file which do not apply to any resources.
There are 2 unused configuration paths:
- seeds
- snapshots
[0m13:35:06.743541 [debug] [MainThread]: Sending event: {'category': 'dbt', 'action': 'load_project', 'label': '86156224-9182-49a6-bb9d-fc393af26b83', 'context': [<snowplow_tracker.self_describing_json.SelfDescribingJson object at 0x0000023FDA1CD790>]}
[0m13:35:07.232992 [debug] [MainThread]: Wrote artifact WritableManifest to C:\Users\Shank\PROJECT-CS\data engineering\weather-data-platform\dbt_weather\target\manifest.json
[0m13:35:07.257493 [debug] [MainThread]: Wrote artifact SemanticManifest to C:\Users\Shank\PROJECT-CS\data engineering\weather-data-platform\dbt_weather\target\semantic_manifest.json
[0m13:35:07.318170 [debug] [MainThread]: Sending event: {'category': 'dbt', 'action': 'resource_counts', 'label': '86156224-9182-49a6-bb9d-fc393af26b83', 'context': [<snowplow_tracker.self_describing_json.SelfDescribingJson object at 0x0000023FDA304C50>]}
[0m13:35:07.319245 [info ] [MainThread]: Found 14 models, 192 data tests, 2 sources, 611 macros
[0m13:35:07.321273 [debug] [MainThread]: Sending event: {'category': 'dbt', 'action': 'runnable_timing', 'label': '86156224-9182-49a6-bb9d-fc393af26b83', 'context': [<snowplow_tracker.self_describing_json.SelfDescribingJson object at 0x0000023FD62D63D0>]}
[0m13:35:07.328345 [info ] [MainThread]: 
[0m13:35:07.330322 [info ] [MainThread]: Concurrency: 4 threads (target='dev')
[0m13:35:07.332401 [info ] [MainThread]: 
[0m13:35:07.334405 [debug] [MainThread]: Acquiring new duckdb connection 'master'
[0m13:35:07.338988 [debug] [ThreadPool]: Acquiring new duckdb connection 'list_analytics'
[0m13:35:07.939234 [debug] [ThreadPool]: Using duckdb connection "list_analytics"
[0m13:35:07.940234 [debug] [ThreadPool]: On list_analytics: /* {"app": "dbt", "dbt_version": "1.11.11", "profile_name": "weather_analytics", "target_name": "dev", "connection_name": "list_analytics"} */

    
    select schema_name
    from system.information_schema.schemata
    
    where lower(catalog_name) = '"analytics"'
    
  
  
[0m13:35:07.941234 [debug] [ThreadPool]: Opening a new connection, currently in state init
[0m13:35:07.993639 [debug] [ThreadPool]: SQL status: OK in 0.052 seconds
[0m13:35:07.997182 [debug] [ThreadPool]: On list_analytics: Close
[0m13:35:07.999185 [debug] [ThreadPool]: Re-using an available connection from the pool (formerly list_analytics, now create_analytics_weather_staging)
[0m13:35:08.001184 [debug] [ThreadPool]: Creating schema "database: "analytics"
schema: "weather_staging"
"
[0m13:35:08.017454 [debug] [ThreadPool]: Using duckdb connection "create_analytics_weather_staging"
[0m13:35:08.018454 [debug] [ThreadPool]: On create_analytics_weather_staging: /* {"app": "dbt", "dbt_version": "1.11.11", "profile_name": "weather_analytics", "target_name": "dev", "connection_name": "create_analytics_weather_staging"} */

    
        select type from duckdb_databases()
        where lower(database_name)='analytics'
        and type='sqlite'
    
  
[0m13:35:08.020519 [debug] [ThreadPool]: Opening a new connection, currently in state closed
[0m13:35:08.022890 [debug] [ThreadPool]: SQL status: OK in 0.002 seconds
[0m13:35:08.026165 [debug] [ThreadPool]: Using duckdb connection "create_analytics_weather_staging"
[0m13:35:08.027456 [debug] [ThreadPool]: On create_analytics_weather_staging: BEGIN
[0m13:35:08.028461 [debug] [ThreadPool]: SQL status: OK in 0.000 seconds
[0m13:35:08.029580 [debug] [ThreadPool]: Using duckdb connection "create_analytics_weather_staging"
[0m13:35:08.031584 [debug] [ThreadPool]: On create_analytics_weather_staging: /* {"app": "dbt", "dbt_version": "1.11.11", "profile_name": "weather_analytics", "target_name": "dev", "connection_name": "create_analytics_weather_staging"} */

    
    
        create schema if not exists "analytics"."weather_staging"
    
[0m13:35:08.033751 [debug] [ThreadPool]: SQL status: OK in 0.001 seconds
[0m13:35:08.036357 [debug] [ThreadPool]: On create_analytics_weather_staging: COMMIT
[0m13:35:08.037397 [debug] [ThreadPool]: Using duckdb connection "create_analytics_weather_staging"
[0m13:35:08.038706 [debug] [ThreadPool]: On create_analytics_weather_staging: COMMIT
[0m13:35:08.039710 [debug] [ThreadPool]: SQL status: OK in 0.000 seconds
[0m13:35:08.040968 [debug] [ThreadPool]: On create_analytics_weather_staging: Close
[0m13:35:08.080532 [debug] [ThreadPool]: Acquiring new duckdb connection 'list_analytics_weather_staging'
[0m13:35:08.082532 [debug] [ThreadPool]: Acquiring new duckdb connection 'list_analytics_weather_intermediate'
[0m13:35:08.095540 [debug] [ThreadPool]: Using duckdb connection "list_analytics_weather_staging"
[0m13:35:08.096948 [debug] [ThreadPool]: Acquiring new duckdb connection 'list_analytics_weather_dbt_test__audit'
[0m13:35:08.097948 [debug] [ThreadPool]: Acquiring new duckdb connection 'list_analytics_weather_marts'
[0m13:35:08.103983 [debug] [ThreadPool]: Using duckdb connection "list_analytics_weather_intermediate"
[0m13:35:08.105148 [debug] [ThreadPool]: On list_analytics_weather_staging: BEGIN
[0m13:35:08.111197 [debug] [ThreadPool]: Using duckdb connection "list_analytics_weather_dbt_test__audit"
[0m13:35:08.116220 [debug] [ThreadPool]: Using duckdb connection "list_analytics_weather_marts"
[0m13:35:08.117280 [debug] [ThreadPool]: On list_analytics_weather_intermediate: BEGIN
[0m13:35:08.119532 [debug] [ThreadPool]: Opening a new connection, currently in state init
[0m13:35:08.120532 [debug] [ThreadPool]: On list_analytics_weather_dbt_test__audit: BEGIN
[0m13:35:08.121691 [debug] [ThreadPool]: On list_analytics_weather_marts: BEGIN
[0m13:35:08.122714 [debug] [ThreadPool]: Opening a new connection, currently in state init
[0m13:35:08.124698 [debug] [ThreadPool]: SQL status: OK in 0.006 seconds
[0m13:35:08.125699 [debug] [ThreadPool]: Opening a new connection, currently in state init
[0m13:35:08.126700 [debug] [ThreadPool]: Opening a new connection, currently in state init
[0m13:35:08.128731 [debug] [ThreadPool]: SQL status: OK in 0.006 seconds
[0m13:35:08.129731 [debug] [ThreadPool]: Using duckdb connection "list_analytics_weather_staging"
[0m13:35:08.131742 [debug] [ThreadPool]: SQL status: OK in 0.006 seconds
[0m13:35:08.133731 [debug] [ThreadPool]: SQL status: OK in 0.006 seconds
[0m13:35:08.134735 [debug] [ThreadPool]: Using duckdb connection "list_analytics_weather_intermediate"
[0m13:35:08.135756 [debug] [ThreadPool]: On list_analytics_weather_staging: /* {"app": "dbt", "dbt_version": "1.11.11", "profile_name": "weather_analytics", "target_name": "dev", "connection_name": "list_analytics_weather_staging"} */
select
      'analytics' as database,
      table_name as name,
      table_schema as schema,
      CASE table_type
        WHEN 'BASE TABLE' THEN 'table'
        WHEN 'VIEW' THEN 'view'
        WHEN 'LOCAL TEMPORARY' THEN 'table'
        END as type
    from system.information_schema.tables
    where lower(table_schema) = 'weather_staging'
    and lower(table_catalog) = 'analytics'
  
[0m13:35:08.137032 [debug] [ThreadPool]: Using duckdb connection "list_analytics_weather_dbt_test__audit"
[0m13:35:08.138506 [debug] [ThreadPool]: Using duckdb connection "list_analytics_weather_marts"
[0m13:35:08.139821 [debug] [ThreadPool]: On list_analytics_weather_intermediate: /* {"app": "dbt", "dbt_version": "1.11.11", "profile_name": "weather_analytics", "target_name": "dev", "connection_name": "list_analytics_weather_intermediate"} */
select
      'analytics' as database,
      table_name as name,
      table_schema as schema,
      CASE table_type
        WHEN 'BASE TABLE' THEN 'table'
        WHEN 'VIEW' THEN 'view'
        WHEN 'LOCAL TEMPORARY' THEN 'table'
        END as type
    from system.information_schema.tables
    where lower(table_schema) = 'weather_intermediate'
    and lower(table_catalog) = 'analytics'
  
[0m13:35:08.142478 [debug] [ThreadPool]: On list_analytics_weather_dbt_test__audit: /* {"app": "dbt", "dbt_version": "1.11.11", "profile_name": "weather_analytics", "target_name": "dev", "connection_name": "list_analytics_weather_dbt_test__audit"} */
select
      'analytics' as database,
      table_name as name,
      table_schema as schema,
      CASE table_type
        WHEN 'BASE TABLE' THEN 'table'
        WHEN 'VIEW' THEN 'view'
        WHEN 'LOCAL TEMPORARY' THEN 'table'
        END as type
    from system.information_schema.tables
    where lower(table_schema) = 'weather_dbt_test__audit'
    and lower(table_catalog) = 'analytics'
  
[0m13:35:08.144477 [debug] [ThreadPool]: On list_analytics_weather_marts: /* {"app": "dbt", "dbt_version": "1.11.11", "profile_name": "weather_analytics", "target_name": "dev", "connection_name": "list_analytics_weather_marts"} */
select
      'analytics' as database,
      table_name as name,
      table_schema as schema,
      CASE table_type
        WHEN 'BASE TABLE' THEN 'table'
        WHEN 'VIEW' THEN 'view'
        WHEN 'LOCAL TEMPORARY' THEN 'table'
        END as type
    from system.information_schema.tables
    where lower(table_schema) = 'weather_marts'
    and lower(table_catalog) = 'analytics'
  
[0m13:35:08.184430 [debug] [ThreadPool]: SQL status: OK in 0.037 seconds
[0m13:35:08.186016 [debug] [ThreadPool]: SQL status: OK in 0.038 seconds
[0m13:35:08.187613 [debug] [ThreadPool]: SQL status: OK in 0.046 seconds
[0m13:35:08.187613 [debug] [ThreadPool]: SQL status: OK in 0.042 seconds
[0m13:35:08.198875 [debug] [ThreadPool]: On list_analytics_weather_dbt_test__audit: ROLLBACK
[0m13:35:08.201883 [debug] [ThreadPool]: On list_analytics_weather_marts: ROLLBACK
[0m13:35:08.203889 [debug] [ThreadPool]: On list_analytics_weather_staging: ROLLBACK
[0m13:35:08.207217 [debug] [ThreadPool]: On list_analytics_weather_intermediate: ROLLBACK
[0m13:35:08.211872 [debug] [ThreadPool]: Failed to rollback 'list_analytics_weather_dbt_test__audit'
[0m13:35:08.212942 [debug] [ThreadPool]: Failed to rollback 'list_analytics_weather_marts'
[0m13:35:08.213961 [debug] [ThreadPool]: On list_analytics_weather_dbt_test__audit: Close
[0m13:35:08.215246 [debug] [ThreadPool]: Failed to rollback 'list_analytics_weather_staging'
[0m13:35:08.216536 [debug] [ThreadPool]: Failed to rollback 'list_analytics_weather_intermediate'
[0m13:35:08.217770 [debug] [ThreadPool]: On list_analytics_weather_marts: Close
[0m13:35:08.220131 [debug] [ThreadPool]: On list_analytics_weather_staging: Close
[0m13:35:08.221381 [debug] [ThreadPool]: On list_analytics_weather_intermediate: Close
[0m13:35:08.225321 [debug] [MainThread]: Sending event: {'category': 'dbt', 'action': 'runnable_timing', 'label': '86156224-9182-49a6-bb9d-fc393af26b83', 'context': [<snowplow_tracker.self_describing_json.SelfDescribingJson object at 0x0000023FD7B4BD10>]}
[0m13:35:08.226347 [debug] [MainThread]: Using duckdb connection "master"
[0m13:35:08.227415 [debug] [MainThread]: On master: BEGIN
[0m13:35:08.229417 [debug] [MainThread]: Opening a new connection, currently in state init
[0m13:35:08.230420 [debug] [MainThread]: SQL status: OK in 0.002 seconds
[0m13:35:08.232769 [debug] [MainThread]: On master: COMMIT
[0m13:35:08.233750 [debug] [MainThread]: Using duckdb connection "master"
[0m13:35:08.233750 [debug] [MainThread]: On master: COMMIT
[0m13:35:08.236300 [debug] [MainThread]: SQL status: OK in 0.000 seconds
[0m13:35:08.237279 [debug] [MainThread]: On master: Close
[0m13:35:08.250522 [debug] [Thread-1 (]: Began running node model.weather_analytics.stg_weather
[0m13:35:08.252574 [info ] [Thread-1 (]: 1 of 1 START sql view model weather_staging.stg_weather ........................ [RUN]
[0m13:35:08.253895 [debug] [Thread-1 (]: Acquiring new duckdb connection 'model.weather_analytics.stg_weather'
[0m13:35:08.255242 [debug] [Thread-1 (]: Began compiling node model.weather_analytics.stg_weather
[0m13:35:08.277574 [debug] [Thread-1 (]: Writing injected SQL for node "model.weather_analytics.stg_weather"
[0m13:35:08.281590 [debug] [Thread-1 (]: Began executing node model.weather_analytics.stg_weather
[0m13:35:08.352157 [debug] [Thread-1 (]: Writing runtime sql for node "model.weather_analytics.stg_weather"
[0m13:35:08.355174 [debug] [Thread-1 (]: Using duckdb connection "model.weather_analytics.stg_weather"
[0m13:35:08.356151 [debug] [Thread-1 (]: On model.weather_analytics.stg_weather: BEGIN
[0m13:35:08.357551 [debug] [Thread-1 (]: Opening a new connection, currently in state init
[0m13:35:08.359550 [debug] [Thread-1 (]: SQL status: OK in 0.002 seconds
[0m13:35:08.361550 [debug] [Thread-1 (]: Using duckdb connection "model.weather_analytics.stg_weather"
[0m13:35:08.362548 [debug] [Thread-1 (]: On model.weather_analytics.stg_weather: /* {"app": "dbt", "dbt_version": "1.11.11", "profile_name": "weather_analytics", "target_name": "dev", "node_id": "model.weather_analytics.stg_weather"} */

  
  create view "analytics"."weather_staging"."stg_weather__dbt_tmp" as (
    ﻿

SELECT 
    city,
    temperature_celsius,
    humidity,
    pressure,
    wind_speed,
    weather_main,
    weather_description,
    observation_time,
    'sample' as ingestion_id,
    CURRENT_TIMESTAMP() as processed_time
FROM "weather"."weather"."weather_gold"
WHERE is_valid = TRUE
  );

[0m13:35:08.365652 [debug] [Thread-1 (]: DuckDB adapter: duckdb error: Binder Error: Catalog "weather" does not exist!
[0m13:35:08.367717 [debug] [Thread-1 (]: DuckDB adapter: Error running SQL: /* {"app": "dbt", "dbt_version": "1.11.11", "profile_name": "weather_analytics", "target_name": "dev", "node_id": "model.weather_analytics.stg_weather"} */

  
  create view "analytics"."weather_staging"."stg_weather__dbt_tmp" as (
    ﻿

SELECT 
    city,
    temperature_celsius,
    humidity,
    pressure,
    wind_speed,
    weather_main,
    weather_description,
    observation_time,
    'sample' as ingestion_id,
    CURRENT_TIMESTAMP() as processed_time
FROM "weather"."weather"."weather_gold"
WHERE is_valid = TRUE
  );

[0m13:35:08.368715 [debug] [Thread-1 (]: DuckDB adapter: Rolling back transaction.
[0m13:35:08.369716 [debug] [Thread-1 (]: On model.weather_analytics.stg_weather: ROLLBACK
[0m13:35:08.377398 [debug] [Thread-1 (]: Failed to rollback 'model.weather_analytics.stg_weather'
[0m13:35:08.378396 [debug] [Thread-1 (]: On model.weather_analytics.stg_weather: Close
[0m13:35:08.399553 [debug] [Thread-1 (]: Runtime Error in model stg_weather (models\staging\stg_weather.sql)
  Binder Error: Catalog "weather" does not exist!
[0m13:35:08.405936 [debug] [Thread-1 (]: Sending event: {'category': 'dbt', 'action': 'run_model', 'label': '86156224-9182-49a6-bb9d-fc393af26b83', 'context': [<snowplow_tracker.self_describing_json.SelfDescribingJson object at 0x0000023FDBB4A310>]}
[0m13:35:08.406924 [error] [Thread-1 (]: 1 of 1 ERROR creating sql view model weather_staging.stg_weather ............... [[31mERROR[0m in 0.15s]
[0m13:35:08.408921 [debug] [Thread-1 (]: Finished running node model.weather_analytics.stg_weather
[0m13:35:08.411218 [debug] [Thread-7 (]: Marking all children of 'model.weather_analytics.stg_weather' to be skipped because of status 'error'.  Reason: Runtime Error in model stg_weather (models\staging\stg_weather.sql)
  Binder Error: Catalog "weather" does not exist!.
[0m13:35:08.415041 [debug] [MainThread]: Using duckdb connection "master"
[0m13:35:08.416043 [debug] [MainThread]: On master: BEGIN
[0m13:35:08.418383 [debug] [MainThread]: Opening a new connection, currently in state closed
[0m13:35:08.420383 [debug] [MainThread]: SQL status: OK in 0.002 seconds
[0m13:35:08.422380 [debug] [MainThread]: On master: COMMIT
[0m13:35:08.423385 [debug] [MainThread]: Using duckdb connection "master"
[0m13:35:08.424380 [debug] [MainThread]: On master: COMMIT
[0m13:35:08.426707 [debug] [MainThread]: SQL status: OK in 0.000 seconds
[0m13:35:08.427723 [debug] [MainThread]: On master: Close
[0m13:35:08.429701 [debug] [MainThread]: Connection 'master' was properly closed.
[0m13:35:08.431761 [debug] [MainThread]: Connection 'create_analytics_weather_staging' was properly closed.
[0m13:35:08.432816 [debug] [MainThread]: Connection 'list_analytics_weather_staging' was properly closed.
[0m13:35:08.433843 [debug] [MainThread]: Connection 'list_analytics_weather_intermediate' was properly closed.
[0m13:35:08.434838 [debug] [MainThread]: Connection 'list_analytics_weather_dbt_test__audit' was properly closed.
[0m13:35:08.436832 [debug] [MainThread]: Connection 'list_analytics_weather_marts' was properly closed.
[0m13:35:08.437828 [debug] [MainThread]: Connection 'model.weather_analytics.stg_weather' was properly closed.
[0m13:35:08.438826 [info ] [MainThread]: 
[0m13:35:08.440830 [info ] [MainThread]: Finished running 1 view model in 0 hours 0 minutes and 1.10 seconds (1.10s).
[0m13:35:08.442821 [debug] [MainThread]: Command end result
[0m13:35:08.630139 [debug] [MainThread]: Wrote artifact WritableManifest to C:\Users\Shank\PROJECT-CS\data engineering\weather-data-platform\dbt_weather\target\manifest.json
[0m13:35:08.640447 [debug] [MainThread]: Wrote artifact SemanticManifest to C:\Users\Shank\PROJECT-CS\data engineering\weather-data-platform\dbt_weather\target\semantic_manifest.json
[0m13:35:08.656476 [debug] [MainThread]: Wrote artifact RunExecutionResult to C:\Users\Shank\PROJECT-CS\data engineering\weather-data-platform\dbt_weather\target\run_results.json
[0m13:35:08.658444 [info ] [MainThread]: 
[0m13:35:08.659741 [info ] [MainThread]: [31mCompleted with 1 error, 0 partial successes, and 0 warnings:[0m
[0m13:35:08.661948 [info ] [MainThread]: 
[0m13:35:08.664167 [error] [MainThread]: [31mFailure in model stg_weather (models\staging\stg_weather.sql)[0m
[0m13:35:08.666168 [error] [MainThread]:   Runtime Error in model stg_weather (models\staging\stg_weather.sql)
  Binder Error: Catalog "weather" does not exist!
[0m13:35:08.668171 [info ] [MainThread]: 
[0m13:35:08.670255 [info ] [MainThread]:   compiled code at target\compiled\weather_analytics\models\staging\stg_weather.sql
[0m13:35:08.672353 [info ] [MainThread]: 
[0m13:35:08.674455 [info ] [MainThread]: Done. PASS=0 WARN=0 ERROR=1 SKIP=0 NO-OP=0 TOTAL=1
[0m13:35:08.677626 [warn ] [MainThread]: [[33mWARNING[0m][DeprecationsSummary]: Deprecated functionality
Summary of encountered deprecations:
- MissingArgumentsPropertyInGenericTestDeprecation: 54 occurrences
To see all deprecation instances instead of just the first occurrence of each,
run command again with the `--show-all-deprecations` flag. You may also need to
run with `--no-partial-parse` as some deprecations are only encountered during
parsing.
[0m13:35:08.683099 [debug] [MainThread]: Command `dbt run` failed at 13:35:08.683099 after 13.53 seconds
[0m13:35:08.685127 [debug] [MainThread]: Sending event: {'category': 'dbt', 'action': 'invocation', 'label': 'end', 'context': [<snowplow_tracker.self_describing_json.SelfDescribingJson object at 0x0000023FD8B074D0>, <snowplow_tracker.self_describing_json.SelfDescribingJson object at 0x0000023FD8B07490>, <snowplow_tracker.self_describing_json.SelfDescribingJson object at 0x0000023FDA40CA10>]}
[0m13:35:08.688445 [debug] [MainThread]: Flushing usage events
[0m13:35:10.761492 [debug] [MainThread]: An error was encountered while trying to flush usage events
[0m13:41:44.632760 [debug] [MainThread]: Sending event: {'category': 'dbt', 'action': 'invocation', 'label': 'start', 'context': [<snowplow_tracker.self_describing_json.SelfDescribingJson object at 0x000002609EB66F10>, <snowplow_tracker.self_describing_json.SelfDescribingJson object at 0x000002609E80BD90>, <snowplow_tracker.self_describing_json.SelfDescribingJson object at 0x000002609EB64290>]}


============================== 13:41:44.647031 | 3de63718-6e50-4781-9388-1ce72899f70d ==============================
[0m13:41:44.647031 [info ] [MainThread]: Running with dbt=1.11.11
[0m13:41:44.651284 [debug] [MainThread]: running dbt with arguments {'version_check': 'True', 'no_print': 'None', 'static_parser': 'True', 'target_path': 'None', 'warn_error_options': 'WarnErrorOptionsV2(error=[], warn=[], silence=[])', 'printer_width': '80', 'write_json': 'True', 'empty': 'None', 'log_cache_events': 'False', 'introspect': 'True', 'cache_selected_only': 'False', 'fail_fast': 'False', 'debug': 'False', 'log_format': 'default', 'partial_parse': 'True', 'send_anonymous_usage_stats': 'True', 'quiet': 'False', 'warn_error': 'None', 'profiles_dir': 'C:\\Users\\Shank\\PROJECT-CS\\data engineering\\weather-data-platform\\dbt_weather', 'indirect_selection': 'eager', 'use_colors': 'True', 'invocation_command': 'dbt debug', 'use_experimental_parser': 'False', 'log_path': 'C:\\Users\\Shank\\PROJECT-CS\\data engineering\\weather-data-platform\\dbt_weather\\logs'}
[0m13:41:44.719858 [info ] [MainThread]: dbt version: 1.11.11
[0m13:41:44.723156 [info ] [MainThread]: python version: 3.11.7
[0m13:41:44.725157 [info ] [MainThread]: python path: C:\Users\Shank\anaconda3\python.exe
[0m13:41:44.727306 [info ] [MainThread]: os info: Windows-10-10.0.26200-SP0
[0m13:41:48.353406 [debug] [MainThread]: Spark adapter: Setting pyhive.hive logging to ERROR
[0m13:41:48.355406 [debug] [MainThread]: Spark adapter: Setting thrift.transport logging to ERROR
[0m13:41:48.356406 [debug] [MainThread]: Spark adapter: Setting thrift.protocol logging to ERROR
[0m13:41:51.605774 [info ] [MainThread]: Using profiles dir at C:\Users\Shank\PROJECT-CS\data engineering\weather-data-platform\dbt_weather
[0m13:41:51.606751 [info ] [MainThread]: Using profiles.yml file at C:\Users\Shank\PROJECT-CS\data engineering\weather-data-platform\dbt_weather\profiles.yml
[0m13:41:51.608748 [info ] [MainThread]: Using dbt_project.yml file at C:\Users\Shank\PROJECT-CS\data engineering\weather-data-platform\dbt_weather\dbt_project.yml
[0m13:41:51.610764 [info ] [MainThread]: adapter type: databricks
[0m13:41:51.612754 [info ] [MainThread]: adapter version: 1.12.1
[0m13:41:51.977154 [info ] [MainThread]: Configuration:
[0m13:41:51.979154 [info ] [MainThread]:   profiles.yml file [[32mOK found and valid[0m]
[0m13:41:51.981135 [info ] [MainThread]:   dbt_project.yml file [[32mOK found and valid[0m]
[0m13:41:51.983138 [info ] [MainThread]: Required dependencies:
[0m13:41:51.984127 [debug] [MainThread]: Executing "git --help"
[0m13:41:52.076428 [debug] [MainThread]: STDOUT: "b"usage: git [-v | --version] [-h | --help] [-C <path>] [-c <name>=<value>]\n           [--exec-path[=<path>]] [--html-path] [--man-path] [--info-path]\n           [-p | --paginate | -P | --no-pager] [--no-replace-objects] [--bare]\n           [--git-dir=<path>] [--work-tree=<path>] [--namespace=<name>]\n           [--config-env=<name>=<envvar>] <command> [<args>]\n\nThese are common Git commands used in various situations:\n\nstart a working area (see also: git help tutorial)\n   clone     Clone a repository into a new directory\n   init      Create an empty Git repository or reinitialize an existing one\n\nwork on the current change (see also: git help everyday)\n   add       Add file contents to the index\n   mv        Move or rename a file, a directory, or a symlink\n   restore   Restore working tree files\n   rm        Remove files from the working tree and from the index\n\nexamine the history and state (see also: git help revisions)\n   bisect    Use binary search to find the commit that introduced a bug\n   diff      Show changes between commits, commit and working tree, etc\n   grep      Print lines matching a pattern\n   log       Show commit logs\n   show      Show various types of objects\n   status    Show the working tree status\n\ngrow, mark and tweak your common history\n   branch    List, create, or delete branches\n   commit    Record changes to the repository\n   merge     Join two or more development histories together\n   rebase    Reapply commits on top of another base tip\n   reset     Reset current HEAD to the specified state\n   switch    Switch branches\n   tag       Create, list, delete or verify a tag object signed with GPG\n\ncollaborate (see also: git help workflows)\n   fetch     Download objects and refs from another repository\n   pull      Fetch from and integrate with another repository or a local branch\n   push      Update remote refs along with associated objects\n\n'git help -a' and 'git help -g' list available subcommands and some\nconcept guides. See 'git help <command>' or 'git help <concept>'\nto read about a specific subcommand or concept.\nSee 'git help git' for an overview of the system.\n""
[0m13:41:52.078431 [debug] [MainThread]: STDERR: "b''"
[0m13:41:52.079429 [info ] [MainThread]:  - git [[32mOK found[0m]

[0m13:41:52.081426 [info ] [MainThread]: Connection:
[0m13:41:52.083425 [info ] [MainThread]:   host: dbc-4a76875b-2400.cloud.databricks.com
[0m13:41:52.084433 [info ] [MainThread]:   http_path: /sql/1.0/warehouses/ea2ca24bc84d3cbe
[0m13:41:52.086432 [info ] [MainThread]:   catalog: weather
[0m13:41:52.088432 [info ] [MainThread]:   schema: bronze
[0m13:41:52.091437 [info ] [MainThread]: Registered adapter: databricks=1.12.1
[0m13:41:53.585321 [debug] [MainThread]: Databricks adapter: DatabricksDBTConnection(session-id=None, name=debug) - Creating connection
[0m13:41:53.586883 [debug] [MainThread]: Acquiring new databricks connection 'debug'
[0m13:41:59.239977 [info ] [MainThread]: Databricks adapter:   SPOG host (host_type='workspace'): no
[0m13:41:59.242324 [info ] [MainThread]: Databricks adapter:   workspace_id (from ?o= in http_path): None
[0m13:41:59.245842 [info ] [MainThread]: Databricks adapter:   databricks-sql-connector version: 4.2.6 (supported)
[0m13:41:59.248679 [info ] [MainThread]: Databricks adapter:   databricks-sdk version: 0.104.0 (supported)
[0m13:41:59.250677 [debug] [MainThread]: Using databricks connection "debug"
[0m13:41:59.252675 [debug] [MainThread]: On debug: select 1 as id
[0m13:41:59.255191 [debug] [MainThread]: Opening a new connection, currently in state init
[0m13:42:08.468754 [debug] [MainThread]: Databricks adapter: Connection(session-id=01f171ff-e40b-1c20-b097-d9d45e0b7338) - Created
[0m13:42:24.991615 [debug] [MainThread]: SQL status: OK in 25.740 seconds
[0m13:42:24.995614 [debug] [MainThread]: Databricks adapter: Cursor(session-id=01f171ff-e40b-1c20-b097-d9d45e0b7338, command-id=01f171ff-e5a9-1bb9-924f-3e7018f5493e) - Closing
[0m13:42:25.501135 [debug] [MainThread]: On debug: Close
[0m13:42:25.503174 [debug] [MainThread]: Databricks adapter: Connection(session-id=01f171ff-e40b-1c20-b097-d9d45e0b7338) - Closing
[0m13:42:25.896554 [info ] [MainThread]:   Connection test: [[32mOK connection ok[0m]

[0m13:42:25.898574 [info ] [MainThread]: [32mAll checks passed![0m
[0m13:42:25.904752 [debug] [MainThread]: Command `dbt debug` succeeded at 13:42:25.903748 after 41.63 seconds
[0m13:42:25.906753 [debug] [MainThread]: Sending event: {'category': 'dbt', 'action': 'invocation', 'label': 'end', 'context': [<snowplow_tracker.self_describing_json.SelfDescribingJson object at 0x000002609EB57510>, <snowplow_tracker.self_describing_json.SelfDescribingJson object at 0x000002609EB57790>, <snowplow_tracker.self_describing_json.SelfDescribingJson object at 0x000002609EB574D0>]}
[0m13:42:25.908746 [debug] [MainThread]: Flushing usage events
[0m13:42:28.099785 [debug] [MainThread]: An error was encountered while trying to flush usage events
[0m13:44:01.264076 [debug] [MainThread]: Sending event: {'category': 'dbt', 'action': 'invocation', 'label': 'start', 'context': [<snowplow_tracker.self_describing_json.SelfDescribingJson object at 0x0000020552034E10>, <snowplow_tracker.self_describing_json.SelfDescribingJson object at 0x0000020552035A10>, <snowplow_tracker.self_describing_json.SelfDescribingJson object at 0x0000020552034390>]}


============================== 13:44:01.273610 | 61dd1a4d-db79-433f-b17b-063be1839159 ==============================
[0m13:44:01.273610 [info ] [MainThread]: Running with dbt=1.11.11
[0m13:44:01.275643 [debug] [MainThread]: running dbt with arguments {'static_parser': 'True', 'no_print': 'None', 'version_check': 'True', 'target_path': 'None', 'warn_error_options': 'WarnErrorOptionsV2(error=[], warn=[], silence=[])', 'printer_width': '80', 'write_json': 'True', 'introspect': 'True', 'log_cache_events': 'False', 'empty': 'False', 'cache_selected_only': 'False', 'log_format': 'default', 'debug': 'False', 'fail_fast': 'False', 'partial_parse': 'True', 'send_anonymous_usage_stats': 'True', 'quiet': 'False', 'warn_error': 'None', 'profiles_dir': 'C:\\Users\\Shank\\PROJECT-CS\\data engineering\\weather-data-platform\\dbt_weather', 'use_colors': 'True', 'invocation_command': 'dbt run --select staging', 'indirect_selection': 'eager', 'use_experimental_parser': 'False', 'log_path': 'C:\\Users\\Shank\\PROJECT-CS\\data engineering\\weather-data-platform\\dbt_weather\\logs'}
[0m13:44:04.402488 [debug] [MainThread]: Spark adapter: Setting pyhive.hive logging to ERROR
[0m13:44:04.405007 [debug] [MainThread]: Spark adapter: Setting thrift.transport logging to ERROR
[0m13:44:04.406985 [debug] [MainThread]: Spark adapter: Setting thrift.protocol logging to ERROR
[0m13:44:08.735118 [debug] [MainThread]: Sending event: {'category': 'dbt', 'action': 'project_id', 'label': '61dd1a4d-db79-433f-b17b-063be1839159', 'context': [<snowplow_tracker.self_describing_json.SelfDescribingJson object at 0x000002056DB296D0>]}
[0m13:44:09.000368 [debug] [MainThread]: Sending event: {'category': 'dbt', 'action': 'adapter_info', 'label': '61dd1a4d-db79-433f-b17b-063be1839159', 'context': [<snowplow_tracker.self_describing_json.SelfDescribingJson object at 0x000002055483F8D0>]}
[0m13:44:09.003504 [info ] [MainThread]: Registered adapter: databricks=1.12.1
[0m13:44:10.852442 [debug] [MainThread]: checksum: 30a8cc8fdcbf66701b0944d4ccce3fa46dd04b61e5df68b9f16d57b2e0e3f0be, vars: {}, profile: , target: , version: 1.11.11
[0m13:44:11.436293 [info ] [MainThread]: Unable to do partial parsing because profile has changed
[0m13:44:11.438272 [info ] [MainThread]: Unable to do partial parsing because a project dependency has been added
[0m13:44:11.440396 [debug] [MainThread]: Sending event: {'category': 'dbt', 'action': 'partial_parser', 'label': '61dd1a4d-db79-433f-b17b-063be1839159', 'context': [<snowplow_tracker.self_describing_json.SelfDescribingJson object at 0x000002055108C610>]}
[0m13:44:11.540954 [warn ] [MainThread]: [[33mWARNING[0m][PropertyMovedToConfigDeprecation]: Deprecated functionality
Found `meta` as a top-level property of `models[0]` in file
`models\marts\schema.yml`. The `meta` top-level property should be moved into
the `config` of `models[0]`.
[0m13:44:11.543955 [debug] [MainThread]: Sending event: {'category': 'dbt', 'action': 'deprecation', 'label': '61dd1a4d-db79-433f-b17b-063be1839159', 'property_': 'warn', 'context': [<snowplow_tracker.self_describing_json.SelfDescribingJson object at 0x000002056EEC5550>]}
[0m13:44:18.885719 [warn ] [MainThread]: [[33mWARNING[0m][MissingArgumentsPropertyInGenericTestDeprecation]: Deprecated
functionality
Found top-level arguments to test `dbt_utils.accepted_range` defined on
'int_weather_metrics' in package 'weather_analytics'
(models\intermediate\schema.yml). Arguments to generic tests should be nested
under the `arguments` property.
[0m13:44:18.886755 [debug] [MainThread]: Sending event: {'category': 'dbt', 'action': 'deprecation', 'label': '61dd1a4d-db79-433f-b17b-063be1839159', 'property_': 'warn', 'context': [<snowplow_tracker.self_describing_json.SelfDescribingJson object at 0x000002056F4D3A90>]}
[0m13:44:21.333015 [warn ] [MainThread]: [[33mWARNING[0m]: Configuration paths exist in your dbt_project.yml file which do not apply to any resources.
There are 2 unused configuration paths:
- seeds
- snapshots
[0m13:44:21.381849 [debug] [MainThread]: Sending event: {'category': 'dbt', 'action': 'load_project', 'label': '61dd1a4d-db79-433f-b17b-063be1839159', 'context': [<snowplow_tracker.self_describing_json.SelfDescribingJson object at 0x000002056F69FF50>]}
[0m13:44:21.836483 [debug] [MainThread]: Wrote artifact WritableManifest to C:\Users\Shank\PROJECT-CS\data engineering\weather-data-platform\dbt_weather\target\manifest.json
[0m13:44:21.843502 [debug] [MainThread]: Wrote artifact SemanticManifest to C:\Users\Shank\PROJECT-CS\data engineering\weather-data-platform\dbt_weather\target\semantic_manifest.json
[0m13:44:21.913498 [debug] [MainThread]: Sending event: {'category': 'dbt', 'action': 'resource_counts', 'label': '61dd1a4d-db79-433f-b17b-063be1839159', 'context': [<snowplow_tracker.self_describing_json.SelfDescribingJson object at 0x000002056F8C5310>]}
[0m13:44:21.916493 [info ] [MainThread]: Found 14 models, 192 data tests, 2 sources, 894 macros
[0m13:44:21.918497 [debug] [MainThread]: Sending event: {'category': 'dbt', 'action': 'runnable_timing', 'label': '61dd1a4d-db79-433f-b17b-063be1839159', 'context': [<snowplow_tracker.self_describing_json.SelfDescribingJson object at 0x000002056F7CF9D0>]}
[0m13:44:21.929879 [info ] [MainThread]: 
[0m13:44:21.931876 [info ] [MainThread]: Concurrency: 4 threads (target='dev')
[0m13:44:21.933881 [info ] [MainThread]: 
[0m13:44:21.936152 [debug] [MainThread]: Databricks adapter: DatabricksDBTConnection(session-id=None, name=master) - Creating connection
[0m13:44:21.939442 [debug] [MainThread]: Acquiring new databricks connection 'master'
[0m13:44:21.943436 [debug] [ThreadPool]: Databricks adapter: DatabricksDBTConnection(session-id=None, name=list_weather) - Creating connection
[0m13:44:21.944436 [debug] [ThreadPool]: Acquiring new databricks connection 'list_weather'
[0m13:44:21.987136 [debug] [ThreadPool]: Using databricks connection "list_weather"
[0m13:44:21.989349 [debug] [ThreadPool]: On list_weather: /* {"app": "dbt", "dbt_version": "1.11.11", "dbt_databricks_version": "1.12.1", "databricks_sql_connector_version": "4.2.6", "profile_name": "weather_analytics", "target_name": "dev", "invocation_id": "61dd1a4d-db79-433f-b17b-063be1839159", "connection_name": "list_weather"} */

    

  SHOW SCHEMAS IN `weather`


  
[0m13:44:21.991513 [debug] [ThreadPool]: Opening a new connection, currently in state init
[0m13:44:33.813806 [debug] [ThreadPool]: Databricks adapter: Connection(session-id=01f17200-3ad2-13fc-8e19-2f4a7c4ae5bd) - Created
[0m13:44:35.654658 [debug] [ThreadPool]: SQL status: OK in 13.660 seconds
[0m13:44:35.675882 [debug] [ThreadPool]: Databricks adapter: Cursor(session-id=01f17200-3ad2-13fc-8e19-2f4a7c4ae5bd, command-id=01f17200-3c4d-1876-820b-afb62db224cb) - Closing
[0m13:44:35.678004 [debug] [ThreadPool]: On list_weather: Close
[0m13:44:35.680006 [debug] [ThreadPool]: Databricks adapter: Connection(session-id=01f17200-3ad2-13fc-8e19-2f4a7c4ae5bd) - Closing
[0m13:44:36.039922 [debug] [ThreadPool]: Databricks adapter: DatabricksDBTConnection(session-id=None, name=create_weather_bronze_staging) - Creating connection
[0m13:44:36.041934 [debug] [ThreadPool]: Acquiring new databricks connection 'create_weather_bronze_staging'
[0m13:44:36.044394 [debug] [ThreadPool]: Creating schema "database: "weather"
schema: "bronze_staging"
"
[0m13:44:36.057275 [debug] [ThreadPool]: Using databricks connection "create_weather_bronze_staging"
[0m13:44:36.059432 [debug] [ThreadPool]: On create_weather_bronze_staging: /* {"app": "dbt", "dbt_version": "1.11.11", "dbt_databricks_version": "1.12.1", "databricks_sql_connector_version": "4.2.6", "profile_name": "weather_analytics", "target_name": "dev", "invocation_id": "61dd1a4d-db79-433f-b17b-063be1839159", "connection_name": "create_weather_bronze_staging"} */
create schema if not exists `weather`.`bronze_staging`
  
[0m13:44:36.060431 [debug] [ThreadPool]: Opening a new connection, currently in state init
[0m13:44:41.004512 [debug] [ThreadPool]: Databricks adapter: Connection(session-id=01f17200-3fdb-169a-883a-079c277efa0b) - Created
[0m13:44:42.185922 [debug] [ThreadPool]: SQL status: OK in 6.120 seconds
[0m13:44:42.188922 [debug] [ThreadPool]: Databricks adapter: Cursor(session-id=01f17200-3fdb-169a-883a-079c277efa0b, command-id=01f17200-4096-1529-9f62-f15bdf4f0c2f) - Closing
[0m13:44:42.189947 [debug] [ThreadPool]: On create_weather_bronze_staging: Close
[0m13:44:42.191859 [debug] [ThreadPool]: Databricks adapter: Connection(session-id=01f17200-3fdb-169a-883a-079c277efa0b) - Closing
[0m13:44:42.591419 [debug] [ThreadPool]: Databricks adapter: DatabricksDBTConnection(session-id=None, name=list_weather_bronze_staging) - Creating connection
[0m13:44:42.593430 [debug] [ThreadPool]: Databricks adapter: DatabricksDBTConnection(session-id=None, name=list_weather_bronze_intermediate) - Creating connection
[0m13:44:42.594415 [debug] [ThreadPool]: Acquiring new databricks connection 'list_weather_bronze_staging'
[0m13:44:42.595408 [debug] [ThreadPool]: Databricks adapter: DatabricksDBTConnection(session-id=None, name=list_weather_bronze_dbt_test__audit) - Creating connection
[0m13:44:42.597410 [debug] [ThreadPool]: Acquiring new databricks connection 'list_weather_bronze_intermediate'
[0m13:44:42.598410 [debug] [ThreadPool]: Databricks adapter: DatabricksDBTConnection(session-id=None, name=list_weather_bronze_marts) - Creating connection
[0m13:44:42.620218 [debug] [ThreadPool]: Using databricks connection "list_weather_bronze_staging"
[0m13:44:42.621581 [debug] [ThreadPool]: Acquiring new databricks connection 'list_weather_bronze_dbt_test__audit'
[0m13:44:42.628637 [debug] [ThreadPool]: Using databricks connection "list_weather_bronze_intermediate"
[0m13:44:42.629615 [debug] [ThreadPool]: Acquiring new databricks connection 'list_weather_bronze_marts'
[0m13:44:42.630969 [debug] [ThreadPool]: On list_weather_bronze_staging: /* {"app": "dbt", "dbt_version": "1.11.11", "dbt_databricks_version": "1.12.1", "databricks_sql_connector_version": "4.2.6", "profile_name": "weather_analytics", "target_name": "dev", "invocation_id": "61dd1a4d-db79-433f-b17b-063be1839159", "connection_name": "list_weather_bronze_staging"} */

    
SELECT
  table_name,
  if(table_type IN ('EXTERNAL', 'MANAGED', 'MANAGED_SHALLOW_CLONE', 'EXTERNAL_SHALLOW_CLONE'), 'table', lower(table_type)) AS table_type,
  lower(data_source_format) AS file_format,
  table_owner,
  if(
    table_type IN (
      'EXTERNAL',
      'MANAGED',
      'MANAGED_SHALLOW_CLONE',
      'EXTERNAL_SHALLOW_CLONE'
    ),
    lower(table_type),
    NULL
  ) AS databricks_table_type
FROM `system`.`information_schema`.`tables`
WHERE table_catalog = 'weather'
  AND table_schema = 'bronze_staging'

  
[0m13:44:42.636987 [debug] [ThreadPool]: Using databricks connection "list_weather_bronze_dbt_test__audit"
[0m13:44:42.639024 [debug] [ThreadPool]: On list_weather_bronze_intermediate: /* {"app": "dbt", "dbt_version": "1.11.11", "dbt_databricks_version": "1.12.1", "databricks_sql_connector_version": "4.2.6", "profile_name": "weather_analytics", "target_name": "dev", "invocation_id": "61dd1a4d-db79-433f-b17b-063be1839159", "connection_name": "list_weather_bronze_intermediate"} */

    
SELECT
  table_name,
  if(table_type IN ('EXTERNAL', 'MANAGED', 'MANAGED_SHALLOW_CLONE', 'EXTERNAL_SHALLOW_CLONE'), 'table', lower(table_type)) AS table_type,
  lower(data_source_format) AS file_format,
  table_owner,
  if(
    table_type IN (
      'EXTERNAL',
      'MANAGED',
      'MANAGED_SHALLOW_CLONE',
      'EXTERNAL_SHALLOW_CLONE'
    ),
    lower(table_type),
    NULL
  ) AS databricks_table_type
FROM `system`.`information_schema`.`tables`
WHERE table_catalog = 'weather'
  AND table_schema = 'bronze_intermediate'

  
[0m13:44:42.644884 [debug] [ThreadPool]: Using databricks connection "list_weather_bronze_marts"
[0m13:44:42.645884 [debug] [ThreadPool]: Opening a new connection, currently in state init
[0m13:44:42.647868 [debug] [ThreadPool]: On list_weather_bronze_dbt_test__audit: /* {"app": "dbt", "dbt_version": "1.11.11", "dbt_databricks_version": "1.12.1", "databricks_sql_connector_version": "4.2.6", "profile_name": "weather_analytics", "target_name": "dev", "invocation_id": "61dd1a4d-db79-433f-b17b-063be1839159", "connection_name": "list_weather_bronze_dbt_test__audit"} */

    
SELECT
  table_name,
  if(table_type IN ('EXTERNAL', 'MANAGED', 'MANAGED_SHALLOW_CLONE', 'EXTERNAL_SHALLOW_CLONE'), 'table', lower(table_type)) AS table_type,
  lower(data_source_format) AS file_format,
  table_owner,
  if(
    table_type IN (
      'EXTERNAL',
      'MANAGED',
      'MANAGED_SHALLOW_CLONE',
      'EXTERNAL_SHALLOW_CLONE'
    ),
    lower(table_type),
    NULL
  ) AS databricks_table_type
FROM `system`.`information_schema`.`tables`
WHERE table_catalog = 'weather'
  AND table_schema = 'bronze_dbt_test__audit'

  
[0m13:44:42.648880 [debug] [ThreadPool]: Opening a new connection, currently in state init
[0m13:44:42.650916 [debug] [ThreadPool]: On list_weather_bronze_marts: /* {"app": "dbt", "dbt_version": "1.11.11", "dbt_databricks_version": "1.12.1", "databricks_sql_connector_version": "4.2.6", "profile_name": "weather_analytics", "target_name": "dev", "invocation_id": "61dd1a4d-db79-433f-b17b-063be1839159", "connection_name": "list_weather_bronze_marts"} */

    
SELECT
  table_name,
  if(table_type IN ('EXTERNAL', 'MANAGED', 'MANAGED_SHALLOW_CLONE', 'EXTERNAL_SHALLOW_CLONE'), 'table', lower(table_type)) AS table_type,
  lower(data_source_format) AS file_format,
  table_owner,
  if(
    table_type IN (
      'EXTERNAL',
      'MANAGED',
      'MANAGED_SHALLOW_CLONE',
      'EXTERNAL_SHALLOW_CLONE'
    ),
    lower(table_type),
    NULL
  ) AS databricks_table_type
FROM `system`.`information_schema`.`tables`
WHERE table_catalog = 'weather'
  AND table_schema = 'bronze_marts'

  
[0m13:44:42.652915 [debug] [ThreadPool]: Opening a new connection, currently in state init
[0m13:44:42.654914 [debug] [ThreadPool]: Opening a new connection, currently in state init
[0m13:44:47.835299 [debug] [ThreadPool]: Databricks adapter: Connection(session-id=01f17200-43f9-13a9-86c6-2e41f7020d32) - Created
[0m13:44:47.836414 [debug] [ThreadPool]: Databricks adapter: Connection(session-id=01f17200-4407-17a4-a878-97e86070ce05) - Created
[0m13:44:47.837587 [debug] [ThreadPool]: Databricks adapter: Connection(session-id=01f17200-4412-19ac-9671-f60a022d19b5) - Created
[0m13:44:47.838589 [debug] [ThreadPool]: Databricks adapter: Connection(session-id=01f17200-441d-18ef-8b35-15a15c7564f7) - Created
[0m13:44:49.998815 [debug] [ThreadPool]: SQL status: OK in 7.350 seconds
[0m13:44:49.999816 [debug] [ThreadPool]: SQL status: OK in 7.340 seconds
[0m13:44:50.001815 [debug] [ThreadPool]: SQL status: OK in 7.350 seconds
[0m13:44:50.008815 [debug] [ThreadPool]: Databricks adapter: Cursor(session-id=01f17200-43f9-13a9-86c6-2e41f7020d32, command-id=01f17200-44aa-1abe-b21b-ef02f8cb762a) - Closing
[0m13:44:50.012965 [debug] [ThreadPool]: Databricks adapter: Cursor(session-id=01f17200-4412-19ac-9671-f60a022d19b5, command-id=01f17200-44ab-115d-ba41-e8a6f9743333) - Closing
[0m13:44:50.016149 [debug] [ThreadPool]: Databricks adapter: Cursor(session-id=01f17200-4407-17a4-a878-97e86070ce05, command-id=01f17200-44aa-177b-8c98-fc4257943c22) - Closing
[0m13:44:50.018173 [debug] [ThreadPool]: On list_weather_bronze_staging: Close
[0m13:44:50.022736 [debug] [ThreadPool]: Databricks adapter: Connection(session-id=01f17200-43f9-13a9-86c6-2e41f7020d32) - Closing
[0m13:44:50.119368 [debug] [ThreadPool]: SQL status: OK in 7.470 seconds
[0m13:44:50.128209 [debug] [ThreadPool]: Databricks adapter: Cursor(session-id=01f17200-441d-18ef-8b35-15a15c7564f7, command-id=01f17200-44aa-19b6-ae41-f0876c7c896b) - Closing
[0m13:44:50.348319 [debug] [ThreadPool]: On list_weather_bronze_marts: Close
[0m13:44:50.349309 [debug] [ThreadPool]: Databricks adapter: Connection(session-id=01f17200-4412-19ac-9671-f60a022d19b5) - Closing
[0m13:44:50.682491 [debug] [ThreadPool]: On list_weather_bronze_intermediate: Close
[0m13:44:50.684492 [debug] [ThreadPool]: Databricks adapter: Connection(session-id=01f17200-4407-17a4-a878-97e86070ce05) - Closing
[0m13:44:51.103752 [debug] [ThreadPool]: On list_weather_bronze_dbt_test__audit: Close
[0m13:44:51.104752 [debug] [ThreadPool]: Databricks adapter: Connection(session-id=01f17200-441d-18ef-8b35-15a15c7564f7) - Closing
[0m13:44:51.443624 [debug] [MainThread]: Sending event: {'category': 'dbt', 'action': 'runnable_timing', 'label': '61dd1a4d-db79-433f-b17b-063be1839159', 'context': [<snowplow_tracker.self_describing_json.SelfDescribingJson object at 0x000002056F644F90>]}
[0m13:44:51.456527 [debug] [Thread-4 (]: Began running node model.weather_analytics.stg_weather
[0m13:44:51.457580 [info ] [Thread-4 (]: 1 of 1 START sql view model bronze_staging.stg_weather ......................... [RUN]
[0m13:44:51.459817 [debug] [Thread-4 (]: Databricks adapter: DatabricksDBTConnection(session-id=None, name=model.weather_analytics.stg_weather) - Creating connection
[0m13:44:51.462277 [debug] [Thread-4 (]: Acquiring new databricks connection 'model.weather_analytics.stg_weather'
[0m13:44:51.463667 [debug] [Thread-4 (]: Began compiling node model.weather_analytics.stg_weather
[0m13:44:51.487146 [debug] [Thread-4 (]: Writing injected SQL for node "model.weather_analytics.stg_weather"
[0m13:44:51.491354 [debug] [Thread-4 (]: Began executing node model.weather_analytics.stg_weather
[0m13:44:51.535074 [debug] [Thread-4 (]: MATERIALIZING VIEW
[0m13:44:51.606595 [debug] [Thread-4 (]: Creating view `weather`.`bronze_staging`.`stg_weather`
[0m13:44:51.634096 [debug] [Thread-4 (]: Writing runtime sql for node "model.weather_analytics.stg_weather"
[0m13:44:51.637115 [debug] [Thread-4 (]: Using databricks connection "model.weather_analytics.stg_weather"
[0m13:44:51.638333 [debug] [Thread-4 (]: On model.weather_analytics.stg_weather: /* {"app": "dbt", "dbt_version": "1.11.11", "dbt_databricks_version": "1.12.1", "databricks_sql_connector_version": "4.2.6", "profile_name": "weather_analytics", "target_name": "dev", "invocation_id": "61dd1a4d-db79-433f-b17b-063be1839159", "node_id": "model.weather_analytics.stg_weather"} */

  
  
  
  create or replace view `weather`.`bronze_staging`.`stg_weather`
  
  as (
    ﻿

SELECT 
    city,
    temperature_celsius,
    humidity,
    pressure,
    wind_speed,
    weather_main,
    weather_description,
    observation_time,
    'sample' as ingestion_id,
    CURRENT_TIMESTAMP() as processed_time
FROM `weather`.`weather`.`weather_gold`
WHERE is_valid = TRUE
  )

[0m13:44:51.640041 [debug] [Thread-4 (]: Opening a new connection, currently in state init
[0m13:44:56.374944 [debug] [Thread-4 (]: Databricks adapter: Connection(session-id=01f17200-4907-1585-b3d8-a88354ee707f) - Created
[0m13:45:17.921198 [debug] [Thread-4 (]: Databricks adapter: Exception while trying to execute query
/* {"app": "dbt", "dbt_version": "1.11.11", "dbt_databricks_version": "1.12.1", "databricks_sql_connector_version": "4.2.6", "profile_name": "weather_analytics", "target_name": "dev", "invocation_id": "61dd1a4d-db79-433f-b17b-063be1839159", "node_id": "model.weather_analytics.stg_weather"} */

  
  
  
  create or replace view `weather`.`bronze_staging`.`stg_weather`
  
  as (
    ﻿

SELECT 
    city,
    temperature_celsius,
    humidity,
    pressure,
    wind_speed,
    weather_main,
    weather_description,
    observation_time,
    'sample' as ingestion_id,
    CURRENT_TIMESTAMP() as processed_time
FROM `weather`.`weather`.`weather_gold`
WHERE is_valid = TRUE
  )

: 
[PARSE_SYNTAX_ERROR] Syntax error at or near '﻿'. SQLSTATE: 42601 (line 9, pos 4)

== SQL ==
/* {"app": "dbt", "dbt_version": "1.11.11", "dbt_databricks_version": "1.12.1", "databricks_sql_connector_version": "4.2.6", "profile_name": "weather_analytics", "target_name": "dev", "invocation_id": "61dd1a4d-db79-433f-b17b-063be1839159", "node_id": "model.weather_analytics.stg_weather"} */

  
  
  
  create or replace view `weather`.`bronze_staging`.`stg_weather`
  
  as (
    ﻿
----^^^

SELECT 
    city,
    temperature_celsius,
    humidity,
    pressure,
    wind_speed,
    weather_main,
    weather_description,
    observation_time,
    'sample' as ingestion_id,
    CURRENT_TIMESTAMP() as processed_time
FROM `weather`.`weather`.`weather_gold`
WHERE is_valid = TRUE
  )

Error properties: diagnostic-info=org.apache.hive.service.cli.HiveSQLException: Error running query: [PARSE_SYNTAX_ERROR] org.apache.spark.sql.catalyst.parser.ParseException: 
[PARSE_SYNTAX_ERROR] Syntax error at or near '﻿'. SQLSTATE: 42601 (line 9, pos 4)

== SQL ==
/* {"app": "dbt", "dbt_version": "1.11.11", "dbt_databricks_version": "1.12.1", "databricks_sql_connector_version": "4.2.6", "profile_name": "weather_analytics", "target_name": "dev", "invocation_id": "61dd1a4d-db79-433f-b17b-063be1839159", "node_id": "model.weather_analytics.stg_weather"} */

  
  
  
  create or replace view `weather`.`bronze_staging`.`stg_weather`
  
  as (
    ﻿
----^^^

SELECT 
    city,
    temperature_celsius,
    humidity,
    pressure,
    wind_speed,
    weather_main,
    weather_description,
    observation_time,
    'sample' as ingestion_id,
    CURRENT_TIMESTAMP() as processed_time
FROM `weather`.`weather`.`weather_gold`
WHERE is_valid = TRUE
  )

	at org.apache.spark.sql.hive.thriftserver.HiveThriftServerErrors$.runningQueryError(HiveThriftServerErrors.scala:58)
	at org.apache.spark.sql.hive.thriftserver.SparkExecuteStatementOperation.$anonfun$execute$1(SparkExecuteStatementOperation.scala:1352)
	at scala.runtime.java8.JFunction0$mcV$sp.apply(JFunction0$mcV$sp.scala:18)
	at com.databricks.unity.UCSEphemeralState$Handle.runWith(UCSEphemeralState.scala:51)
	at com.databricks.unity.HandleImpl.runWith(UCSHandle.scala:128)
	at org.apache.spark.sql.hive.thriftserver.SparkExecuteStatementOperation.org$apache$spark$sql$hive$thriftserver$SparkExecuteStatementOperation$$execute(SparkExecuteStatementOperation.scala:1030)
	at org.apache.spark.sql.hive.thriftserver.SparkExecuteStatementOperation$$anon$2$$anon$3.$anonfun$run$6(SparkExecuteStatementOperation.scala:641)
	at scala.runtime.java8.JFunction0$mcV$sp.apply(JFunction0$mcV$sp.scala:18)
	at org.apache.spark.sql.execution.SQLExecution$.withRootExecution(SQLExecution.scala:1439)
	at org.apache.spark.sql.hive.thriftserver.SparkExecuteStatementOperation$$anon$2$$anon$3.$anonfun$run$3(SparkExecuteStatementOperation.scala:641)
	at scala.runtime.java8.JFunction0$mcV$sp.apply(JFunction0$mcV$sp.scala:18)
	at com.databricks.util.TracingSpanUtils$.withTracing(TracingSpanUtils.scala:251)
	at com.databricks.spark.util.DatabricksTracingHelper.withSpan(DatabricksSparkTracingHelper.scala:154)
	at com.databricks.spark.util.DBRTracing$.withSpan(DBRTracing.scala:87)
	at org.apache.spark.sql.hive.thriftserver.ThriftLocalProperties.$anonfun$withLocalProperties$18(ThriftLocalProperties.scala:366)
	at com.databricks.logging.AttributionContextTracing.$anonfun$withAttributionContext$1(AttributionContextTracing.scala:146)
	at com.databricks.logging.AttributionContext$.$anonfun$withValue$1(AttributionContext.scala:349)
	at scala.util.DynamicVariable.withValue(DynamicVariable.scala:59)
	at com.databricks.logging.AttributionContext$.withValue(AttributionContext.scala:345)
	at com.databricks.logging.AttributionContextTracing.withAttributionContext(AttributionContextTracing.scala:144)
	at com.databricks.logging.AttributionContextTracing.withAttributionContext$(AttributionContextTracing.scala:141)
	at com.databricks.spark.util.PublicDBLogging.withAttributionContext(DatabricksSparkUsageLogger.scala:29)
	at com.databricks.logging.AttributionContextTracing.withAttributionTags(AttributionContextTracing.scala:201)
	at com.databricks.logging.AttributionContextTracing.withAttributionTags$(AttributionContextTracing.scala:182)
	at com.databricks.spark.util.PublicDBLogging.withAttributionTags(DatabricksSparkUsageLogger.scala:29)
	at com.databricks.spark.util.PublicDBLogging.withAttributionTags0(DatabricksSparkUsageLogger.scala:108)
	at com.databricks.spark.util.DatabricksSparkUsageLogger.withAttributionTags(DatabricksSparkUsageLogger.scala:215)
	at com.databricks.spark.util.UsageLogging.$anonfun$withAttributionTags$1(UsageLogger.scala:668)
	at com.databricks.spark.util.UsageLogging$.withAttributionTags(UsageLogger.scala:780)
	at com.databricks.spark.util.UsageLogging$.withAttributionTags(UsageLogger.scala:789)
	at com.databricks.spark.util.UsageLogging.withAttributionTags(UsageLogger.scala:668)
	at com.databricks.spark.util.UsageLogging.withAttributionTags$(UsageLogger.scala:666)
	at org.apache.spark.sql.hive.thriftserver.SparkExecuteStatementOperation.withAttributionTags(SparkExecuteStatementOperation.scala:83)
	at org.apache.spark.sql.hive.thriftserver.ThriftLocalProperties.$anonfun$withLocalProperties$15(ThriftLocalProperties.scala:365)
	at com.databricks.spark.util.IdentityClaim$.withClaim(IdentityClaim.scala:48)
	at org.apache.spark.sql.hive.thriftserver.ThriftLocalProperties.withLocalProperties(ThriftLocalProperties.scala:360)
	at org.apache.spark.sql.hive.thriftserver.ThriftLocalProperties.withLocalProperties$(ThriftLocalProperties.scala:180)
	at org.apache.spark.sql.hive.thriftserver.SparkExecuteStatementOperation.withLocalProperties(SparkExecuteStatementOperation.scala:83)
	at org.apache.spark.sql.hive.thriftserver.SparkExecuteStatementOperation$$anon$2$$anon$3.$anonfun$run$2(SparkExecuteStatementOperation.scala:617)
	at scala.runtime.java8.JFunction0$mcV$sp.apply(JFunction0$mcV$sp.scala:18)
	at com.databricks.spark.util.DBRTracing$.withSpanFromParent(DBRTracing.scala:70)
	at org.apache.spark.sql.hive.thriftserver.SparkExecuteStatementOperation$$anon$2$$anon$3.run(SparkExecuteStatementOperation.scala:617)
	at org.apache.spark.sql.hive.thriftserver.SparkExecuteStatementOperation$$anon$2$$anon$3.run(SparkExecuteStatementOperation.scala:590)
	at java.base/java.security.AccessController.doPrivileged(AccessController.java:712)
	at java.base/javax.security.auth.Subject.doAs(Subject.java:439)
	at org.apache.hadoop.security.UserGroupInformation.doAs(UserGroupInformation.java:1953)
	at org.apache.spark.sql.hive.thriftserver.SparkExecuteStatementOperation$$anon$2.run(SparkExecuteStatementOperation.scala:655)
	at java.base/java.util.concurrent.Executors$RunnableAdapter.call(Executors.java:539)
	at java.base/java.util.concurrent.FutureTask.run(FutureTask.java:264)
	at java.base/java.util.concurrent.ThreadPoolExecutor.runWorker(ThreadPoolExecutor.java:1136)
	at java.base/java.util.concurrent.ThreadPoolExecutor$Worker.run(ThreadPoolExecutor.java:635)
	at java.base/java.lang.Thread.run(Thread.java:840)
Caused by: org.apache.spark.sql.catalyst.parser.ParseException: 
[PARSE_SYNTAX_ERROR] Syntax error at or near '﻿'. SQLSTATE: 42601 (line 9, pos 4)

== SQL ==
/* {"app": "dbt", "dbt_version": "1.11.11", "dbt_databricks_version": "1.12.1", "databricks_sql_connector_version": "4.2.6", "profile_name": "weather_analytics", "target_name": "dev", "invocation_id": "61dd1a4d-db79-433f-b17b-063be1839159", "node_id": "model.weather_analytics.stg_weather"} */

  
  
  
  create or replace view `weather`.`bronze_staging`.`stg_weather`
  
  as (
    ﻿
----^^^

SELECT 
    city,
    temperature_celsius,
    humidity,
    pressure,
    wind_speed,
    weather_main,
    weather_description,
    observation_time,
    'sample' as ingestion_id,
    CURRENT_TIMESTAMP() as processed_time
FROM `weather`.`weather`.`weather_gold`
WHERE is_valid = TRUE
  )

	at org.apache.spark.sql.catalyst.parser.ParseException.withCommand(parsers.scala:514)
	at org.apache.spark.sql.catalyst.parser.AbstractParser$.executeWithTwoStageStrategy(parsers.scala:328)
	at org.apache.spark.sql.catalyst.parser.AbstractParser.parse(parsers.scala:89)
	at org.apache.spark.sql.execution.SparkSqlParser.super$parse(SparkSqlParser.scala:312)
	at org.apache.spark.sql.execution.SparkSqlParser.$anonfun$parseInternal$1(SparkSqlParser.scala:312)
	at org.apache.spark.sql.catalyst.trees.CurrentOrigin$.withOrigin(origin.scala:142)
	at org.apache.spark.sql.execution.SparkSqlParser.parseInternal(SparkSqlParser.scala:312)
	at org.apache.spark.sql.execution.SparkSqlParser.parse(SparkSqlParser.scala:229)
	at org.apache.spark.sql.catalyst.parser.AbstractSqlParser.parsePlan(AbstractSqlParser.scala:118)
	at com.databricks.sql.QueryRuntimePredictionUtils$.$anonfun$getParsedPlanWithTracking$4(QueryRuntimePrediction.scala:473)
	at com.databricks.spark.util.FrameProfiler$.$anonfun$record$1(FrameProfiler.scala:114)
	at com.databricks.spark.util.FrameProfilerExporter$.maybeExportFrameProfiler(FrameProfilerExporter.scala:146)
	at com.databricks.spark.util.FrameProfiler$.record(FrameProfiler.scala:105)
	at org.apache.spark.sql.catalyst.QueryPlanningTracker.measurePhase(QueryPlanningTracker.scala:925)
	at com.databricks.sql.QueryRuntimePredictionUtils$.$anonfun$getParsedPlanWithTracking$3(QueryRuntimePrediction.scala:457)
	at org.apache.spark.sql.catalyst.QueryPlanningTracker$.withTracker(QueryPlanningTracker.scala:266)
	at com.databricks.sql.QueryRuntimePredictionUtils$.$anonfun$getParsedPlanWithTracking$2(QueryRuntimePrediction.scala:457)
	at org.apache.spark.sql.execution.SQLExecution$.$anonfun$withExecutionPhase$1(SQLExecution.scala:322)
	at com.databricks.util.TracingSpanUtils$.withTracing(TracingSpanUtils.scala:251)
	at com.databricks.spark.util.DatabricksTracingHelper.withSpan(DatabricksSparkTracingHelper.scala:154)
	at com.databricks.spark.util.DBRTracing$.withSpan(DBRTracing.scala:87)
	at org.apache.spark.sql.execution.SQLExecution$.withExecutionPhase(SQLExecution.scala:303)
	at com.databricks.sql.QueryRuntimePredictionUtils$.$anonfun$getParsedPlanWithTracking$1(QueryRuntimePrediction.scala:456)
	at com.databricks.sql.util.MemoryTrackerHelper.withMemoryTracking(MemoryTrackerHelper.scala:111)
	at com.databricks.sql.QueryRuntimePredictionUtils$.getParsedPlanWithTracking(QueryRuntimePrediction.scala:452)
	at com.databricks.sql.QueryRuntimePrediction.$anonfun$getQueryExecutionWithParsedPlan$1(QueryRuntimePrediction.scala:895)
	at org.apache.spark.sql.SparkSession.withActive(SparkSession.scala:866)
	at com.databricks.sql.QueryRuntimePrediction.getQueryExecutionWithParsedPlan(QueryRuntimePrediction.scala:886)
	at com.databricks.sql.QueryRuntimePrediction.getRuntimeCategory(QueryRuntimePrediction.scala:610)
	at com.databricks.sql.ClusterLoadMonitor.$anonfun$getRuntimeCategory$3(ClusterLoadMonitor.scala:1120)
	at com.databricks.unity.UCSEphemeralState$Handle.runWith(UCSEphemeralState.scala:51)
	at com.databricks.unity.HandleImpl.runWith(UCSHandle.scala:128)
	at com.databricks.unity.HandleImpl.$anonfun$runWithAndClose$1(UCSHandle.scala:133)
	at scala.util.Using$.resource(Using.scala:296)
	at com.databricks.unity.HandleImpl.runWithAndClose(UCSHandle.scala:132)
	at com.databricks.sql.ClusterLoadMonitor.$anonfun$getRuntimeCategory$2(ClusterLoadMonitor.scala:1115)
	at java.base/java.util.concurrent.CompletableFuture$AsyncSupply.run(CompletableFuture.java:1768)
	at org.apache.spark.util.threads.SparkThreadLocalCapturingRunnable.$anonfun$run$1(SparkThreadLocalForwardingThreadPoolExecutor.scala:171)
	at scala.runtime.java8.JFunction0$mcV$sp.apply(JFunction0$mcV$sp.scala:18)
	at com.databricks.spark.util.DBRTracing$.withSpanFromParent(DBRTracing.scala:70)
	at org.apache.spark.util.threads.SparkThreadLocalCapturingHelper.$anonfun$runWithCaptured$7(SparkThreadLocalForwardingThreadPoolExecutor.scala:124)
	at com.databricks.util.LexicalThreadLocal$Handle.runWith(LexicalThreadLocal.scala:63)
	at org.apache.spark.util.threads.SparkThreadLocalCapturingHelper.$anonfun$runWithCaptured$6(SparkThreadLocalForwardingThreadPoolExecutor.scala:123)
	at com.databricks.sql.transaction.tahoe.mst.MSTThreadHelper$.runWithMSTContext(MSTThreadHelper.scala:60)
	at org.apache.spark.util.threads.SparkThreadLocalCapturingHelper.$anonfun$runWithCaptured$5(SparkThreadLocalForwardingThreadPoolExecutor.scala:120)
	at com.databricks.spark.util.IdentityClaim$.withClaim(IdentityClaim.scala:48)
	at org.apache.spark.util.threads.SparkThreadLocalCapturingHelper.$anonfun$runWithCaptured$4(SparkThreadLocalForwardingThreadPoolExecutor.scala:119)
	at com.databricks.unity.UCSEphemeralState$Handle.runWith(UCSEphemeralState.scala:51)
	at org.apache.spark.util.threads.SparkThreadLocalCapturingHelper.runWithCaptured(SparkThreadLocalForwardingThreadPoolExecutor.scala:118)
	at org.apache.spark.util.threads.SparkThreadLocalCapturingHelper.runWithCaptured$(SparkThreadLocalForwardingThreadPoolExecutor.scala:95)
	at org.apache.spark.util.threads.SparkThreadLocalCapturingRunnable.runWithCaptured(SparkThreadLocalForwardingThreadPoolExecutor.scala:168)
	at org.apache.spark.util.threads.SparkThreadLocalCapturingRunnable.run(SparkThreadLocalForwardingThreadPoolExecutor.scala:171)
	... 3 more
, operation-id=01f17200-5610-1c3b-83ec-bf37e492052f
[0m13:45:17.924138 [debug] [Thread-4 (]: On model.weather_analytics.stg_weather: Close
[0m13:45:17.925745 [debug] [Thread-4 (]: Databricks adapter: Connection(session-id=01f17200-4907-1585-b3d8-a88354ee707f) - Closing
[0m13:45:18.306581 [debug] [Thread-4 (]: Database Error in model stg_weather (models\staging\stg_weather.sql)
  
  [PARSE_SYNTAX_ERROR] Syntax error at or near '﻿'. SQLSTATE: 42601 (line 9, pos 4)
  
  == SQL ==
  /* {"app": "dbt", "dbt_version": "1.11.11", "dbt_databricks_version": "1.12.1", "databricks_sql_connector_version": "4.2.6", "profile_name": "weather_analytics", "target_name": "dev", "invocation_id": "61dd1a4d-db79-433f-b17b-063be1839159", "node_id": "model.weather_analytics.stg_weather"} */
  
    
    
    
    create or replace view `weather`.`bronze_staging`.`stg_weather`
    
    as (
      ﻿
  ----^^^
  
  SELECT 
      city,
      temperature_celsius,
      humidity,
      pressure,
      wind_speed,
      weather_main,
      weather_description,
      observation_time,
      'sample' as ingestion_id,
      CURRENT_TIMESTAMP() as processed_time
  FROM `weather`.`weather`.`weather_gold`
  WHERE is_valid = TRUE
    )
  
  compiled code at target\run\weather_analytics\models\staging\stg_weather.sql
[0m13:45:18.311565 [debug] [Thread-4 (]: Sending event: {'category': 'dbt', 'action': 'run_model', 'label': '61dd1a4d-db79-433f-b17b-063be1839159', 'context': [<snowplow_tracker.self_describing_json.SelfDescribingJson object at 0x000002056FB3D310>]}
[0m13:45:18.313582 [error] [Thread-4 (]: 1 of 1 ERROR creating sql view model bronze_staging.stg_weather ................ [[31mERROR[0m in 26.85s]
[0m13:45:18.316581 [debug] [Thread-4 (]: Finished running node model.weather_analytics.stg_weather
[0m13:45:18.318565 [debug] [Thread-10 ]: Marking all children of 'model.weather_analytics.stg_weather' to be skipped because of status 'error'.  Reason: Database Error in model stg_weather (models\staging\stg_weather.sql)
  
  [PARSE_SYNTAX_ERROR] Syntax error at or near '﻿'. SQLSTATE: 42601 (line 9, pos 4)
  
  == SQL ==
  /* {"app": "dbt", "dbt_version": "1.11.11", "dbt_databricks_version": "1.12.1", "databricks_sql_connector_version": "4.2.6", "profile_name": "weather_analytics", "target_name": "dev", "invocation_id": "61dd1a4d-db79-433f-b17b-063be1839159", "node_id": "model.weather_analytics.stg_weather"} */
  
    
    
    
    create or replace view `weather`.`bronze_staging`.`stg_weather`
    
    as (
      ﻿
  ----^^^
  
  SELECT 
      city,
      temperature_celsius,
      humidity,
      pressure,
      wind_speed,
      weather_main,
      weather_description,
      observation_time,
      'sample' as ingestion_id,
      CURRENT_TIMESTAMP() as processed_time
  FROM `weather`.`weather`.`weather_gold`
  WHERE is_valid = TRUE
    )
  
  compiled code at target\run\weather_analytics\models\staging\stg_weather.sql.
[0m13:45:18.322577 [debug] [MainThread]: Databricks adapter: DatabricksDBTConnection(session-id=None, name=master) - Creating connection
[0m13:45:18.323577 [debug] [MainThread]: Acquiring new databricks connection 'master'
[0m13:45:18.325030 [info ] [MainThread]: 
[0m13:45:18.326345 [info ] [MainThread]: Finished running 1 view model in 0 hours 0 minutes and 56.39 seconds (56.39s).
[0m13:45:18.330082 [debug] [MainThread]: Command end result
[0m13:45:18.873306 [debug] [MainThread]: Wrote artifact WritableManifest to C:\Users\Shank\PROJECT-CS\data engineering\weather-data-platform\dbt_weather\target\manifest.json
[0m13:45:18.881850 [debug] [MainThread]: Wrote artifact SemanticManifest to C:\Users\Shank\PROJECT-CS\data engineering\weather-data-platform\dbt_weather\target\semantic_manifest.json
[0m13:45:18.896675 [debug] [MainThread]: Wrote artifact RunExecutionResult to C:\Users\Shank\PROJECT-CS\data engineering\weather-data-platform\dbt_weather\target\run_results.json
[0m13:45:18.897661 [info ] [MainThread]: 
[0m13:45:18.898990 [info ] [MainThread]: [31mCompleted with 1 error, 0 partial successes, and 0 warnings:[0m
[0m13:45:18.901426 [info ] [MainThread]: 
[0m13:45:18.902636 [error] [MainThread]: [31mFailure in model stg_weather (models\staging\stg_weather.sql)[0m
[0m13:45:18.905091 [error] [MainThread]:   Database Error in model stg_weather (models\staging\stg_weather.sql)
  
  [PARSE_SYNTAX_ERROR] Syntax error at or near '﻿'. SQLSTATE: 42601 (line 9, pos 4)
  
  == SQL ==
  /* {"app": "dbt", "dbt_version": "1.11.11", "dbt_databricks_version": "1.12.1", "databricks_sql_connector_version": "4.2.6", "profile_name": "weather_analytics", "target_name": "dev", "invocation_id": "61dd1a4d-db79-433f-b17b-063be1839159", "node_id": "model.weather_analytics.stg_weather"} */
  
    
    
    
    create or replace view `weather`.`bronze_staging`.`stg_weather`
    
    as (
      ﻿
  ----^^^
  
  SELECT 
      city,
      temperature_celsius,
      humidity,
      pressure,
      wind_speed,
      weather_main,
      weather_description,
      observation_time,
      'sample' as ingestion_id,
      CURRENT_TIMESTAMP() as processed_time
  FROM `weather`.`weather`.`weather_gold`
  WHERE is_valid = TRUE
    )
  
  compiled code at target\run\weather_analytics\models\staging\stg_weather.sql
[0m13:45:18.925677 [info ] [MainThread]: 
[0m13:45:18.927674 [info ] [MainThread]:   compiled code at target\compiled\weather_analytics\models\staging\stg_weather.sql
[0m13:45:18.930111 [info ] [MainThread]: 
[0m13:45:18.931141 [info ] [MainThread]: Done. PASS=0 WARN=0 ERROR=1 SKIP=0 NO-OP=0 TOTAL=1
[0m13:45:18.935226 [warn ] [MainThread]: [[33mWARNING[0m][DeprecationsSummary]: Deprecated functionality
Summary of encountered deprecations:
- PropertyMovedToConfigDeprecation: 7 occurrences
- MissingArgumentsPropertyInGenericTestDeprecation: 54 occurrences
To see all deprecation instances instead of just the first occurrence of each,
run command again with the `--show-all-deprecations` flag. You may also need to
run with `--no-partial-parse` as some deprecations are only encountered during
parsing.
[0m13:45:18.939629 [debug] [MainThread]: Command `dbt run` failed at 13:45:18.939629 after 77.96 seconds
[0m13:45:18.941617 [debug] [MainThread]: Sending event: {'category': 'dbt', 'action': 'invocation', 'label': 'end', 'context': [<snowplow_tracker.self_describing_json.SelfDescribingJson object at 0x0000020552115710>, <snowplow_tracker.self_describing_json.SelfDescribingJson object at 0x0000020550CDC690>, <snowplow_tracker.self_describing_json.SelfDescribingJson object at 0x000002054EA5A690>]}
[0m13:45:18.942660 [debug] [MainThread]: Flushing usage events
[0m13:45:21.066850 [debug] [MainThread]: An error was encountered while trying to flush usage events
[0m21:51:58.779763 [debug] [MainThread]: Sending event: {'category': 'dbt', 'action': 'invocation', 'label': 'start', 'context': [<snowplow_tracker.self_describing_json.SelfDescribingJson object at 0x000001C9240F6A10>, <snowplow_tracker.self_describing_json.SelfDescribingJson object at 0x000001C9240F4650>, <snowplow_tracker.self_describing_json.SelfDescribingJson object at 0x000001C9240F4950>]}


============================== 21:51:58.796468 | fed41c37-d5e9-40a8-bbfb-17176a331edc ==============================
[0m21:51:58.796468 [info ] [MainThread]: Running with dbt=1.11.11
[0m21:51:58.799456 [debug] [MainThread]: running dbt with arguments {'version_check': 'True', 'no_print': 'None', 'static_parser': 'True', 'target_path': 'None', 'warn_error_options': 'WarnErrorOptionsV2(error=[], warn=[], silence=[])', 'printer_width': '80', 'write_json': 'True', 'empty': 'None', 'log_cache_events': 'False', 'introspect': 'True', 'cache_selected_only': 'False', 'log_format': 'default', 'debug': 'False', 'fail_fast': 'False', 'partial_parse': 'True', 'send_anonymous_usage_stats': 'True', 'quiet': 'False', 'warn_error': 'None', 'profiles_dir': 'C:\\Users\\Shank\\PROJECT-CS\\data engineering\\weather-data-platform\\dbt_weather', 'indirect_selection': 'eager', 'invocation_command': 'dbt debug', 'use_colors': 'True', 'use_experimental_parser': 'False', 'log_path': 'C:\\Users\\Shank\\PROJECT-CS\\data engineering\\weather-data-platform\\dbt_weather\\logs'}
[0m21:51:58.890519 [info ] [MainThread]: dbt version: 1.11.11
[0m21:51:58.892815 [info ] [MainThread]: python version: 3.11.7
[0m21:51:58.893804 [info ] [MainThread]: python path: C:\Users\Shank\anaconda3\python.exe
[0m21:51:58.896658 [info ] [MainThread]: os info: Windows-10-10.0.26200-SP0
[0m21:52:02.259032 [debug] [MainThread]: Spark adapter: Setting pyhive.hive logging to ERROR
[0m21:52:02.261034 [debug] [MainThread]: Spark adapter: Setting thrift.transport logging to ERROR
[0m21:52:02.262031 [debug] [MainThread]: Spark adapter: Setting thrift.protocol logging to ERROR
[0m21:52:06.259805 [info ] [MainThread]: Using profiles dir at C:\Users\Shank\PROJECT-CS\data engineering\weather-data-platform\dbt_weather
[0m21:52:06.262338 [info ] [MainThread]: Using profiles.yml file at C:\Users\Shank\PROJECT-CS\data engineering\weather-data-platform\dbt_weather\profiles.yml
[0m21:52:06.263335 [info ] [MainThread]: Using dbt_project.yml file at C:\Users\Shank\PROJECT-CS\data engineering\weather-data-platform\dbt_weather\dbt_project.yml
[0m21:52:06.265967 [info ] [MainThread]: adapter type: databricks
[0m21:52:06.268027 [info ] [MainThread]: adapter version: 1.12.1
[0m21:52:06.666103 [info ] [MainThread]: Configuration:
[0m21:52:06.668568 [info ] [MainThread]:   profiles.yml file [[32mOK found and valid[0m]
[0m21:52:06.669806 [info ] [MainThread]:   dbt_project.yml file [[32mOK found and valid[0m]
[0m21:52:06.671984 [info ] [MainThread]: Required dependencies:
[0m21:52:06.672983 [debug] [MainThread]: Executing "git --help"
[0m21:52:06.772770 [debug] [MainThread]: STDOUT: "b"usage: git [-v | --version] [-h | --help] [-C <path>] [-c <name>=<value>]\n           [--exec-path[=<path>]] [--html-path] [--man-path] [--info-path]\n           [-p | --paginate | -P | --no-pager] [--no-replace-objects] [--bare]\n           [--git-dir=<path>] [--work-tree=<path>] [--namespace=<name>]\n           [--config-env=<name>=<envvar>] <command> [<args>]\n\nThese are common Git commands used in various situations:\n\nstart a working area (see also: git help tutorial)\n   clone     Clone a repository into a new directory\n   init      Create an empty Git repository or reinitialize an existing one\n\nwork on the current change (see also: git help everyday)\n   add       Add file contents to the index\n   mv        Move or rename a file, a directory, or a symlink\n   restore   Restore working tree files\n   rm        Remove files from the working tree and from the index\n\nexamine the history and state (see also: git help revisions)\n   bisect    Use binary search to find the commit that introduced a bug\n   diff      Show changes between commits, commit and working tree, etc\n   grep      Print lines matching a pattern\n   log       Show commit logs\n   show      Show various types of objects\n   status    Show the working tree status\n\ngrow, mark and tweak your common history\n   branch    List, create, or delete branches\n   commit    Record changes to the repository\n   merge     Join two or more development histories together\n   rebase    Reapply commits on top of another base tip\n   reset     Reset current HEAD to the specified state\n   switch    Switch branches\n   tag       Create, list, delete or verify a tag object signed with GPG\n\ncollaborate (see also: git help workflows)\n   fetch     Download objects and refs from another repository\n   pull      Fetch from and integrate with another repository or a local branch\n   push      Update remote refs along with associated objects\n\n'git help -a' and 'git help -g' list available subcommands and some\nconcept guides. See 'git help <command>' or 'git help <concept>'\nto read about a specific subcommand or concept.\nSee 'git help git' for an overview of the system.\n""
[0m21:52:06.774136 [debug] [MainThread]: STDERR: "b''"
[0m21:52:06.775634 [info ] [MainThread]:  - git [[32mOK found[0m]

[0m21:52:06.778064 [info ] [MainThread]: Connection:
[0m21:52:06.779458 [info ] [MainThread]:   host: dbc-4a76875b-2400.cloud.databricks.com
[0m21:52:06.781480 [info ] [MainThread]:   http_path: /sql/1.0/warehouses/ea2ca24bc84d3cbe
[0m21:52:06.782465 [info ] [MainThread]:   catalog: weather
[0m21:52:06.784803 [info ] [MainThread]:   schema: bronze
[0m21:52:06.786810 [info ] [MainThread]: Registered adapter: databricks=1.12.1
[0m21:52:08.325642 [debug] [MainThread]: Databricks adapter: DatabricksDBTConnection(session-id=None, name=debug) - Creating connection
[0m21:52:08.327642 [debug] [MainThread]: Acquiring new databricks connection 'debug'
[0m21:52:10.994649 [info ] [MainThread]: Databricks adapter:   SPOG host (host_type='workspace'): no
[0m21:52:10.997131 [info ] [MainThread]: Databricks adapter:   workspace_id (from ?o= in http_path): None
[0m21:52:10.998187 [info ] [MainThread]: Databricks adapter:   databricks-sql-connector version: 4.2.6 (supported)
[0m21:52:11.000672 [info ] [MainThread]: Databricks adapter:   databricks-sdk version: 0.104.0 (supported)
[0m21:52:11.003528 [debug] [MainThread]: Using databricks connection "debug"
[0m21:52:11.004531 [debug] [MainThread]: On debug: select 1 as id
[0m21:52:11.006641 [debug] [MainThread]: Opening a new connection, currently in state init
[0m21:52:20.346775 [debug] [MainThread]: Databricks adapter: Connection(session-id=01f17244-5efa-191f-bf03-5a6df7fb0953) - Created
[0m21:52:32.072281 [debug] [MainThread]: SQL status: OK in 21.060 seconds
[0m21:52:32.076283 [debug] [MainThread]: Databricks adapter: Cursor(session-id=01f17244-5efa-191f-bf03-5a6df7fb0953, command-id=01f17244-60a5-1a7e-ad3c-9134d6bf3ef7) - Closing
[0m21:52:32.475418 [debug] [MainThread]: On debug: Close
[0m21:52:32.477430 [debug] [MainThread]: Databricks adapter: Connection(session-id=01f17244-5efa-191f-bf03-5a6df7fb0953) - Closing
[0m21:52:32.823378 [info ] [MainThread]:   Connection test: [[32mOK connection ok[0m]

[0m21:52:32.825373 [info ] [MainThread]: [32mAll checks passed![0m
[0m21:52:32.830378 [debug] [MainThread]: Command `dbt debug` succeeded at 21:52:32.829378 after 34.40 seconds
[0m21:52:32.831378 [debug] [MainThread]: Sending event: {'category': 'dbt', 'action': 'invocation', 'label': 'end', 'context': [<snowplow_tracker.self_describing_json.SelfDescribingJson object at 0x000001C9240E7290>, <snowplow_tracker.self_describing_json.SelfDescribingJson object at 0x000001C9240E7410>, <snowplow_tracker.self_describing_json.SelfDescribingJson object at 0x000001C9240E7350>]}
[0m21:52:32.832666 [debug] [MainThread]: Flushing usage events
[0m21:52:35.444100 [debug] [MainThread]: An error was encountered while trying to flush usage events
[0m21:53:17.215376 [debug] [MainThread]: Sending event: {'category': 'dbt', 'action': 'invocation', 'label': 'start', 'context': [<snowplow_tracker.self_describing_json.SelfDescribingJson object at 0x000001CA7B645910>, <snowplow_tracker.self_describing_json.SelfDescribingJson object at 0x000001CA7B646450>, <snowplow_tracker.self_describing_json.SelfDescribingJson object at 0x000001CA7B645190>]}


============================== 21:53:17.224360 | 155a0f85-e533-4d23-96f5-09f6347f1ad5 ==============================
[0m21:53:17.224360 [info ] [MainThread]: Running with dbt=1.11.11
[0m21:53:17.226350 [debug] [MainThread]: running dbt with arguments {'static_parser': 'True', 'no_print': 'None', 'version_check': 'True', 'target_path': 'None', 'warn_error_options': 'WarnErrorOptionsV2(error=[], warn=[], silence=[])', 'printer_width': '80', 'write_json': 'True', 'empty': 'False', 'log_cache_events': 'False', 'introspect': 'True', 'cache_selected_only': 'False', 'log_format': 'default', 'debug': 'False', 'fail_fast': 'False', 'profiles_dir': 'C:\\Users\\Shank\\PROJECT-CS\\data engineering\\weather-data-platform\\dbt_weather', 'send_anonymous_usage_stats': 'True', 'quiet': 'False', 'warn_error': 'None', 'partial_parse': 'True', 'use_colors': 'True', 'invocation_command': 'dbt run --select staging', 'indirect_selection': 'eager', 'use_experimental_parser': 'False', 'log_path': 'C:\\Users\\Shank\\PROJECT-CS\\data engineering\\weather-data-platform\\dbt_weather\\logs'}
[0m21:53:20.269702 [debug] [MainThread]: Spark adapter: Setting pyhive.hive logging to ERROR
[0m21:53:20.272703 [debug] [MainThread]: Spark adapter: Setting thrift.transport logging to ERROR
[0m21:53:20.274699 [debug] [MainThread]: Spark adapter: Setting thrift.protocol logging to ERROR
[0m21:53:24.807180 [debug] [MainThread]: Sending event: {'category': 'dbt', 'action': 'project_id', 'label': '155a0f85-e533-4d23-96f5-09f6347f1ad5', 'context': [<snowplow_tracker.self_describing_json.SelfDescribingJson object at 0x000001CA184B3B10>]}
[0m21:53:25.047777 [debug] [MainThread]: Sending event: {'category': 'dbt', 'action': 'adapter_info', 'label': '155a0f85-e533-4d23-96f5-09f6347f1ad5', 'context': [<snowplow_tracker.self_describing_json.SelfDescribingJson object at 0x000001CA7DE4F910>]}
[0m21:53:25.050782 [info ] [MainThread]: Registered adapter: databricks=1.12.1
[0m21:53:26.567881 [debug] [MainThread]: checksum: 30a8cc8fdcbf66701b0944d4ccce3fa46dd04b61e5df68b9f16d57b2e0e3f0be, vars: {}, profile: , target: , version: 1.11.11
[0m21:53:27.348121 [warn ] [MainThread]: [[33mWARNING[0m][PropertyMovedToConfigDeprecation]: Deprecated functionality
Found `meta` as a top-level property of `models[0]` in file
`models\marts\schema.yml`. The `meta` top-level property should be moved into
the `config` of `models[0]`.
[0m21:53:27.351112 [debug] [MainThread]: Sending event: {'category': 'dbt', 'action': 'deprecation', 'label': '155a0f85-e533-4d23-96f5-09f6347f1ad5', 'property_': 'warn', 'context': [<snowplow_tracker.self_describing_json.SelfDescribingJson object at 0x000001CA18C660D0>]}
[0m21:53:27.884711 [debug] [MainThread]: Partial parsing enabled: 0 files deleted, 0 files added, 1 files changed.
[0m21:53:27.888710 [debug] [MainThread]: Partial parsing: updated file: weather_analytics://models\marts\schema.yml
[0m21:53:29.376546 [warn ] [MainThread]: [[33mWARNING[0m][MissingArgumentsPropertyInGenericTestDeprecation]: Deprecated
functionality
Found top-level arguments to test `unique` defined on 'mart_city_weather' in
package 'weather_analytics' (models\marts\schema.yml). Arguments to generic
tests should be nested under the `arguments` property.
[0m21:53:29.378532 [debug] [MainThread]: Sending event: {'category': 'dbt', 'action': 'deprecation', 'label': '155a0f85-e533-4d23-96f5-09f6347f1ad5', 'property_': 'warn', 'context': [<snowplow_tracker.self_describing_json.SelfDescribingJson object at 0x000001CA17286C50>]}
[0m21:53:30.092887 [warn ] [MainThread]: [[33mWARNING[0m]: Configuration paths exist in your dbt_project.yml file which do not apply to any resources.
There are 2 unused configuration paths:
- seeds
- snapshots
[0m21:53:30.158671 [debug] [MainThread]: Sending event: {'category': 'dbt', 'action': 'load_project', 'label': '155a0f85-e533-4d23-96f5-09f6347f1ad5', 'context': [<snowplow_tracker.self_describing_json.SelfDescribingJson object at 0x000001CA173CAE10>]}
[0m21:53:30.591001 [debug] [MainThread]: Wrote artifact WritableManifest to C:\Users\Shank\PROJECT-CS\data engineering\weather-data-platform\dbt_weather\target\manifest.json
[0m21:53:30.603751 [debug] [MainThread]: Wrote artifact SemanticManifest to C:\Users\Shank\PROJECT-CS\data engineering\weather-data-platform\dbt_weather\target\semantic_manifest.json
[0m21:53:30.672715 [debug] [MainThread]: Sending event: {'category': 'dbt', 'action': 'resource_counts', 'label': '155a0f85-e533-4d23-96f5-09f6347f1ad5', 'context': [<snowplow_tracker.self_describing_json.SelfDescribingJson object at 0x000001CA18C39A50>]}
[0m21:53:30.676298 [info ] [MainThread]: Found 14 models, 192 data tests, 2 sources, 894 macros
[0m21:53:30.677720 [debug] [MainThread]: Sending event: {'category': 'dbt', 'action': 'runnable_timing', 'label': '155a0f85-e533-4d23-96f5-09f6347f1ad5', 'context': [<snowplow_tracker.self_describing_json.SelfDescribingJson object at 0x000001CA7A169190>]}
[0m21:53:30.687103 [info ] [MainThread]: 
[0m21:53:30.688103 [info ] [MainThread]: Concurrency: 4 threads (target='dev')
[0m21:53:30.690621 [info ] [MainThread]: 
[0m21:53:30.692639 [debug] [MainThread]: Databricks adapter: DatabricksDBTConnection(session-id=None, name=master) - Creating connection
[0m21:53:30.695147 [debug] [MainThread]: Acquiring new databricks connection 'master'
[0m21:53:30.697160 [debug] [ThreadPool]: Databricks adapter: DatabricksDBTConnection(session-id=None, name=list_weather) - Creating connection
[0m21:53:30.699162 [debug] [ThreadPool]: Acquiring new databricks connection 'list_weather'
[0m21:53:30.740383 [debug] [ThreadPool]: Using databricks connection "list_weather"
[0m21:53:30.741380 [debug] [ThreadPool]: On list_weather: /* {"app": "dbt", "dbt_version": "1.11.11", "dbt_databricks_version": "1.12.1", "databricks_sql_connector_version": "4.2.6", "profile_name": "weather_analytics", "target_name": "dev", "invocation_id": "155a0f85-e533-4d23-96f5-09f6347f1ad5", "connection_name": "list_weather"} */

    

  SHOW SCHEMAS IN `weather`


  
[0m21:53:30.742382 [debug] [ThreadPool]: Opening a new connection, currently in state init
[0m21:53:42.242517 [debug] [ThreadPool]: Databricks adapter: Connection(session-id=01f17244-8fbe-1ccd-96b2-06d3a9e105d5) - Created
[0m21:53:43.318993 [debug] [ThreadPool]: SQL status: OK in 12.580 seconds
[0m21:53:43.360295 [debug] [ThreadPool]: Databricks adapter: Cursor(session-id=01f17244-8fbe-1ccd-96b2-06d3a9e105d5, command-id=01f17244-9175-1f08-8769-bf450705d28d) - Closing
[0m21:53:43.362319 [debug] [ThreadPool]: On list_weather: Close
[0m21:53:43.363302 [debug] [ThreadPool]: Databricks adapter: Connection(session-id=01f17244-8fbe-1ccd-96b2-06d3a9e105d5) - Closing
[0m21:53:43.738847 [debug] [ThreadPool]: Databricks adapter: DatabricksDBTConnection(session-id=None, name=list_weather_bronze_dbt_test__audit) - Creating connection
[0m21:53:43.740850 [debug] [ThreadPool]: Databricks adapter: DatabricksDBTConnection(session-id=None, name=list_weather_bronze_intermediate) - Creating connection
[0m21:53:43.742858 [debug] [ThreadPool]: Acquiring new databricks connection 'list_weather_bronze_dbt_test__audit'
[0m21:53:43.743856 [debug] [ThreadPool]: Databricks adapter: DatabricksDBTConnection(session-id=None, name=list_weather_bronze_marts) - Creating connection
[0m21:53:43.745891 [debug] [ThreadPool]: Databricks adapter: DatabricksDBTConnection(session-id=None, name=list_weather_bronze_staging) - Creating connection
[0m21:53:43.746889 [debug] [ThreadPool]: Acquiring new databricks connection 'list_weather_bronze_intermediate'
[0m21:53:43.759409 [debug] [ThreadPool]: Using databricks connection "list_weather_bronze_dbt_test__audit"
[0m21:53:43.760412 [debug] [ThreadPool]: Acquiring new databricks connection 'list_weather_bronze_marts'
[0m21:53:43.762412 [debug] [ThreadPool]: Acquiring new databricks connection 'list_weather_bronze_staging'
[0m21:53:43.770921 [debug] [ThreadPool]: Using databricks connection "list_weather_bronze_intermediate"
[0m21:53:43.772942 [debug] [ThreadPool]: On list_weather_bronze_dbt_test__audit: /* {"app": "dbt", "dbt_version": "1.11.11", "dbt_databricks_version": "1.12.1", "databricks_sql_connector_version": "4.2.6", "profile_name": "weather_analytics", "target_name": "dev", "invocation_id": "155a0f85-e533-4d23-96f5-09f6347f1ad5", "connection_name": "list_weather_bronze_dbt_test__audit"} */

    
SELECT
  table_name,
  if(table_type IN ('EXTERNAL', 'MANAGED', 'MANAGED_SHALLOW_CLONE', 'EXTERNAL_SHALLOW_CLONE'), 'table', lower(table_type)) AS table_type,
  lower(data_source_format) AS file_format,
  table_owner,
  if(
    table_type IN (
      'EXTERNAL',
      'MANAGED',
      'MANAGED_SHALLOW_CLONE',
      'EXTERNAL_SHALLOW_CLONE'
    ),
    lower(table_type),
    NULL
  ) AS databricks_table_type
FROM `system`.`information_schema`.`tables`
WHERE table_catalog = 'weather'
  AND table_schema = 'bronze_dbt_test__audit'

  
[0m21:53:43.779794 [debug] [ThreadPool]: Using databricks connection "list_weather_bronze_marts"
[0m21:53:43.789114 [debug] [ThreadPool]: Using databricks connection "list_weather_bronze_staging"
[0m21:53:43.790122 [debug] [ThreadPool]: On list_weather_bronze_intermediate: /* {"app": "dbt", "dbt_version": "1.11.11", "dbt_databricks_version": "1.12.1", "databricks_sql_connector_version": "4.2.6", "profile_name": "weather_analytics", "target_name": "dev", "invocation_id": "155a0f85-e533-4d23-96f5-09f6347f1ad5", "connection_name": "list_weather_bronze_intermediate"} */

    
SELECT
  table_name,
  if(table_type IN ('EXTERNAL', 'MANAGED', 'MANAGED_SHALLOW_CLONE', 'EXTERNAL_SHALLOW_CLONE'), 'table', lower(table_type)) AS table_type,
  lower(data_source_format) AS file_format,
  table_owner,
  if(
    table_type IN (
      'EXTERNAL',
      'MANAGED',
      'MANAGED_SHALLOW_CLONE',
      'EXTERNAL_SHALLOW_CLONE'
    ),
    lower(table_type),
    NULL
  ) AS databricks_table_type
FROM `system`.`information_schema`.`tables`
WHERE table_catalog = 'weather'
  AND table_schema = 'bronze_intermediate'

  
[0m21:53:43.792563 [debug] [ThreadPool]: Opening a new connection, currently in state init
[0m21:53:43.793650 [debug] [ThreadPool]: On list_weather_bronze_marts: /* {"app": "dbt", "dbt_version": "1.11.11", "dbt_databricks_version": "1.12.1", "databricks_sql_connector_version": "4.2.6", "profile_name": "weather_analytics", "target_name": "dev", "invocation_id": "155a0f85-e533-4d23-96f5-09f6347f1ad5", "connection_name": "list_weather_bronze_marts"} */

    
SELECT
  table_name,
  if(table_type IN ('EXTERNAL', 'MANAGED', 'MANAGED_SHALLOW_CLONE', 'EXTERNAL_SHALLOW_CLONE'), 'table', lower(table_type)) AS table_type,
  lower(data_source_format) AS file_format,
  table_owner,
  if(
    table_type IN (
      'EXTERNAL',
      'MANAGED',
      'MANAGED_SHALLOW_CLONE',
      'EXTERNAL_SHALLOW_CLONE'
    ),
    lower(table_type),
    NULL
  ) AS databricks_table_type
FROM `system`.`information_schema`.`tables`
WHERE table_catalog = 'weather'
  AND table_schema = 'bronze_marts'

  
[0m21:53:43.796079 [debug] [ThreadPool]: On list_weather_bronze_staging: /* {"app": "dbt", "dbt_version": "1.11.11", "dbt_databricks_version": "1.12.1", "databricks_sql_connector_version": "4.2.6", "profile_name": "weather_analytics", "target_name": "dev", "invocation_id": "155a0f85-e533-4d23-96f5-09f6347f1ad5", "connection_name": "list_weather_bronze_staging"} */

    
SELECT
  table_name,
  if(table_type IN ('EXTERNAL', 'MANAGED', 'MANAGED_SHALLOW_CLONE', 'EXTERNAL_SHALLOW_CLONE'), 'table', lower(table_type)) AS table_type,
  lower(data_source_format) AS file_format,
  table_owner,
  if(
    table_type IN (
      'EXTERNAL',
      'MANAGED',
      'MANAGED_SHALLOW_CLONE',
      'EXTERNAL_SHALLOW_CLONE'
    ),
    lower(table_type),
    NULL
  ) AS databricks_table_type
FROM `system`.`information_schema`.`tables`
WHERE table_catalog = 'weather'
  AND table_schema = 'bronze_staging'

  
[0m21:53:43.797079 [debug] [ThreadPool]: Opening a new connection, currently in state init
[0m21:53:43.799443 [debug] [ThreadPool]: Opening a new connection, currently in state init
[0m21:53:43.801493 [debug] [ThreadPool]: Opening a new connection, currently in state init
[0m21:53:49.592856 [debug] [ThreadPool]: Databricks adapter: Connection(session-id=01f17244-9519-17a2-9cdc-2cfab74eefa5) - Created
[0m21:53:49.594379 [debug] [ThreadPool]: Databricks adapter: Connection(session-id=01f17244-951b-1c86-ac83-083e5ea18885) - Created
[0m21:53:49.595417 [debug] [ThreadPool]: Databricks adapter: Connection(session-id=01f17244-951a-1dc3-8f5e-68f8e7665a54) - Created
[0m21:53:49.868050 [debug] [ThreadPool]: Databricks adapter: Connection(session-id=01f17244-95c3-1cf7-a0e0-c1a7617fc3ea) - Created
[0m21:53:51.352352 [debug] [ThreadPool]: SQL status: OK in 7.560 seconds
[0m21:53:51.354095 [debug] [ThreadPool]: SQL status: OK in 7.550 seconds
[0m21:53:51.355114 [debug] [ThreadPool]: SQL status: OK in 7.560 seconds
[0m21:53:51.357269 [debug] [ThreadPool]: SQL status: OK in 7.560 seconds
[0m21:53:51.365423 [debug] [ThreadPool]: Databricks adapter: Cursor(session-id=01f17244-951a-1dc3-8f5e-68f8e7665a54, command-id=01f17244-95d6-1eed-a695-a7ec70ed677b) - Closing
[0m21:53:51.371827 [debug] [ThreadPool]: Databricks adapter: Cursor(session-id=01f17244-95c3-1cf7-a0e0-c1a7617fc3ea, command-id=01f17244-9603-13f9-81e5-6204baed0660) - Closing
[0m21:53:51.375675 [debug] [ThreadPool]: Databricks adapter: Cursor(session-id=01f17244-951b-1c86-ac83-083e5ea18885, command-id=01f17244-95d7-1841-a154-41be658303e4) - Closing
[0m21:53:51.376808 [debug] [ThreadPool]: On list_weather_bronze_dbt_test__audit: Close
[0m21:53:51.380298 [debug] [ThreadPool]: Databricks adapter: Cursor(session-id=01f17244-9519-17a2-9cdc-2cfab74eefa5, command-id=01f17244-95d6-16b4-95d7-4bad0590c315) - Closing
[0m21:53:51.384295 [debug] [ThreadPool]: Databricks adapter: Connection(session-id=01f17244-951a-1dc3-8f5e-68f8e7665a54) - Closing
[0m21:53:51.851006 [debug] [ThreadPool]: On list_weather_bronze_staging: Close
[0m21:53:51.852587 [debug] [ThreadPool]: Databricks adapter: Connection(session-id=01f17244-95c3-1cf7-a0e0-c1a7617fc3ea) - Closing
[0m21:53:52.359614 [debug] [ThreadPool]: On list_weather_bronze_intermediate: Close
[0m21:53:52.360769 [debug] [ThreadPool]: Databricks adapter: Connection(session-id=01f17244-951b-1c86-ac83-083e5ea18885) - Closing
[0m21:53:52.714698 [debug] [ThreadPool]: On list_weather_bronze_marts: Close
[0m21:53:52.716692 [debug] [ThreadPool]: Databricks adapter: Connection(session-id=01f17244-9519-17a2-9cdc-2cfab74eefa5) - Closing
[0m21:53:53.078155 [debug] [MainThread]: Sending event: {'category': 'dbt', 'action': 'runnable_timing', 'label': '155a0f85-e533-4d23-96f5-09f6347f1ad5', 'context': [<snowplow_tracker.self_describing_json.SelfDescribingJson object at 0x000001CA18BAEDD0>]}
[0m21:53:53.093551 [debug] [Thread-3 (]: Began running node model.weather_analytics.stg_weather
[0m21:53:53.095833 [info ] [Thread-3 (]: 1 of 1 START sql view model bronze_staging.stg_weather ......................... [RUN]
[0m21:53:53.098221 [debug] [Thread-3 (]: Databricks adapter: DatabricksDBTConnection(session-id=None, name=model.weather_analytics.stg_weather) - Creating connection
[0m21:53:53.100236 [debug] [Thread-3 (]: Acquiring new databricks connection 'model.weather_analytics.stg_weather'
[0m21:53:53.102251 [debug] [Thread-3 (]: Began compiling node model.weather_analytics.stg_weather
[0m21:53:53.130544 [debug] [Thread-3 (]: Writing injected SQL for node "model.weather_analytics.stg_weather"
[0m21:53:53.133812 [debug] [Thread-3 (]: Began executing node model.weather_analytics.stg_weather
[0m21:53:53.182849 [debug] [Thread-3 (]: MATERIALIZING VIEW
[0m21:53:53.243593 [debug] [Thread-3 (]: Creating view `weather`.`bronze_staging`.`stg_weather`
[0m21:53:53.271314 [debug] [Thread-3 (]: Writing runtime sql for node "model.weather_analytics.stg_weather"
[0m21:53:53.274806 [debug] [Thread-3 (]: Using databricks connection "model.weather_analytics.stg_weather"
[0m21:53:53.276321 [debug] [Thread-3 (]: On model.weather_analytics.stg_weather: /* {"app": "dbt", "dbt_version": "1.11.11", "dbt_databricks_version": "1.12.1", "databricks_sql_connector_version": "4.2.6", "profile_name": "weather_analytics", "target_name": "dev", "invocation_id": "155a0f85-e533-4d23-96f5-09f6347f1ad5", "node_id": "model.weather_analytics.stg_weather"} */

  
  
  
  create or replace view `weather`.`bronze_staging`.`stg_weather`
  
  as (
    ﻿

SELECT 
    city,
    temperature_celsius,
    humidity,
    pressure,
    wind_speed,
    weather_main,
    weather_description,
    observation_time,
    'sample' as ingestion_id,
    CURRENT_TIMESTAMP() as processed_time
FROM `weather`.`weather`.`weather_gold`
WHERE is_valid = TRUE
  )

[0m21:53:53.277464 [debug] [Thread-3 (]: Opening a new connection, currently in state init
[0m21:53:58.331566 [debug] [Thread-3 (]: Databricks adapter: Connection(session-id=01f17244-9a4a-1892-b219-41fe98403f15) - Created
[0m21:53:59.098374 [debug] [Thread-3 (]: Databricks adapter: Exception while trying to execute query
/* {"app": "dbt", "dbt_version": "1.11.11", "dbt_databricks_version": "1.12.1", "databricks_sql_connector_version": "4.2.6", "profile_name": "weather_analytics", "target_name": "dev", "invocation_id": "155a0f85-e533-4d23-96f5-09f6347f1ad5", "node_id": "model.weather_analytics.stg_weather"} */

  
  
  
  create or replace view `weather`.`bronze_staging`.`stg_weather`
  
  as (
    ﻿

SELECT 
    city,
    temperature_celsius,
    humidity,
    pressure,
    wind_speed,
    weather_main,
    weather_description,
    observation_time,
    'sample' as ingestion_id,
    CURRENT_TIMESTAMP() as processed_time
FROM `weather`.`weather`.`weather_gold`
WHERE is_valid = TRUE
  )

: 
[PARSE_SYNTAX_ERROR] Syntax error at or near '﻿'. SQLSTATE: 42601 (line 9, pos 4)

== SQL ==
/* {"app": "dbt", "dbt_version": "1.11.11", "dbt_databricks_version": "1.12.1", "databricks_sql_connector_version": "4.2.6", "profile_name": "weather_analytics", "target_name": "dev", "invocation_id": "155a0f85-e533-4d23-96f5-09f6347f1ad5", "node_id": "model.weather_analytics.stg_weather"} */

  
  
  
  create or replace view `weather`.`bronze_staging`.`stg_weather`
  
  as (
    ﻿
----^^^

SELECT 
    city,
    temperature_celsius,
    humidity,
    pressure,
    wind_speed,
    weather_main,
    weather_description,
    observation_time,
    'sample' as ingestion_id,
    CURRENT_TIMESTAMP() as processed_time
FROM `weather`.`weather`.`weather_gold`
WHERE is_valid = TRUE
  )

Error properties: diagnostic-info=org.apache.hive.service.cli.HiveSQLException: Error running query: [PARSE_SYNTAX_ERROR] org.apache.spark.sql.catalyst.parser.ParseException: 
[PARSE_SYNTAX_ERROR] Syntax error at or near '﻿'. SQLSTATE: 42601 (line 9, pos 4)

== SQL ==
/* {"app": "dbt", "dbt_version": "1.11.11", "dbt_databricks_version": "1.12.1", "databricks_sql_connector_version": "4.2.6", "profile_name": "weather_analytics", "target_name": "dev", "invocation_id": "155a0f85-e533-4d23-96f5-09f6347f1ad5", "node_id": "model.weather_analytics.stg_weather"} */

  
  
  
  create or replace view `weather`.`bronze_staging`.`stg_weather`
  
  as (
    ﻿
----^^^

SELECT 
    city,
    temperature_celsius,
    humidity,
    pressure,
    wind_speed,
    weather_main,
    weather_description,
    observation_time,
    'sample' as ingestion_id,
    CURRENT_TIMESTAMP() as processed_time
FROM `weather`.`weather`.`weather_gold`
WHERE is_valid = TRUE
  )

	at org.apache.spark.sql.hive.thriftserver.HiveThriftServerErrors$.runningQueryError(HiveThriftServerErrors.scala:58)
	at org.apache.spark.sql.hive.thriftserver.SparkExecuteStatementOperation.$anonfun$execute$1(SparkExecuteStatementOperation.scala:1352)
	at scala.runtime.java8.JFunction0$mcV$sp.apply(JFunction0$mcV$sp.scala:18)
	at com.databricks.unity.UCSEphemeralState$Handle.runWith(UCSEphemeralState.scala:51)
	at com.databricks.unity.HandleImpl.runWith(UCSHandle.scala:128)
	at org.apache.spark.sql.hive.thriftserver.SparkExecuteStatementOperation.org$apache$spark$sql$hive$thriftserver$SparkExecuteStatementOperation$$execute(SparkExecuteStatementOperation.scala:1030)
	at org.apache.spark.sql.hive.thriftserver.SparkExecuteStatementOperation$$anon$2$$anon$3.$anonfun$run$6(SparkExecuteStatementOperation.scala:641)
	at scala.runtime.java8.JFunction0$mcV$sp.apply(JFunction0$mcV$sp.scala:18)
	at org.apache.spark.sql.execution.SQLExecution$.withRootExecution(SQLExecution.scala:1439)
	at org.apache.spark.sql.hive.thriftserver.SparkExecuteStatementOperation$$anon$2$$anon$3.$anonfun$run$3(SparkExecuteStatementOperation.scala:641)
	at scala.runtime.java8.JFunction0$mcV$sp.apply(JFunction0$mcV$sp.scala:18)
	at com.databricks.util.TracingSpanUtils$.withTracing(TracingSpanUtils.scala:251)
	at com.databricks.spark.util.DatabricksTracingHelper.withSpan(DatabricksSparkTracingHelper.scala:154)
	at com.databricks.spark.util.DBRTracing$.withSpan(DBRTracing.scala:87)
	at org.apache.spark.sql.hive.thriftserver.ThriftLocalProperties.$anonfun$withLocalProperties$18(ThriftLocalProperties.scala:366)
	at com.databricks.logging.AttributionContextTracing.$anonfun$withAttributionContext$1(AttributionContextTracing.scala:146)
	at com.databricks.logging.AttributionContext$.$anonfun$withValue$1(AttributionContext.scala:349)
	at scala.util.DynamicVariable.withValue(DynamicVariable.scala:59)
	at com.databricks.logging.AttributionContext$.withValue(AttributionContext.scala:345)
	at com.databricks.logging.AttributionContextTracing.withAttributionContext(AttributionContextTracing.scala:144)
	at com.databricks.logging.AttributionContextTracing.withAttributionContext$(AttributionContextTracing.scala:141)
	at com.databricks.spark.util.PublicDBLogging.withAttributionContext(DatabricksSparkUsageLogger.scala:29)
	at com.databricks.logging.AttributionContextTracing.withAttributionTags(AttributionContextTracing.scala:201)
	at com.databricks.logging.AttributionContextTracing.withAttributionTags$(AttributionContextTracing.scala:182)
	at com.databricks.spark.util.PublicDBLogging.withAttributionTags(DatabricksSparkUsageLogger.scala:29)
	at com.databricks.spark.util.PublicDBLogging.withAttributionTags0(DatabricksSparkUsageLogger.scala:108)
	at com.databricks.spark.util.DatabricksSparkUsageLogger.withAttributionTags(DatabricksSparkUsageLogger.scala:215)
	at com.databricks.spark.util.UsageLogging.$anonfun$withAttributionTags$1(UsageLogger.scala:668)
	at com.databricks.spark.util.UsageLogging$.withAttributionTags(UsageLogger.scala:780)
	at com.databricks.spark.util.UsageLogging$.withAttributionTags(UsageLogger.scala:789)
	at com.databricks.spark.util.UsageLogging.withAttributionTags(UsageLogger.scala:668)
	at com.databricks.spark.util.UsageLogging.withAttributionTags$(UsageLogger.scala:666)
	at org.apache.spark.sql.hive.thriftserver.SparkExecuteStatementOperation.withAttributionTags(SparkExecuteStatementOperation.scala:83)
	at org.apache.spark.sql.hive.thriftserver.ThriftLocalProperties.$anonfun$withLocalProperties$15(ThriftLocalProperties.scala:365)
	at com.databricks.spark.util.IdentityClaim$.withClaim(IdentityClaim.scala:48)
	at org.apache.spark.sql.hive.thriftserver.ThriftLocalProperties.withLocalProperties(ThriftLocalProperties.scala:360)
	at org.apache.spark.sql.hive.thriftserver.ThriftLocalProperties.withLocalProperties$(ThriftLocalProperties.scala:180)
	at org.apache.spark.sql.hive.thriftserver.SparkExecuteStatementOperation.withLocalProperties(SparkExecuteStatementOperation.scala:83)
	at org.apache.spark.sql.hive.thriftserver.SparkExecuteStatementOperation$$anon$2$$anon$3.$anonfun$run$2(SparkExecuteStatementOperation.scala:617)
	at scala.runtime.java8.JFunction0$mcV$sp.apply(JFunction0$mcV$sp.scala:18)
	at com.databricks.spark.util.DBRTracing$.withSpanFromParent(DBRTracing.scala:70)
	at org.apache.spark.sql.hive.thriftserver.SparkExecuteStatementOperation$$anon$2$$anon$3.run(SparkExecuteStatementOperation.scala:617)
	at org.apache.spark.sql.hive.thriftserver.SparkExecuteStatementOperation$$anon$2$$anon$3.run(SparkExecuteStatementOperation.scala:590)
	at java.base/java.security.AccessController.doPrivileged(AccessController.java:712)
	at java.base/javax.security.auth.Subject.doAs(Subject.java:439)
	at org.apache.hadoop.security.UserGroupInformation.doAs(UserGroupInformation.java:1953)
	at org.apache.spark.sql.hive.thriftserver.SparkExecuteStatementOperation$$anon$2.run(SparkExecuteStatementOperation.scala:655)
	at java.base/java.util.concurrent.Executors$RunnableAdapter.call(Executors.java:539)
	at java.base/java.util.concurrent.FutureTask.run(FutureTask.java:264)
	at java.base/java.util.concurrent.ThreadPoolExecutor.runWorker(ThreadPoolExecutor.java:1136)
	at java.base/java.util.concurrent.ThreadPoolExecutor$Worker.run(ThreadPoolExecutor.java:635)
	at java.base/java.lang.Thread.run(Thread.java:840)
Caused by: org.apache.spark.sql.catalyst.parser.ParseException: 
[PARSE_SYNTAX_ERROR] Syntax error at or near '﻿'. SQLSTATE: 42601 (line 9, pos 4)

== SQL ==
/* {"app": "dbt", "dbt_version": "1.11.11", "dbt_databricks_version": "1.12.1", "databricks_sql_connector_version": "4.2.6", "profile_name": "weather_analytics", "target_name": "dev", "invocation_id": "155a0f85-e533-4d23-96f5-09f6347f1ad5", "node_id": "model.weather_analytics.stg_weather"} */

  
  
  
  create or replace view `weather`.`bronze_staging`.`stg_weather`
  
  as (
    ﻿
----^^^

SELECT 
    city,
    temperature_celsius,
    humidity,
    pressure,
    wind_speed,
    weather_main,
    weather_description,
    observation_time,
    'sample' as ingestion_id,
    CURRENT_TIMESTAMP() as processed_time
FROM `weather`.`weather`.`weather_gold`
WHERE is_valid = TRUE
  )

	at org.apache.spark.sql.catalyst.parser.ParseException.withCommand(parsers.scala:514)
	at org.apache.spark.sql.catalyst.parser.AbstractParser$.executeWithTwoStageStrategy(parsers.scala:328)
	at org.apache.spark.sql.catalyst.parser.AbstractParser.parse(parsers.scala:89)
	at org.apache.spark.sql.execution.SparkSqlParser.super$parse(SparkSqlParser.scala:312)
	at org.apache.spark.sql.execution.SparkSqlParser.$anonfun$parseInternal$1(SparkSqlParser.scala:312)
	at org.apache.spark.sql.catalyst.trees.CurrentOrigin$.withOrigin(origin.scala:142)
	at org.apache.spark.sql.execution.SparkSqlParser.parseInternal(SparkSqlParser.scala:312)
	at org.apache.spark.sql.execution.SparkSqlParser.parse(SparkSqlParser.scala:229)
	at org.apache.spark.sql.catalyst.parser.AbstractSqlParser.parsePlan(AbstractSqlParser.scala:118)
	at com.databricks.sql.QueryRuntimePredictionUtils$.$anonfun$getParsedPlanWithTracking$4(QueryRuntimePrediction.scala:473)
	at com.databricks.spark.util.FrameProfiler$.$anonfun$record$1(FrameProfiler.scala:114)
	at com.databricks.spark.util.FrameProfilerExporter$.maybeExportFrameProfiler(FrameProfilerExporter.scala:146)
	at com.databricks.spark.util.FrameProfiler$.record(FrameProfiler.scala:105)
	at org.apache.spark.sql.catalyst.QueryPlanningTracker.measurePhase(QueryPlanningTracker.scala:925)
	at com.databricks.sql.QueryRuntimePredictionUtils$.$anonfun$getParsedPlanWithTracking$3(QueryRuntimePrediction.scala:457)
	at org.apache.spark.sql.catalyst.QueryPlanningTracker$.withTracker(QueryPlanningTracker.scala:266)
	at com.databricks.sql.QueryRuntimePredictionUtils$.$anonfun$getParsedPlanWithTracking$2(QueryRuntimePrediction.scala:457)
	at org.apache.spark.sql.execution.SQLExecution$.$anonfun$withExecutionPhase$1(SQLExecution.scala:322)
	at com.databricks.util.TracingSpanUtils$.withTracing(TracingSpanUtils.scala:251)
	at com.databricks.spark.util.DatabricksTracingHelper.withSpan(DatabricksSparkTracingHelper.scala:154)
	at com.databricks.spark.util.DBRTracing$.withSpan(DBRTracing.scala:87)
	at org.apache.spark.sql.execution.SQLExecution$.withExecutionPhase(SQLExecution.scala:303)
	at com.databricks.sql.QueryRuntimePredictionUtils$.$anonfun$getParsedPlanWithTracking$1(QueryRuntimePrediction.scala:456)
	at com.databricks.sql.util.MemoryTrackerHelper.withMemoryTracking(MemoryTrackerHelper.scala:111)
	at com.databricks.sql.QueryRuntimePredictionUtils$.getParsedPlanWithTracking(QueryRuntimePrediction.scala:452)
	at com.databricks.sql.QueryRuntimePrediction.$anonfun$getQueryExecutionWithParsedPlan$1(QueryRuntimePrediction.scala:895)
	at org.apache.spark.sql.SparkSession.withActive(SparkSession.scala:866)
	at com.databricks.sql.QueryRuntimePrediction.getQueryExecutionWithParsedPlan(QueryRuntimePrediction.scala:886)
	at com.databricks.sql.QueryRuntimePrediction.getRuntimeCategory(QueryRuntimePrediction.scala:610)
	at com.databricks.sql.ClusterLoadMonitor.$anonfun$getRuntimeCategory$3(ClusterLoadMonitor.scala:1120)
	at com.databricks.unity.UCSEphemeralState$Handle.runWith(UCSEphemeralState.scala:51)
	at com.databricks.unity.HandleImpl.runWith(UCSHandle.scala:128)
	at com.databricks.unity.HandleImpl.$anonfun$runWithAndClose$1(UCSHandle.scala:133)
	at scala.util.Using$.resource(Using.scala:296)
	at com.databricks.unity.HandleImpl.runWithAndClose(UCSHandle.scala:132)
	at com.databricks.sql.ClusterLoadMonitor.$anonfun$getRuntimeCategory$2(ClusterLoadMonitor.scala:1115)
	at java.base/java.util.concurrent.CompletableFuture$AsyncSupply.run(CompletableFuture.java:1768)
	at org.apache.spark.util.threads.SparkThreadLocalCapturingRunnable.$anonfun$run$1(SparkThreadLocalForwardingThreadPoolExecutor.scala:171)
	at scala.runtime.java8.JFunction0$mcV$sp.apply(JFunction0$mcV$sp.scala:18)
	at com.databricks.spark.util.DBRTracing$.withSpanFromParent(DBRTracing.scala:70)
	at org.apache.spark.util.threads.SparkThreadLocalCapturingHelper.$anonfun$runWithCaptured$7(SparkThreadLocalForwardingThreadPoolExecutor.scala:124)
	at com.databricks.util.LexicalThreadLocal$Handle.runWith(LexicalThreadLocal.scala:63)
	at org.apache.spark.util.threads.SparkThreadLocalCapturingHelper.$anonfun$runWithCaptured$6(SparkThreadLocalForwardingThreadPoolExecutor.scala:123)
	at com.databricks.sql.transaction.tahoe.mst.MSTThreadHelper$.runWithMSTContext(MSTThreadHelper.scala:60)
	at org.apache.spark.util.threads.SparkThreadLocalCapturingHelper.$anonfun$runWithCaptured$5(SparkThreadLocalForwardingThreadPoolExecutor.scala:120)
	at com.databricks.spark.util.IdentityClaim$.withClaim(IdentityClaim.scala:48)
	at org.apache.spark.util.threads.SparkThreadLocalCapturingHelper.$anonfun$runWithCaptured$4(SparkThreadLocalForwardingThreadPoolExecutor.scala:119)
	at com.databricks.unity.UCSEphemeralState$Handle.runWith(UCSEphemeralState.scala:51)
	at org.apache.spark.util.threads.SparkThreadLocalCapturingHelper.runWithCaptured(SparkThreadLocalForwardingThreadPoolExecutor.scala:118)
	at org.apache.spark.util.threads.SparkThreadLocalCapturingHelper.runWithCaptured$(SparkThreadLocalForwardingThreadPoolExecutor.scala:95)
	at org.apache.spark.util.threads.SparkThreadLocalCapturingRunnable.runWithCaptured(SparkThreadLocalForwardingThreadPoolExecutor.scala:168)
	at org.apache.spark.util.threads.SparkThreadLocalCapturingRunnable.run(SparkThreadLocalForwardingThreadPoolExecutor.scala:171)
	... 3 more
, operation-id=01f17244-9b10-1a0e-9532-1d944ef8d1b2
[0m21:53:59.103938 [debug] [Thread-3 (]: On model.weather_analytics.stg_weather: Close
[0m21:53:59.104938 [debug] [Thread-3 (]: Databricks adapter: Connection(session-id=01f17244-9a4a-1892-b219-41fe98403f15) - Closing
[0m21:53:59.475339 [debug] [Thread-3 (]: Database Error in model stg_weather (models\staging\stg_weather.sql)
  
  [PARSE_SYNTAX_ERROR] Syntax error at or near '﻿'. SQLSTATE: 42601 (line 9, pos 4)
  
  == SQL ==
  /* {"app": "dbt", "dbt_version": "1.11.11", "dbt_databricks_version": "1.12.1", "databricks_sql_connector_version": "4.2.6", "profile_name": "weather_analytics", "target_name": "dev", "invocation_id": "155a0f85-e533-4d23-96f5-09f6347f1ad5", "node_id": "model.weather_analytics.stg_weather"} */
  
    
    
    
    create or replace view `weather`.`bronze_staging`.`stg_weather`
    
    as (
      ﻿
  ----^^^
  
  SELECT 
      city,
      temperature_celsius,
      humidity,
      pressure,
      wind_speed,
      weather_main,
      weather_description,
      observation_time,
      'sample' as ingestion_id,
      CURRENT_TIMESTAMP() as processed_time
  FROM `weather`.`weather`.`weather_gold`
  WHERE is_valid = TRUE
    )
  
  compiled code at target\run\weather_analytics\models\staging\stg_weather.sql
[0m21:53:59.481136 [debug] [Thread-3 (]: Sending event: {'category': 'dbt', 'action': 'run_model', 'label': '155a0f85-e533-4d23-96f5-09f6347f1ad5', 'context': [<snowplow_tracker.self_describing_json.SelfDescribingJson object at 0x000001CA18DCB410>]}
[0m21:53:59.483233 [error] [Thread-3 (]: 1 of 1 ERROR creating sql view model bronze_staging.stg_weather ................ [[31mERROR[0m in 6.38s]
[0m21:53:59.485741 [debug] [Thread-3 (]: Finished running node model.weather_analytics.stg_weather
[0m21:53:59.487921 [debug] [Thread-9 (]: Marking all children of 'model.weather_analytics.stg_weather' to be skipped because of status 'error'.  Reason: Database Error in model stg_weather (models\staging\stg_weather.sql)
  
  [PARSE_SYNTAX_ERROR] Syntax error at or near '﻿'. SQLSTATE: 42601 (line 9, pos 4)
  
  == SQL ==
  /* {"app": "dbt", "dbt_version": "1.11.11", "dbt_databricks_version": "1.12.1", "databricks_sql_connector_version": "4.2.6", "profile_name": "weather_analytics", "target_name": "dev", "invocation_id": "155a0f85-e533-4d23-96f5-09f6347f1ad5", "node_id": "model.weather_analytics.stg_weather"} */
  
    
    
    
    create or replace view `weather`.`bronze_staging`.`stg_weather`
    
    as (
      ﻿
  ----^^^
  
  SELECT 
      city,
      temperature_celsius,
      humidity,
      pressure,
      wind_speed,
      weather_main,
      weather_description,
      observation_time,
      'sample' as ingestion_id,
      CURRENT_TIMESTAMP() as processed_time
  FROM `weather`.`weather`.`weather_gold`
  WHERE is_valid = TRUE
    )
  
  compiled code at target\run\weather_analytics\models\staging\stg_weather.sql.
[0m21:53:59.493128 [debug] [MainThread]: Databricks adapter: DatabricksDBTConnection(session-id=None, name=master) - Creating connection
[0m21:53:59.495135 [debug] [MainThread]: Acquiring new databricks connection 'master'
[0m21:53:59.496126 [info ] [MainThread]: 
[0m21:53:59.498128 [info ] [MainThread]: Finished running 1 view model in 0 hours 0 minutes and 28.80 seconds (28.80s).
[0m21:53:59.503821 [debug] [MainThread]: Command end result
[0m21:53:59.955810 [debug] [MainThread]: Wrote artifact WritableManifest to C:\Users\Shank\PROJECT-CS\data engineering\weather-data-platform\dbt_weather\target\manifest.json
[0m21:53:59.962344 [debug] [MainThread]: Wrote artifact SemanticManifest to C:\Users\Shank\PROJECT-CS\data engineering\weather-data-platform\dbt_weather\target\semantic_manifest.json
[0m21:53:59.979050 [debug] [MainThread]: Wrote artifact RunExecutionResult to C:\Users\Shank\PROJECT-CS\data engineering\weather-data-platform\dbt_weather\target\run_results.json
[0m21:53:59.980053 [info ] [MainThread]: 
[0m21:53:59.981053 [info ] [MainThread]: [31mCompleted with 1 error, 0 partial successes, and 0 warnings:[0m
[0m21:53:59.983523 [info ] [MainThread]: 
[0m21:53:59.985525 [error] [MainThread]: [31mFailure in model stg_weather (models\staging\stg_weather.sql)[0m
[0m21:53:59.986529 [error] [MainThread]:   Database Error in model stg_weather (models\staging\stg_weather.sql)
  
  [PARSE_SYNTAX_ERROR] Syntax error at or near '﻿'. SQLSTATE: 42601 (line 9, pos 4)
  
  == SQL ==
  /* {"app": "dbt", "dbt_version": "1.11.11", "dbt_databricks_version": "1.12.1", "databricks_sql_connector_version": "4.2.6", "profile_name": "weather_analytics", "target_name": "dev", "invocation_id": "155a0f85-e533-4d23-96f5-09f6347f1ad5", "node_id": "model.weather_analytics.stg_weather"} */
  
    
    
    
    create or replace view `weather`.`bronze_staging`.`stg_weather`
    
    as (
      ﻿
  ----^^^
  
  SELECT 
      city,
      temperature_celsius,
      humidity,
      pressure,
      wind_speed,
      weather_main,
      weather_description,
      observation_time,
      'sample' as ingestion_id,
      CURRENT_TIMESTAMP() as processed_time
  FROM `weather`.`weather`.`weather_gold`
  WHERE is_valid = TRUE
    )
  
  compiled code at target\run\weather_analytics\models\staging\stg_weather.sql
[0m21:54:00.008851 [info ] [MainThread]: 
[0m21:54:00.012207 [info ] [MainThread]:   compiled code at target\compiled\weather_analytics\models\staging\stg_weather.sql
[0m21:54:00.013207 [info ] [MainThread]: 
[0m21:54:00.016209 [info ] [MainThread]: Done. PASS=0 WARN=0 ERROR=1 SKIP=0 NO-OP=0 TOTAL=1
[0m21:54:00.019746 [warn ] [MainThread]: [[33mWARNING[0m][DeprecationsSummary]: Deprecated functionality
Summary of encountered deprecations:
- PropertyMovedToConfigDeprecation: 7 occurrences
- MissingArgumentsPropertyInGenericTestDeprecation: 15 occurrences
To see all deprecation instances instead of just the first occurrence of each,
run command again with the `--show-all-deprecations` flag. You may also need to
run with `--no-partial-parse` as some deprecations are only encountered during
parsing.
[0m21:54:00.024149 [debug] [MainThread]: Command `dbt run` failed at 21:54:00.023147 after 43.17 seconds
[0m21:54:00.026147 [debug] [MainThread]: Sending event: {'category': 'dbt', 'action': 'invocation', 'label': 'end', 'context': [<snowplow_tracker.self_describing_json.SelfDescribingJson object at 0x000001CA7807B4D0>, <snowplow_tracker.self_describing_json.SelfDescribingJson object at 0x000001CA7B637610>, <snowplow_tracker.self_describing_json.SelfDescribingJson object at 0x000001CA74D8BBD0>]}
[0m21:54:00.028145 [debug] [MainThread]: Flushing usage events
[0m21:54:02.132891 [debug] [MainThread]: An error was encountered while trying to flush usage events
[0m21:55:25.527501 [debug] [MainThread]: Sending event: {'category': 'dbt', 'action': 'invocation', 'label': 'start', 'context': [<snowplow_tracker.self_describing_json.SelfDescribingJson object at 0x0000019A72555990>, <snowplow_tracker.self_describing_json.SelfDescribingJson object at 0x0000019A725560D0>, <snowplow_tracker.self_describing_json.SelfDescribingJson object at 0x0000019A725562D0>]}


============================== 21:55:25.538389 | d883ad09-f93b-48ed-ba2d-7bb6b2541a14 ==============================
[0m21:55:25.538389 [info ] [MainThread]: Running with dbt=1.11.11
[0m21:55:25.540388 [debug] [MainThread]: running dbt with arguments {'static_parser': 'True', 'no_print': 'None', 'version_check': 'True', 'target_path': 'None', 'warn_error_options': 'WarnErrorOptionsV2(error=[], warn=[], silence=[])', 'printer_width': '80', 'write_json': 'True', 'introspect': 'True', 'log_cache_events': 'False', 'empty': 'False', 'cache_selected_only': 'False', 'fail_fast': 'False', 'debug': 'False', 'log_format': 'default', 'partial_parse': 'True', 'send_anonymous_usage_stats': 'True', 'quiet': 'False', 'warn_error': 'None', 'profiles_dir': 'C:\\Users\\Shank\\PROJECT-CS\\data engineering\\weather-data-platform\\dbt_weather', 'indirect_selection': 'eager', 'use_colors': 'True', 'invocation_command': 'dbt run --select staging', 'use_experimental_parser': 'False', 'log_path': 'C:\\Users\\Shank\\PROJECT-CS\\data engineering\\weather-data-platform\\dbt_weather\\logs'}
[0m21:55:28.957343 [debug] [MainThread]: Spark adapter: Setting pyhive.hive logging to ERROR
[0m21:55:28.959914 [debug] [MainThread]: Spark adapter: Setting thrift.transport logging to ERROR
[0m21:55:28.962034 [debug] [MainThread]: Spark adapter: Setting thrift.protocol logging to ERROR
[0m21:55:34.924164 [debug] [MainThread]: Sending event: {'category': 'dbt', 'action': 'project_id', 'label': 'd883ad09-f93b-48ed-ba2d-7bb6b2541a14', 'context': [<snowplow_tracker.self_describing_json.SelfDescribingJson object at 0x0000019A0FC31650>]}
[0m21:55:35.231157 [debug] [MainThread]: Sending event: {'category': 'dbt', 'action': 'adapter_info', 'label': 'd883ad09-f93b-48ed-ba2d-7bb6b2541a14', 'context': [<snowplow_tracker.self_describing_json.SelfDescribingJson object at 0x0000019A74D5F910>]}
[0m21:55:35.234154 [info ] [MainThread]: Registered adapter: databricks=1.12.1
[0m21:55:37.260260 [debug] [MainThread]: checksum: 30a8cc8fdcbf66701b0944d4ccce3fa46dd04b61e5df68b9f16d57b2e0e3f0be, vars: {}, profile: , target: , version: 1.11.11
[0m21:55:38.526239 [warn ] [MainThread]: [[33mWARNING[0m][PropertyMovedToConfigDeprecation]: Deprecated functionality
Found `meta` as a top-level property of `models[0]` in file
`models\marts\schema.yml`. The `meta` top-level property should be moved into
the `config` of `models[0]`.
[0m21:55:38.528825 [debug] [MainThread]: Sending event: {'category': 'dbt', 'action': 'deprecation', 'label': 'd883ad09-f93b-48ed-ba2d-7bb6b2541a14', 'property_': 'warn', 'context': [<snowplow_tracker.self_describing_json.SelfDescribingJson object at 0x0000019A7254B150>]}
[0m21:55:39.018859 [debug] [MainThread]: Partial parsing enabled: 0 files deleted, 0 files added, 0 files changed.
[0m21:55:39.019859 [debug] [MainThread]: Nothing changed, skipping partial parsing.
[0m21:55:39.020839 [debug] [MainThread]: Partial parsing enabled, no changes found, skipping parsing
[0m21:55:39.067948 [warn ] [MainThread]: [[33mWARNING[0m]: Configuration paths exist in your dbt_project.yml file which do not apply to any resources.
There are 2 unused configuration paths:
- seeds
- snapshots
[0m21:55:39.222713 [debug] [MainThread]: Sending event: {'category': 'dbt', 'action': 'load_project', 'label': 'd883ad09-f93b-48ed-ba2d-7bb6b2541a14', 'context': [<snowplow_tracker.self_describing_json.SelfDescribingJson object at 0x0000019A0FEA9510>]}
[0m21:55:39.829090 [debug] [MainThread]: Wrote artifact WritableManifest to C:\Users\Shank\PROJECT-CS\data engineering\weather-data-platform\dbt_weather\target\manifest.json
[0m21:55:39.837523 [debug] [MainThread]: Wrote artifact SemanticManifest to C:\Users\Shank\PROJECT-CS\data engineering\weather-data-platform\dbt_weather\target\semantic_manifest.json
[0m21:55:39.899308 [debug] [MainThread]: Sending event: {'category': 'dbt', 'action': 'resource_counts', 'label': 'd883ad09-f93b-48ed-ba2d-7bb6b2541a14', 'context': [<snowplow_tracker.self_describing_json.SelfDescribingJson object at 0x0000019A0DC96650>]}
[0m21:55:39.900699 [info ] [MainThread]: Found 14 models, 192 data tests, 2 sources, 894 macros
[0m21:55:39.902862 [debug] [MainThread]: Sending event: {'category': 'dbt', 'action': 'runnable_timing', 'label': 'd883ad09-f93b-48ed-ba2d-7bb6b2541a14', 'context': [<snowplow_tracker.self_describing_json.SelfDescribingJson object at 0x0000019A0C548790>]}
[0m21:55:39.910595 [info ] [MainThread]: 
[0m21:55:39.911596 [info ] [MainThread]: Concurrency: 4 threads (target='dev')
[0m21:55:39.914601 [info ] [MainThread]: 
[0m21:55:39.917619 [debug] [MainThread]: Databricks adapter: DatabricksDBTConnection(session-id=None, name=master) - Creating connection
[0m21:55:39.920253 [debug] [MainThread]: Acquiring new databricks connection 'master'
[0m21:55:39.923252 [debug] [ThreadPool]: Databricks adapter: DatabricksDBTConnection(session-id=None, name=list_weather) - Creating connection
[0m21:55:39.925265 [debug] [ThreadPool]: Acquiring new databricks connection 'list_weather'
[0m21:55:39.963257 [debug] [ThreadPool]: Using databricks connection "list_weather"
[0m21:55:39.964257 [debug] [ThreadPool]: On list_weather: /* {"app": "dbt", "dbt_version": "1.11.11", "dbt_databricks_version": "1.12.1", "databricks_sql_connector_version": "4.2.6", "profile_name": "weather_analytics", "target_name": "dev", "invocation_id": "d883ad09-f93b-48ed-ba2d-7bb6b2541a14", "connection_name": "list_weather"} */

    

  SHOW SCHEMAS IN `weather`


  
[0m21:55:39.966278 [debug] [ThreadPool]: Opening a new connection, currently in state init
[0m21:55:51.650966 [debug] [ThreadPool]: Databricks adapter: Connection(session-id=01f17244-dd13-10ab-bb04-6a1df24c8868) - Created
[0m21:55:52.506412 [debug] [ThreadPool]: SQL status: OK in 12.540 seconds
[0m21:55:52.541442 [debug] [ThreadPool]: Databricks adapter: Cursor(session-id=01f17244-dd13-10ab-bb04-6a1df24c8868, command-id=01f17244-de99-1e38-9a2a-c1849d79ba01) - Closing
[0m21:55:52.543469 [debug] [ThreadPool]: On list_weather: Close
[0m21:55:52.544450 [debug] [ThreadPool]: Databricks adapter: Connection(session-id=01f17244-dd13-10ab-bb04-6a1df24c8868) - Closing
[0m21:55:53.058168 [debug] [ThreadPool]: Databricks adapter: DatabricksDBTConnection(session-id=None, name=list_weather_bronze_marts) - Creating connection
[0m21:55:53.060173 [debug] [ThreadPool]: Databricks adapter: DatabricksDBTConnection(session-id=None, name=list_weather_bronze_intermediate) - Creating connection
[0m21:55:53.062871 [debug] [ThreadPool]: Acquiring new databricks connection 'list_weather_bronze_marts'
[0m21:55:53.065109 [debug] [ThreadPool]: Databricks adapter: DatabricksDBTConnection(session-id=None, name=list_weather_bronze_staging) - Creating connection
[0m21:55:53.067115 [debug] [ThreadPool]: Databricks adapter: DatabricksDBTConnection(session-id=None, name=list_weather_bronze_dbt_test__audit) - Creating connection
[0m21:55:53.069204 [debug] [ThreadPool]: Acquiring new databricks connection 'list_weather_bronze_intermediate'
[0m21:55:53.084497 [debug] [ThreadPool]: Using databricks connection "list_weather_bronze_marts"
[0m21:55:53.087677 [debug] [ThreadPool]: Acquiring new databricks connection 'list_weather_bronze_staging'
[0m21:55:53.090131 [debug] [ThreadPool]: Acquiring new databricks connection 'list_weather_bronze_dbt_test__audit'
[0m21:55:53.098337 [debug] [ThreadPool]: Using databricks connection "list_weather_bronze_intermediate"
[0m21:55:53.100623 [debug] [ThreadPool]: On list_weather_bronze_marts: /* {"app": "dbt", "dbt_version": "1.11.11", "dbt_databricks_version": "1.12.1", "databricks_sql_connector_version": "4.2.6", "profile_name": "weather_analytics", "target_name": "dev", "invocation_id": "d883ad09-f93b-48ed-ba2d-7bb6b2541a14", "connection_name": "list_weather_bronze_marts"} */

    
SELECT
  table_name,
  if(table_type IN ('EXTERNAL', 'MANAGED', 'MANAGED_SHALLOW_CLONE', 'EXTERNAL_SHALLOW_CLONE'), 'table', lower(table_type)) AS table_type,
  lower(data_source_format) AS file_format,
  table_owner,
  if(
    table_type IN (
      'EXTERNAL',
      'MANAGED',
      'MANAGED_SHALLOW_CLONE',
      'EXTERNAL_SHALLOW_CLONE'
    ),
    lower(table_type),
    NULL
  ) AS databricks_table_type
FROM `system`.`information_schema`.`tables`
WHERE table_catalog = 'weather'
  AND table_schema = 'bronze_marts'

  
[0m21:55:53.109551 [debug] [ThreadPool]: Using databricks connection "list_weather_bronze_staging"
[0m21:55:53.121399 [debug] [ThreadPool]: Using databricks connection "list_weather_bronze_dbt_test__audit"
[0m21:55:53.123400 [debug] [ThreadPool]: On list_weather_bronze_intermediate: /* {"app": "dbt", "dbt_version": "1.11.11", "dbt_databricks_version": "1.12.1", "databricks_sql_connector_version": "4.2.6", "profile_name": "weather_analytics", "target_name": "dev", "invocation_id": "d883ad09-f93b-48ed-ba2d-7bb6b2541a14", "connection_name": "list_weather_bronze_intermediate"} */

    
SELECT
  table_name,
  if(table_type IN ('EXTERNAL', 'MANAGED', 'MANAGED_SHALLOW_CLONE', 'EXTERNAL_SHALLOW_CLONE'), 'table', lower(table_type)) AS table_type,
  lower(data_source_format) AS file_format,
  table_owner,
  if(
    table_type IN (
      'EXTERNAL',
      'MANAGED',
      'MANAGED_SHALLOW_CLONE',
      'EXTERNAL_SHALLOW_CLONE'
    ),
    lower(table_type),
    NULL
  ) AS databricks_table_type
FROM `system`.`information_schema`.`tables`
WHERE table_catalog = 'weather'
  AND table_schema = 'bronze_intermediate'

  
[0m21:55:53.125401 [debug] [ThreadPool]: Opening a new connection, currently in state init
[0m21:55:53.126401 [debug] [ThreadPool]: On list_weather_bronze_staging: /* {"app": "dbt", "dbt_version": "1.11.11", "dbt_databricks_version": "1.12.1", "databricks_sql_connector_version": "4.2.6", "profile_name": "weather_analytics", "target_name": "dev", "invocation_id": "d883ad09-f93b-48ed-ba2d-7bb6b2541a14", "connection_name": "list_weather_bronze_staging"} */

    
SELECT
  table_name,
  if(table_type IN ('EXTERNAL', 'MANAGED', 'MANAGED_SHALLOW_CLONE', 'EXTERNAL_SHALLOW_CLONE'), 'table', lower(table_type)) AS table_type,
  lower(data_source_format) AS file_format,
  table_owner,
  if(
    table_type IN (
      'EXTERNAL',
      'MANAGED',
      'MANAGED_SHALLOW_CLONE',
      'EXTERNAL_SHALLOW_CLONE'
    ),
    lower(table_type),
    NULL
  ) AS databricks_table_type
FROM `system`.`information_schema`.`tables`
WHERE table_catalog = 'weather'
  AND table_schema = 'bronze_staging'

  
[0m21:55:53.128399 [debug] [ThreadPool]: On list_weather_bronze_dbt_test__audit: /* {"app": "dbt", "dbt_version": "1.11.11", "dbt_databricks_version": "1.12.1", "databricks_sql_connector_version": "4.2.6", "profile_name": "weather_analytics", "target_name": "dev", "invocation_id": "d883ad09-f93b-48ed-ba2d-7bb6b2541a14", "connection_name": "list_weather_bronze_dbt_test__audit"} */

    
SELECT
  table_name,
  if(table_type IN ('EXTERNAL', 'MANAGED', 'MANAGED_SHALLOW_CLONE', 'EXTERNAL_SHALLOW_CLONE'), 'table', lower(table_type)) AS table_type,
  lower(data_source_format) AS file_format,
  table_owner,
  if(
    table_type IN (
      'EXTERNAL',
      'MANAGED',
      'MANAGED_SHALLOW_CLONE',
      'EXTERNAL_SHALLOW_CLONE'
    ),
    lower(table_type),
    NULL
  ) AS databricks_table_type
FROM `system`.`information_schema`.`tables`
WHERE table_catalog = 'weather'
  AND table_schema = 'bronze_dbt_test__audit'

  
[0m21:55:53.130825 [debug] [ThreadPool]: Opening a new connection, currently in state init
[0m21:55:53.134352 [debug] [ThreadPool]: Opening a new connection, currently in state init
[0m21:55:53.135376 [debug] [ThreadPool]: Opening a new connection, currently in state init
[0m21:55:59.984143 [debug] [ThreadPool]: Databricks adapter: Connection(session-id=01f17244-e2ab-10c8-a2d9-4b23097410d1) - Created
[0m21:55:59.985923 [debug] [ThreadPool]: Databricks adapter: Connection(session-id=01f17244-e2bb-19e9-af93-13a3f5f117fa) - Created
[0m21:55:59.987042 [debug] [ThreadPool]: Databricks adapter: Connection(session-id=01f17244-e2c3-1690-aa74-084dbce3910a) - Created
[0m21:56:00.502232 [debug] [ThreadPool]: Databricks adapter: Connection(session-id=01f17244-e39f-1f11-a612-72f2834e123a) - Created
[0m21:56:00.847711 [debug] [ThreadPool]: SQL status: OK in 7.720 seconds
[0m21:56:00.863815 [debug] [ThreadPool]: Databricks adapter: Cursor(session-id=01f17244-e2ab-10c8-a2d9-4b23097410d1, command-id=01f17244-e38e-1ba3-ae54-df1fc6e39919) - Closing
[0m21:56:00.874819 [debug] [ThreadPool]: SQL status: OK in 7.740 seconds
[0m21:56:00.875819 [debug] [ThreadPool]: On list_weather_bronze_marts: Close
[0m21:56:00.879600 [debug] [ThreadPool]: Databricks adapter: Connection(session-id=01f17244-e2ab-10c8-a2d9-4b23097410d1) - Closing
[0m21:56:00.884112 [debug] [ThreadPool]: Databricks adapter: Cursor(session-id=01f17244-e2bb-19e9-af93-13a3f5f117fa, command-id=01f17244-e38d-1ff7-88ed-987966893c46) - Closing
[0m21:56:00.893099 [debug] [ThreadPool]: SQL status: OK in 7.760 seconds
[0m21:56:00.900719 [debug] [ThreadPool]: Databricks adapter: Cursor(session-id=01f17244-e2c3-1690-aa74-084dbce3910a, command-id=01f17244-e38e-1d8d-86b7-1d6194de0b28) - Closing
[0m21:56:01.218223 [debug] [ThreadPool]: On list_weather_bronze_intermediate: Close
[0m21:56:01.219914 [debug] [ThreadPool]: Databricks adapter: Connection(session-id=01f17244-e2bb-19e9-af93-13a3f5f117fa) - Closing
[0m21:56:01.363527 [debug] [ThreadPool]: SQL status: OK in 8.230 seconds
[0m21:56:01.367933 [debug] [ThreadPool]: Databricks adapter: Cursor(session-id=01f17244-e39f-1f11-a612-72f2834e123a, command-id=01f17244-e3dc-142c-a691-65b348d5b82a) - Closing
[0m21:56:01.573168 [debug] [ThreadPool]: On list_weather_bronze_dbt_test__audit: Close
[0m21:56:01.574895 [debug] [ThreadPool]: Databricks adapter: Connection(session-id=01f17244-e2c3-1690-aa74-084dbce3910a) - Closing
[0m21:56:01.935016 [debug] [ThreadPool]: On list_weather_bronze_staging: Close
[0m21:56:01.937264 [debug] [ThreadPool]: Databricks adapter: Connection(session-id=01f17244-e39f-1f11-a612-72f2834e123a) - Closing
[0m21:56:02.421032 [debug] [MainThread]: Sending event: {'category': 'dbt', 'action': 'runnable_timing', 'label': 'd883ad09-f93b-48ed-ba2d-7bb6b2541a14', 'context': [<snowplow_tracker.self_describing_json.SelfDescribingJson object at 0x0000019A0EA23710>]}
[0m21:56:02.434879 [debug] [Thread-3 (]: Began running node model.weather_analytics.stg_weather
[0m21:56:02.435878 [info ] [Thread-3 (]: 1 of 1 START sql view model bronze_staging.stg_weather ......................... [RUN]
[0m21:56:02.438895 [debug] [Thread-3 (]: Databricks adapter: DatabricksDBTConnection(session-id=None, name=model.weather_analytics.stg_weather) - Creating connection
[0m21:56:02.440906 [debug] [Thread-3 (]: Acquiring new databricks connection 'model.weather_analytics.stg_weather'
[0m21:56:02.442910 [debug] [Thread-3 (]: Began compiling node model.weather_analytics.stg_weather
[0m21:56:02.473118 [debug] [Thread-3 (]: Writing injected SQL for node "model.weather_analytics.stg_weather"
[0m21:56:02.477383 [debug] [Thread-3 (]: Began executing node model.weather_analytics.stg_weather
[0m21:56:02.531544 [debug] [Thread-3 (]: MATERIALIZING VIEW
[0m21:56:02.583941 [debug] [Thread-3 (]: Creating view `weather`.`bronze_staging`.`stg_weather`
[0m21:56:02.611339 [debug] [Thread-3 (]: Writing runtime sql for node "model.weather_analytics.stg_weather"
[0m21:56:02.614314 [debug] [Thread-3 (]: Using databricks connection "model.weather_analytics.stg_weather"
[0m21:56:02.616350 [debug] [Thread-3 (]: On model.weather_analytics.stg_weather: /* {"app": "dbt", "dbt_version": "1.11.11", "dbt_databricks_version": "1.12.1", "databricks_sql_connector_version": "4.2.6", "profile_name": "weather_analytics", "target_name": "dev", "invocation_id": "d883ad09-f93b-48ed-ba2d-7bb6b2541a14", "node_id": "model.weather_analytics.stg_weather"} */

  
  
  
  create or replace view `weather`.`bronze_staging`.`stg_weather`
  
  as (
    ﻿

SELECT 
    city,
    temperature_celsius,
    humidity,
    pressure,
    wind_speed,
    weather_main,
    weather_description,
    observation_time,
    'sample' as ingestion_id,
    CURRENT_TIMESTAMP() as processed_time
FROM `weather`.`weather`.`weather_gold`
WHERE is_valid = TRUE
  )

[0m21:56:02.618402 [debug] [Thread-3 (]: Opening a new connection, currently in state init
[0m21:56:07.534499 [debug] [Thread-3 (]: Databricks adapter: Connection(session-id=01f17244-e759-17c3-ab63-4504e5440edd) - Created
[0m21:56:08.212943 [debug] [Thread-3 (]: Databricks adapter: Exception while trying to execute query
/* {"app": "dbt", "dbt_version": "1.11.11", "dbt_databricks_version": "1.12.1", "databricks_sql_connector_version": "4.2.6", "profile_name": "weather_analytics", "target_name": "dev", "invocation_id": "d883ad09-f93b-48ed-ba2d-7bb6b2541a14", "node_id": "model.weather_analytics.stg_weather"} */

  
  
  
  create or replace view `weather`.`bronze_staging`.`stg_weather`
  
  as (
    ﻿

SELECT 
    city,
    temperature_celsius,
    humidity,
    pressure,
    wind_speed,
    weather_main,
    weather_description,
    observation_time,
    'sample' as ingestion_id,
    CURRENT_TIMESTAMP() as processed_time
FROM `weather`.`weather`.`weather_gold`
WHERE is_valid = TRUE
  )

: 
[PARSE_SYNTAX_ERROR] Syntax error at or near '﻿'. SQLSTATE: 42601 (line 9, pos 4)

== SQL ==
/* {"app": "dbt", "dbt_version": "1.11.11", "dbt_databricks_version": "1.12.1", "databricks_sql_connector_version": "4.2.6", "profile_name": "weather_analytics", "target_name": "dev", "invocation_id": "d883ad09-f93b-48ed-ba2d-7bb6b2541a14", "node_id": "model.weather_analytics.stg_weather"} */

  
  
  
  create or replace view `weather`.`bronze_staging`.`stg_weather`
  
  as (
    ﻿
----^^^

SELECT 
    city,
    temperature_celsius,
    humidity,
    pressure,
    wind_speed,
    weather_main,
    weather_description,
    observation_time,
    'sample' as ingestion_id,
    CURRENT_TIMESTAMP() as processed_time
FROM `weather`.`weather`.`weather_gold`
WHERE is_valid = TRUE
  )

Error properties: diagnostic-info=org.apache.hive.service.cli.HiveSQLException: Error running query: [PARSE_SYNTAX_ERROR] org.apache.spark.sql.catalyst.parser.ParseException: 
[PARSE_SYNTAX_ERROR] Syntax error at or near '﻿'. SQLSTATE: 42601 (line 9, pos 4)

== SQL ==
/* {"app": "dbt", "dbt_version": "1.11.11", "dbt_databricks_version": "1.12.1", "databricks_sql_connector_version": "4.2.6", "profile_name": "weather_analytics", "target_name": "dev", "invocation_id": "d883ad09-f93b-48ed-ba2d-7bb6b2541a14", "node_id": "model.weather_analytics.stg_weather"} */

  
  
  
  create or replace view `weather`.`bronze_staging`.`stg_weather`
  
  as (
    ﻿
----^^^

SELECT 
    city,
    temperature_celsius,
    humidity,
    pressure,
    wind_speed,
    weather_main,
    weather_description,
    observation_time,
    'sample' as ingestion_id,
    CURRENT_TIMESTAMP() as processed_time
FROM `weather`.`weather`.`weather_gold`
WHERE is_valid = TRUE
  )

	at org.apache.spark.sql.hive.thriftserver.HiveThriftServerErrors$.runningQueryError(HiveThriftServerErrors.scala:58)
	at org.apache.spark.sql.hive.thriftserver.SparkExecuteStatementOperation.$anonfun$execute$1(SparkExecuteStatementOperation.scala:1352)
	at scala.runtime.java8.JFunction0$mcV$sp.apply(JFunction0$mcV$sp.scala:18)
	at com.databricks.unity.UCSEphemeralState$Handle.runWith(UCSEphemeralState.scala:51)
	at com.databricks.unity.HandleImpl.runWith(UCSHandle.scala:128)
	at org.apache.spark.sql.hive.thriftserver.SparkExecuteStatementOperation.org$apache$spark$sql$hive$thriftserver$SparkExecuteStatementOperation$$execute(SparkExecuteStatementOperation.scala:1030)
	at org.apache.spark.sql.hive.thriftserver.SparkExecuteStatementOperation$$anon$2$$anon$3.$anonfun$run$6(SparkExecuteStatementOperation.scala:641)
	at scala.runtime.java8.JFunction0$mcV$sp.apply(JFunction0$mcV$sp.scala:18)
	at org.apache.spark.sql.execution.SQLExecution$.withRootExecution(SQLExecution.scala:1439)
	at org.apache.spark.sql.hive.thriftserver.SparkExecuteStatementOperation$$anon$2$$anon$3.$anonfun$run$3(SparkExecuteStatementOperation.scala:641)
	at scala.runtime.java8.JFunction0$mcV$sp.apply(JFunction0$mcV$sp.scala:18)
	at com.databricks.util.TracingSpanUtils$.withTracing(TracingSpanUtils.scala:251)
	at com.databricks.spark.util.DatabricksTracingHelper.withSpan(DatabricksSparkTracingHelper.scala:154)
	at com.databricks.spark.util.DBRTracing$.withSpan(DBRTracing.scala:87)
	at org.apache.spark.sql.hive.thriftserver.ThriftLocalProperties.$anonfun$withLocalProperties$18(ThriftLocalProperties.scala:366)
	at com.databricks.logging.AttributionContextTracing.$anonfun$withAttributionContext$1(AttributionContextTracing.scala:146)
	at com.databricks.logging.AttributionContext$.$anonfun$withValue$1(AttributionContext.scala:349)
	at scala.util.DynamicVariable.withValue(DynamicVariable.scala:59)
	at com.databricks.logging.AttributionContext$.withValue(AttributionContext.scala:345)
	at com.databricks.logging.AttributionContextTracing.withAttributionContext(AttributionContextTracing.scala:144)
	at com.databricks.logging.AttributionContextTracing.withAttributionContext$(AttributionContextTracing.scala:141)
	at com.databricks.spark.util.PublicDBLogging.withAttributionContext(DatabricksSparkUsageLogger.scala:29)
	at com.databricks.logging.AttributionContextTracing.withAttributionTags(AttributionContextTracing.scala:201)
	at com.databricks.logging.AttributionContextTracing.withAttributionTags$(AttributionContextTracing.scala:182)
	at com.databricks.spark.util.PublicDBLogging.withAttributionTags(DatabricksSparkUsageLogger.scala:29)
	at com.databricks.spark.util.PublicDBLogging.withAttributionTags0(DatabricksSparkUsageLogger.scala:108)
	at com.databricks.spark.util.DatabricksSparkUsageLogger.withAttributionTags(DatabricksSparkUsageLogger.scala:215)
	at com.databricks.spark.util.UsageLogging.$anonfun$withAttributionTags$1(UsageLogger.scala:668)
	at com.databricks.spark.util.UsageLogging$.withAttributionTags(UsageLogger.scala:780)
	at com.databricks.spark.util.UsageLogging$.withAttributionTags(UsageLogger.scala:789)
	at com.databricks.spark.util.UsageLogging.withAttributionTags(UsageLogger.scala:668)
	at com.databricks.spark.util.UsageLogging.withAttributionTags$(UsageLogger.scala:666)
	at org.apache.spark.sql.hive.thriftserver.SparkExecuteStatementOperation.withAttributionTags(SparkExecuteStatementOperation.scala:83)
	at org.apache.spark.sql.hive.thriftserver.ThriftLocalProperties.$anonfun$withLocalProperties$15(ThriftLocalProperties.scala:365)
	at com.databricks.spark.util.IdentityClaim$.withClaim(IdentityClaim.scala:48)
	at org.apache.spark.sql.hive.thriftserver.ThriftLocalProperties.withLocalProperties(ThriftLocalProperties.scala:360)
	at org.apache.spark.sql.hive.thriftserver.ThriftLocalProperties.withLocalProperties$(ThriftLocalProperties.scala:180)
	at org.apache.spark.sql.hive.thriftserver.SparkExecuteStatementOperation.withLocalProperties(SparkExecuteStatementOperation.scala:83)
	at org.apache.spark.sql.hive.thriftserver.SparkExecuteStatementOperation$$anon$2$$anon$3.$anonfun$run$2(SparkExecuteStatementOperation.scala:617)
	at scala.runtime.java8.JFunction0$mcV$sp.apply(JFunction0$mcV$sp.scala:18)
	at com.databricks.spark.util.DBRTracing$.withSpanFromParent(DBRTracing.scala:70)
	at org.apache.spark.sql.hive.thriftserver.SparkExecuteStatementOperation$$anon$2$$anon$3.run(SparkExecuteStatementOperation.scala:617)
	at org.apache.spark.sql.hive.thriftserver.SparkExecuteStatementOperation$$anon$2$$anon$3.run(SparkExecuteStatementOperation.scala:590)
	at java.base/java.security.AccessController.doPrivileged(AccessController.java:712)
	at java.base/javax.security.auth.Subject.doAs(Subject.java:439)
	at org.apache.hadoop.security.UserGroupInformation.doAs(UserGroupInformation.java:1953)
	at org.apache.spark.sql.hive.thriftserver.SparkExecuteStatementOperation$$anon$2.run(SparkExecuteStatementOperation.scala:655)
	at java.base/java.util.concurrent.Executors$RunnableAdapter.call(Executors.java:539)
	at java.base/java.util.concurrent.FutureTask.run(FutureTask.java:264)
	at java.base/java.util.concurrent.ThreadPoolExecutor.runWorker(ThreadPoolExecutor.java:1136)
	at java.base/java.util.concurrent.ThreadPoolExecutor$Worker.run(ThreadPoolExecutor.java:635)
	at java.base/java.lang.Thread.run(Thread.java:840)
Caused by: org.apache.spark.sql.catalyst.parser.ParseException: 
[PARSE_SYNTAX_ERROR] Syntax error at or near '﻿'. SQLSTATE: 42601 (line 9, pos 4)

== SQL ==
/* {"app": "dbt", "dbt_version": "1.11.11", "dbt_databricks_version": "1.12.1", "databricks_sql_connector_version": "4.2.6", "profile_name": "weather_analytics", "target_name": "dev", "invocation_id": "d883ad09-f93b-48ed-ba2d-7bb6b2541a14", "node_id": "model.weather_analytics.stg_weather"} */

  
  
  
  create or replace view `weather`.`bronze_staging`.`stg_weather`
  
  as (
    ﻿
----^^^

SELECT 
    city,
    temperature_celsius,
    humidity,
    pressure,
    wind_speed,
    weather_main,
    weather_description,
    observation_time,
    'sample' as ingestion_id,
    CURRENT_TIMESTAMP() as processed_time
FROM `weather`.`weather`.`weather_gold`
WHERE is_valid = TRUE
  )

	at org.apache.spark.sql.catalyst.parser.ParseException.withCommand(parsers.scala:514)
	at org.apache.spark.sql.catalyst.parser.AbstractParser$.executeWithTwoStageStrategy(parsers.scala:328)
	at org.apache.spark.sql.catalyst.parser.AbstractParser.parse(parsers.scala:89)
	at org.apache.spark.sql.execution.SparkSqlParser.super$parse(SparkSqlParser.scala:312)
	at org.apache.spark.sql.execution.SparkSqlParser.$anonfun$parseInternal$1(SparkSqlParser.scala:312)
	at org.apache.spark.sql.catalyst.trees.CurrentOrigin$.withOrigin(origin.scala:142)
	at org.apache.spark.sql.execution.SparkSqlParser.parseInternal(SparkSqlParser.scala:312)
	at org.apache.spark.sql.execution.SparkSqlParser.parse(SparkSqlParser.scala:229)
	at org.apache.spark.sql.catalyst.parser.AbstractSqlParser.parsePlan(AbstractSqlParser.scala:118)
	at com.databricks.sql.QueryRuntimePredictionUtils$.$anonfun$getParsedPlanWithTracking$4(QueryRuntimePrediction.scala:473)
	at com.databricks.spark.util.FrameProfiler$.$anonfun$record$1(FrameProfiler.scala:114)
	at com.databricks.spark.util.FrameProfilerExporter$.maybeExportFrameProfiler(FrameProfilerExporter.scala:146)
	at com.databricks.spark.util.FrameProfiler$.record(FrameProfiler.scala:105)
	at org.apache.spark.sql.catalyst.QueryPlanningTracker.measurePhase(QueryPlanningTracker.scala:925)
	at com.databricks.sql.QueryRuntimePredictionUtils$.$anonfun$getParsedPlanWithTracking$3(QueryRuntimePrediction.scala:457)
	at org.apache.spark.sql.catalyst.QueryPlanningTracker$.withTracker(QueryPlanningTracker.scala:266)
	at com.databricks.sql.QueryRuntimePredictionUtils$.$anonfun$getParsedPlanWithTracking$2(QueryRuntimePrediction.scala:457)
	at org.apache.spark.sql.execution.SQLExecution$.$anonfun$withExecutionPhase$1(SQLExecution.scala:322)
	at com.databricks.util.TracingSpanUtils$.withTracing(TracingSpanUtils.scala:251)
	at com.databricks.spark.util.DatabricksTracingHelper.withSpan(DatabricksSparkTracingHelper.scala:154)
	at com.databricks.spark.util.DBRTracing$.withSpan(DBRTracing.scala:87)
	at org.apache.spark.sql.execution.SQLExecution$.withExecutionPhase(SQLExecution.scala:303)
	at com.databricks.sql.QueryRuntimePredictionUtils$.$anonfun$getParsedPlanWithTracking$1(QueryRuntimePrediction.scala:456)
	at com.databricks.sql.util.MemoryTrackerHelper.withMemoryTracking(MemoryTrackerHelper.scala:111)
	at com.databricks.sql.QueryRuntimePredictionUtils$.getParsedPlanWithTracking(QueryRuntimePrediction.scala:452)
	at com.databricks.sql.QueryRuntimePrediction.$anonfun$getQueryExecutionWithParsedPlan$1(QueryRuntimePrediction.scala:895)
	at org.apache.spark.sql.SparkSession.withActive(SparkSession.scala:866)
	at com.databricks.sql.QueryRuntimePrediction.getQueryExecutionWithParsedPlan(QueryRuntimePrediction.scala:886)
	at com.databricks.sql.QueryRuntimePrediction.getRuntimeCategory(QueryRuntimePrediction.scala:610)
	at com.databricks.sql.ClusterLoadMonitor.$anonfun$getRuntimeCategory$3(ClusterLoadMonitor.scala:1120)
	at com.databricks.unity.UCSEphemeralState$Handle.runWith(UCSEphemeralState.scala:51)
	at com.databricks.unity.HandleImpl.runWith(UCSHandle.scala:128)
	at com.databricks.unity.HandleImpl.$anonfun$runWithAndClose$1(UCSHandle.scala:133)
	at scala.util.Using$.resource(Using.scala:296)
	at com.databricks.unity.HandleImpl.runWithAndClose(UCSHandle.scala:132)
	at com.databricks.sql.ClusterLoadMonitor.$anonfun$getRuntimeCategory$2(ClusterLoadMonitor.scala:1115)
	at java.base/java.util.concurrent.CompletableFuture$AsyncSupply.run(CompletableFuture.java:1768)
	at org.apache.spark.util.threads.SparkThreadLocalCapturingRunnable.$anonfun$run$1(SparkThreadLocalForwardingThreadPoolExecutor.scala:171)
	at scala.runtime.java8.JFunction0$mcV$sp.apply(JFunction0$mcV$sp.scala:18)
	at com.databricks.spark.util.DBRTracing$.withSpanFromParent(DBRTracing.scala:70)
	at org.apache.spark.util.threads.SparkThreadLocalCapturingHelper.$anonfun$runWithCaptured$7(SparkThreadLocalForwardingThreadPoolExecutor.scala:124)
	at com.databricks.util.LexicalThreadLocal$Handle.runWith(LexicalThreadLocal.scala:63)
	at org.apache.spark.util.threads.SparkThreadLocalCapturingHelper.$anonfun$runWithCaptured$6(SparkThreadLocalForwardingThreadPoolExecutor.scala:123)
	at com.databricks.sql.transaction.tahoe.mst.MSTThreadHelper$.runWithMSTContext(MSTThreadHelper.scala:60)
	at org.apache.spark.util.threads.SparkThreadLocalCapturingHelper.$anonfun$runWithCaptured$5(SparkThreadLocalForwardingThreadPoolExecutor.scala:120)
	at com.databricks.spark.util.IdentityClaim$.withClaim(IdentityClaim.scala:48)
	at org.apache.spark.util.threads.SparkThreadLocalCapturingHelper.$anonfun$runWithCaptured$4(SparkThreadLocalForwardingThreadPoolExecutor.scala:119)
	at com.databricks.unity.UCSEphemeralState$Handle.runWith(UCSEphemeralState.scala:51)
	at org.apache.spark.util.threads.SparkThreadLocalCapturingHelper.runWithCaptured(SparkThreadLocalForwardingThreadPoolExecutor.scala:118)
	at org.apache.spark.util.threads.SparkThreadLocalCapturingHelper.runWithCaptured$(SparkThreadLocalForwardingThreadPoolExecutor.scala:95)
	at org.apache.spark.util.threads.SparkThreadLocalCapturingRunnable.runWithCaptured(SparkThreadLocalForwardingThreadPoolExecutor.scala:168)
	at org.apache.spark.util.threads.SparkThreadLocalCapturingRunnable.run(SparkThreadLocalForwardingThreadPoolExecutor.scala:171)
	... 3 more
, operation-id=01f17244-e813-18ff-9731-b905a897bc72
[0m21:56:08.216491 [debug] [Thread-3 (]: On model.weather_analytics.stg_weather: Close
[0m21:56:08.218492 [debug] [Thread-3 (]: Databricks adapter: Connection(session-id=01f17244-e759-17c3-ab63-4504e5440edd) - Closing
[0m21:56:08.696620 [debug] [Thread-3 (]: Database Error in model stg_weather (models\staging\stg_weather.sql)
  
  [PARSE_SYNTAX_ERROR] Syntax error at or near '﻿'. SQLSTATE: 42601 (line 9, pos 4)
  
  == SQL ==
  /* {"app": "dbt", "dbt_version": "1.11.11", "dbt_databricks_version": "1.12.1", "databricks_sql_connector_version": "4.2.6", "profile_name": "weather_analytics", "target_name": "dev", "invocation_id": "d883ad09-f93b-48ed-ba2d-7bb6b2541a14", "node_id": "model.weather_analytics.stg_weather"} */
  
    
    
    
    create or replace view `weather`.`bronze_staging`.`stg_weather`
    
    as (
      ﻿
  ----^^^
  
  SELECT 
      city,
      temperature_celsius,
      humidity,
      pressure,
      wind_speed,
      weather_main,
      weather_description,
      observation_time,
      'sample' as ingestion_id,
      CURRENT_TIMESTAMP() as processed_time
  FROM `weather`.`weather`.`weather_gold`
  WHERE is_valid = TRUE
    )
  
  compiled code at target\run\weather_analytics\models\staging\stg_weather.sql
[0m21:56:08.702748 [debug] [Thread-3 (]: Sending event: {'category': 'dbt', 'action': 'run_model', 'label': 'd883ad09-f93b-48ed-ba2d-7bb6b2541a14', 'context': [<snowplow_tracker.self_describing_json.SelfDescribingJson object at 0x0000019A0FF9DA90>]}
[0m21:56:08.705470 [error] [Thread-3 (]: 1 of 1 ERROR creating sql view model bronze_staging.stg_weather ................ [[31mERROR[0m in 6.26s]
[0m21:56:08.707458 [debug] [Thread-3 (]: Finished running node model.weather_analytics.stg_weather
[0m21:56:08.709359 [debug] [Thread-9 (]: Marking all children of 'model.weather_analytics.stg_weather' to be skipped because of status 'error'.  Reason: Database Error in model stg_weather (models\staging\stg_weather.sql)
  
  [PARSE_SYNTAX_ERROR] Syntax error at or near '﻿'. SQLSTATE: 42601 (line 9, pos 4)
  
  == SQL ==
  /* {"app": "dbt", "dbt_version": "1.11.11", "dbt_databricks_version": "1.12.1", "databricks_sql_connector_version": "4.2.6", "profile_name": "weather_analytics", "target_name": "dev", "invocation_id": "d883ad09-f93b-48ed-ba2d-7bb6b2541a14", "node_id": "model.weather_analytics.stg_weather"} */
  
    
    
    
    create or replace view `weather`.`bronze_staging`.`stg_weather`
    
    as (
      ﻿
  ----^^^
  
  SELECT 
      city,
      temperature_celsius,
      humidity,
      pressure,
      wind_speed,
      weather_main,
      weather_description,
      observation_time,
      'sample' as ingestion_id,
      CURRENT_TIMESTAMP() as processed_time
  FROM `weather`.`weather`.`weather_gold`
  WHERE is_valid = TRUE
    )
  
  compiled code at target\run\weather_analytics\models\staging\stg_weather.sql.
[0m21:56:08.714515 [debug] [MainThread]: Databricks adapter: DatabricksDBTConnection(session-id=None, name=master) - Creating connection
[0m21:56:08.716528 [debug] [MainThread]: Acquiring new databricks connection 'master'
[0m21:56:08.718538 [info ] [MainThread]: 
[0m21:56:08.721054 [info ] [MainThread]: Finished running 1 view model in 0 hours 0 minutes and 28.80 seconds (28.80s).
[0m21:56:08.723561 [debug] [MainThread]: Command end result
[0m21:56:09.019168 [debug] [MainThread]: Wrote artifact WritableManifest to C:\Users\Shank\PROJECT-CS\data engineering\weather-data-platform\dbt_weather\target\manifest.json
[0m21:56:09.029522 [debug] [MainThread]: Wrote artifact SemanticManifest to C:\Users\Shank\PROJECT-CS\data engineering\weather-data-platform\dbt_weather\target\semantic_manifest.json
[0m21:56:09.044921 [debug] [MainThread]: Wrote artifact RunExecutionResult to C:\Users\Shank\PROJECT-CS\data engineering\weather-data-platform\dbt_weather\target\run_results.json
[0m21:56:09.046375 [info ] [MainThread]: 
[0m21:56:09.048392 [info ] [MainThread]: [31mCompleted with 1 error, 0 partial successes, and 0 warnings:[0m
[0m21:56:09.049395 [info ] [MainThread]: 
[0m21:56:09.051702 [error] [MainThread]: [31mFailure in model stg_weather (models\staging\stg_weather.sql)[0m
[0m21:56:09.054056 [error] [MainThread]:   Database Error in model stg_weather (models\staging\stg_weather.sql)
  
  [PARSE_SYNTAX_ERROR] Syntax error at or near '﻿'. SQLSTATE: 42601 (line 9, pos 4)
  
  == SQL ==
  /* {"app": "dbt", "dbt_version": "1.11.11", "dbt_databricks_version": "1.12.1", "databricks_sql_connector_version": "4.2.6", "profile_name": "weather_analytics", "target_name": "dev", "invocation_id": "d883ad09-f93b-48ed-ba2d-7bb6b2541a14", "node_id": "model.weather_analytics.stg_weather"} */
  
    
    
    
    create or replace view `weather`.`bronze_staging`.`stg_weather`
    
    as (
      ﻿
  ----^^^
  
  SELECT 
      city,
      temperature_celsius,
      humidity,
      pressure,
      wind_speed,
      weather_main,
      weather_description,
      observation_time,
      'sample' as ingestion_id,
      CURRENT_TIMESTAMP() as processed_time
  FROM `weather`.`weather`.`weather_gold`
  WHERE is_valid = TRUE
    )
  
  compiled code at target\run\weather_analytics\models\staging\stg_weather.sql
[0m21:56:09.056323 [info ] [MainThread]: 
[0m21:56:09.057300 [info ] [MainThread]:   compiled code at target\compiled\weather_analytics\models\staging\stg_weather.sql
[0m21:56:09.059367 [info ] [MainThread]: 
[0m21:56:09.063842 [info ] [MainThread]: Done. PASS=0 WARN=0 ERROR=1 SKIP=0 NO-OP=0 TOTAL=1
[0m21:56:09.066841 [warn ] [MainThread]: [[33mWARNING[0m][DeprecationsSummary]: Deprecated functionality
Summary of encountered deprecations:
- PropertyMovedToConfigDeprecation: 7 occurrences
To see all deprecation instances instead of just the first occurrence of each,
run command again with the `--show-all-deprecations` flag. You may also need to
run with `--no-partial-parse` as some deprecations are only encountered during
parsing.
[0m21:56:09.070838 [debug] [MainThread]: Command `dbt run` failed at 21:56:09.070838 after 43.89 seconds
[0m21:56:09.072840 [debug] [MainThread]: Sending event: {'category': 'dbt', 'action': 'invocation', 'label': 'end', 'context': [<snowplow_tracker.self_describing_json.SelfDescribingJson object at 0x0000019A71547ED0>, <snowplow_tracker.self_describing_json.SelfDescribingJson object at 0x0000019A6EF8F210>, <snowplow_tracker.self_describing_json.SelfDescribingJson object at 0x0000019A725E1490>]}
[0m21:56:09.073835 [debug] [MainThread]: Flushing usage events
[0m21:56:11.110281 [debug] [MainThread]: An error was encountered while trying to flush usage events
[0m21:57:29.415036 [debug] [MainThread]: Sending event: {'category': 'dbt', 'action': 'invocation', 'label': 'start', 'context': [<snowplow_tracker.self_describing_json.SelfDescribingJson object at 0x000001759D9E4F50>, <snowplow_tracker.self_describing_json.SelfDescribingJson object at 0x000001759D9E45D0>, <snowplow_tracker.self_describing_json.SelfDescribingJson object at 0x000001759D9E4490>]}


============================== 21:57:29.423710 | 24c49c14-a09f-4d0d-bbce-6289f71b20df ==============================
[0m21:57:29.423710 [info ] [MainThread]: Running with dbt=1.11.11
[0m21:57:29.427179 [debug] [MainThread]: running dbt with arguments {'static_parser': 'True', 'no_print': 'None', 'version_check': 'True', 'target_path': 'None', 'warn_error_options': 'WarnErrorOptionsV2(error=[], warn=[], silence=[])', 'printer_width': '80', 'write_json': 'True', 'empty': 'False', 'log_cache_events': 'False', 'introspect': 'True', 'cache_selected_only': 'False', 'log_format': 'default', 'debug': 'False', 'fail_fast': 'False', 'profiles_dir': 'C:\\Users\\Shank\\PROJECT-CS\\data engineering\\weather-data-platform\\dbt_weather', 'send_anonymous_usage_stats': 'True', 'quiet': 'False', 'warn_error': 'None', 'partial_parse': 'True', 'use_colors': 'True', 'indirect_selection': 'eager', 'invocation_command': 'dbt run --select staging', 'use_experimental_parser': 'False', 'log_path': 'C:\\Users\\Shank\\PROJECT-CS\\data engineering\\weather-data-platform\\dbt_weather\\logs'}
[0m21:57:32.438010 [debug] [MainThread]: Spark adapter: Setting pyhive.hive logging to ERROR
[0m21:57:32.439011 [debug] [MainThread]: Spark adapter: Setting thrift.transport logging to ERROR
[0m21:57:32.441038 [debug] [MainThread]: Spark adapter: Setting thrift.protocol logging to ERROR
[0m21:57:36.335244 [debug] [MainThread]: Sending event: {'category': 'dbt', 'action': 'project_id', 'label': '24c49c14-a09f-4d0d-bbce-6289f71b20df', 'context': [<snowplow_tracker.self_describing_json.SelfDescribingJson object at 0x00000175B6763C50>]}
[0m21:57:36.564289 [debug] [MainThread]: Sending event: {'category': 'dbt', 'action': 'adapter_info', 'label': '24c49c14-a09f-4d0d-bbce-6289f71b20df', 'context': [<snowplow_tracker.self_describing_json.SelfDescribingJson object at 0x00000175A01EF910>]}
[0m21:57:36.566284 [info ] [MainThread]: Registered adapter: databricks=1.12.1
[0m21:57:37.978924 [debug] [MainThread]: checksum: 30a8cc8fdcbf66701b0944d4ccce3fa46dd04b61e5df68b9f16d57b2e0e3f0be, vars: {}, profile: , target: , version: 1.11.11
[0m21:57:38.654659 [warn ] [MainThread]: [[33mWARNING[0m][PropertyMovedToConfigDeprecation]: Deprecated functionality
Found `meta` as a top-level property of `models[0]` in file
`models\marts\schema.yml`. The `meta` top-level property should be moved into
the `config` of `models[0]`.
[0m21:57:38.656672 [debug] [MainThread]: Sending event: {'category': 'dbt', 'action': 'deprecation', 'label': '24c49c14-a09f-4d0d-bbce-6289f71b20df', 'property_': 'warn', 'context': [<snowplow_tracker.self_describing_json.SelfDescribingJson object at 0x00000175BA656A10>]}
[0m21:57:39.049483 [debug] [MainThread]: Partial parsing enabled: 0 files deleted, 0 files added, 1 files changed.
[0m21:57:39.053164 [debug] [MainThread]: Partial parsing: updated file: weather_analytics://models\staging\stg_weather.sql
[0m21:57:40.401940 [warn ] [MainThread]: [[33mWARNING[0m][MissingArgumentsPropertyInGenericTestDeprecation]: Deprecated
functionality
Found top-level arguments to test `unique` defined on 'stg_weather' in package
'weather_analytics' (models\staging\schema.yml). Arguments to generic tests
should be nested under the `arguments` property.
[0m21:57:40.404167 [debug] [MainThread]: Sending event: {'category': 'dbt', 'action': 'deprecation', 'label': '24c49c14-a09f-4d0d-bbce-6289f71b20df', 'property_': 'warn', 'context': [<snowplow_tracker.self_describing_json.SelfDescribingJson object at 0x00000175BAA21090>]}
[0m21:57:40.958551 [warn ] [MainThread]: [[33mWARNING[0m]: Configuration paths exist in your dbt_project.yml file which do not apply to any resources.
There are 2 unused configuration paths:
- seeds
- snapshots
[0m21:57:41.004750 [debug] [MainThread]: Sending event: {'category': 'dbt', 'action': 'load_project', 'label': '24c49c14-a09f-4d0d-bbce-6289f71b20df', 'context': [<snowplow_tracker.self_describing_json.SelfDescribingJson object at 0x000001759D843A50>]}
[0m21:57:41.394480 [debug] [MainThread]: Wrote artifact WritableManifest to C:\Users\Shank\PROJECT-CS\data engineering\weather-data-platform\dbt_weather\target\manifest.json
[0m21:57:41.402618 [debug] [MainThread]: Wrote artifact SemanticManifest to C:\Users\Shank\PROJECT-CS\data engineering\weather-data-platform\dbt_weather\target\semantic_manifest.json
[0m21:57:41.456072 [debug] [MainThread]: Sending event: {'category': 'dbt', 'action': 'resource_counts', 'label': '24c49c14-a09f-4d0d-bbce-6289f71b20df', 'context': [<snowplow_tracker.self_describing_json.SelfDescribingJson object at 0x00000175BAF66CD0>]}
[0m21:57:41.458073 [info ] [MainThread]: Found 14 models, 192 data tests, 2 sources, 894 macros
[0m21:57:41.459070 [debug] [MainThread]: Sending event: {'category': 'dbt', 'action': 'runnable_timing', 'label': '24c49c14-a09f-4d0d-bbce-6289f71b20df', 'context': [<snowplow_tracker.self_describing_json.SelfDescribingJson object at 0x00000175BA97B5D0>]}
[0m21:57:41.466448 [info ] [MainThread]: 
[0m21:57:41.468922 [info ] [MainThread]: Concurrency: 4 threads (target='dev')
[0m21:57:41.471184 [info ] [MainThread]: 
[0m21:57:41.475861 [debug] [MainThread]: Databricks adapter: DatabricksDBTConnection(session-id=None, name=master) - Creating connection
[0m21:57:41.478876 [debug] [MainThread]: Acquiring new databricks connection 'master'
[0m21:57:41.482814 [debug] [ThreadPool]: Databricks adapter: DatabricksDBTConnection(session-id=None, name=list_weather) - Creating connection
[0m21:57:41.485234 [debug] [ThreadPool]: Acquiring new databricks connection 'list_weather'
[0m21:57:41.515931 [debug] [ThreadPool]: Using databricks connection "list_weather"
[0m21:57:41.516933 [debug] [ThreadPool]: On list_weather: /* {"app": "dbt", "dbt_version": "1.11.11", "dbt_databricks_version": "1.12.1", "databricks_sql_connector_version": "4.2.6", "profile_name": "weather_analytics", "target_name": "dev", "invocation_id": "24c49c14-a09f-4d0d-bbce-6289f71b20df", "connection_name": "list_weather"} */

    

  SHOW SCHEMAS IN `weather`


  
[0m21:57:41.517955 [debug] [ThreadPool]: Opening a new connection, currently in state init
[0m21:57:52.221401 [debug] [ThreadPool]: Databricks adapter: Connection(session-id=01f17245-24f2-10dd-aaf4-6b2868bd0c7a) - Created
[0m21:57:53.045586 [debug] [ThreadPool]: SQL status: OK in 11.530 seconds
[0m21:57:53.060054 [debug] [ThreadPool]: Databricks adapter: Cursor(session-id=01f17245-24f2-10dd-aaf4-6b2868bd0c7a, command-id=01f17245-2679-1eaa-878b-14f232c61d93) - Closing
[0m21:57:53.062618 [debug] [ThreadPool]: On list_weather: Close
[0m21:57:53.063623 [debug] [ThreadPool]: Databricks adapter: Connection(session-id=01f17245-24f2-10dd-aaf4-6b2868bd0c7a) - Closing
[0m21:57:53.474965 [debug] [ThreadPool]: Databricks adapter: DatabricksDBTConnection(session-id=None, name=list_weather_bronze_dbt_test__audit) - Creating connection
[0m21:57:53.476963 [debug] [ThreadPool]: Databricks adapter: DatabricksDBTConnection(session-id=None, name=list_weather_bronze_marts) - Creating connection
[0m21:57:53.479440 [debug] [ThreadPool]: Acquiring new databricks connection 'list_weather_bronze_dbt_test__audit'
[0m21:57:53.481435 [debug] [ThreadPool]: Databricks adapter: DatabricksDBTConnection(session-id=None, name=list_weather_bronze_staging) - Creating connection
[0m21:57:53.482436 [debug] [ThreadPool]: Acquiring new databricks connection 'list_weather_bronze_marts'
[0m21:57:53.485437 [debug] [ThreadPool]: Databricks adapter: DatabricksDBTConnection(session-id=None, name=list_weather_bronze_intermediate) - Creating connection
[0m21:57:53.499899 [debug] [ThreadPool]: Using databricks connection "list_weather_bronze_dbt_test__audit"
[0m21:57:53.502443 [debug] [ThreadPool]: Acquiring new databricks connection 'list_weather_bronze_staging'
[0m21:57:53.511907 [debug] [ThreadPool]: Using databricks connection "list_weather_bronze_marts"
[0m21:57:53.512906 [debug] [ThreadPool]: Acquiring new databricks connection 'list_weather_bronze_intermediate'
[0m21:57:53.514995 [debug] [ThreadPool]: On list_weather_bronze_dbt_test__audit: /* {"app": "dbt", "dbt_version": "1.11.11", "dbt_databricks_version": "1.12.1", "databricks_sql_connector_version": "4.2.6", "profile_name": "weather_analytics", "target_name": "dev", "invocation_id": "24c49c14-a09f-4d0d-bbce-6289f71b20df", "connection_name": "list_weather_bronze_dbt_test__audit"} */

    
SELECT
  table_name,
  if(table_type IN ('EXTERNAL', 'MANAGED', 'MANAGED_SHALLOW_CLONE', 'EXTERNAL_SHALLOW_CLONE'), 'table', lower(table_type)) AS table_type,
  lower(data_source_format) AS file_format,
  table_owner,
  if(
    table_type IN (
      'EXTERNAL',
      'MANAGED',
      'MANAGED_SHALLOW_CLONE',
      'EXTERNAL_SHALLOW_CLONE'
    ),
    lower(table_type),
    NULL
  ) AS databricks_table_type
FROM `system`.`information_schema`.`tables`
WHERE table_catalog = 'weather'
  AND table_schema = 'bronze_dbt_test__audit'

  
[0m21:57:53.525401 [debug] [ThreadPool]: Using databricks connection "list_weather_bronze_staging"
[0m21:57:53.528148 [debug] [ThreadPool]: On list_weather_bronze_marts: /* {"app": "dbt", "dbt_version": "1.11.11", "dbt_databricks_version": "1.12.1", "databricks_sql_connector_version": "4.2.6", "profile_name": "weather_analytics", "target_name": "dev", "invocation_id": "24c49c14-a09f-4d0d-bbce-6289f71b20df", "connection_name": "list_weather_bronze_marts"} */

    
SELECT
  table_name,
  if(table_type IN ('EXTERNAL', 'MANAGED', 'MANAGED_SHALLOW_CLONE', 'EXTERNAL_SHALLOW_CLONE'), 'table', lower(table_type)) AS table_type,
  lower(data_source_format) AS file_format,
  table_owner,
  if(
    table_type IN (
      'EXTERNAL',
      'MANAGED',
      'MANAGED_SHALLOW_CLONE',
      'EXTERNAL_SHALLOW_CLONE'
    ),
    lower(table_type),
    NULL
  ) AS databricks_table_type
FROM `system`.`information_schema`.`tables`
WHERE table_catalog = 'weather'
  AND table_schema = 'bronze_marts'

  
[0m21:57:53.537976 [debug] [ThreadPool]: Using databricks connection "list_weather_bronze_intermediate"
[0m21:57:53.540376 [debug] [ThreadPool]: Opening a new connection, currently in state init
[0m21:57:53.541387 [debug] [ThreadPool]: On list_weather_bronze_staging: /* {"app": "dbt", "dbt_version": "1.11.11", "dbt_databricks_version": "1.12.1", "databricks_sql_connector_version": "4.2.6", "profile_name": "weather_analytics", "target_name": "dev", "invocation_id": "24c49c14-a09f-4d0d-bbce-6289f71b20df", "connection_name": "list_weather_bronze_staging"} */

    
SELECT
  table_name,
  if(table_type IN ('EXTERNAL', 'MANAGED', 'MANAGED_SHALLOW_CLONE', 'EXTERNAL_SHALLOW_CLONE'), 'table', lower(table_type)) AS table_type,
  lower(data_source_format) AS file_format,
  table_owner,
  if(
    table_type IN (
      'EXTERNAL',
      'MANAGED',
      'MANAGED_SHALLOW_CLONE',
      'EXTERNAL_SHALLOW_CLONE'
    ),
    lower(table_type),
    NULL
  ) AS databricks_table_type
FROM `system`.`information_schema`.`tables`
WHERE table_catalog = 'weather'
  AND table_schema = 'bronze_staging'

  
[0m21:57:53.543562 [debug] [ThreadPool]: Opening a new connection, currently in state init
[0m21:57:53.544564 [debug] [ThreadPool]: On list_weather_bronze_intermediate: /* {"app": "dbt", "dbt_version": "1.11.11", "dbt_databricks_version": "1.12.1", "databricks_sql_connector_version": "4.2.6", "profile_name": "weather_analytics", "target_name": "dev", "invocation_id": "24c49c14-a09f-4d0d-bbce-6289f71b20df", "connection_name": "list_weather_bronze_intermediate"} */

    
SELECT
  table_name,
  if(table_type IN ('EXTERNAL', 'MANAGED', 'MANAGED_SHALLOW_CLONE', 'EXTERNAL_SHALLOW_CLONE'), 'table', lower(table_type)) AS table_type,
  lower(data_source_format) AS file_format,
  table_owner,
  if(
    table_type IN (
      'EXTERNAL',
      'MANAGED',
      'MANAGED_SHALLOW_CLONE',
      'EXTERNAL_SHALLOW_CLONE'
    ),
    lower(table_type),
    NULL
  ) AS databricks_table_type
FROM `system`.`information_schema`.`tables`
WHERE table_catalog = 'weather'
  AND table_schema = 'bronze_intermediate'

  
[0m21:57:53.546563 [debug] [ThreadPool]: Opening a new connection, currently in state init
[0m21:57:53.549660 [debug] [ThreadPool]: Opening a new connection, currently in state init
[0m21:57:59.110723 [debug] [ThreadPool]: Databricks adapter: Connection(session-id=01f17245-29e2-172a-8e48-4b944bc6f513) - Created
[0m21:57:59.110723 [debug] [ThreadPool]: Databricks adapter: Connection(session-id=01f17245-29df-186d-8a17-4f8abad2a5c9) - Created
[0m21:57:59.112237 [debug] [ThreadPool]: Databricks adapter: Connection(session-id=01f17245-29f2-1284-b737-1ba400872385) - Created
[0m21:57:59.113348 [debug] [ThreadPool]: Databricks adapter: Connection(session-id=01f17245-29f4-10a3-85c3-78be93880bac) - Created
[0m21:57:59.976672 [debug] [ThreadPool]: SQL status: OK in 6.430 seconds
[0m21:57:59.977704 [debug] [ThreadPool]: SQL status: OK in 6.440 seconds
[0m21:57:59.985486 [debug] [ThreadPool]: SQL status: OK in 6.440 seconds
[0m21:57:59.990843 [debug] [ThreadPool]: Databricks adapter: Cursor(session-id=01f17245-29f2-1284-b737-1ba400872385, command-id=01f17245-2a97-189e-9f69-248046fb202e) - Closing
[0m21:57:59.993481 [debug] [ThreadPool]: Databricks adapter: Cursor(session-id=01f17245-29e2-172a-8e48-4b944bc6f513, command-id=01f17245-2a97-109a-8202-2487cb86492e) - Closing
[0m21:57:59.997812 [debug] [ThreadPool]: Databricks adapter: Cursor(session-id=01f17245-29f4-10a3-85c3-78be93880bac, command-id=01f17245-2a96-172d-83bd-d40d391c12f2) - Closing
[0m21:57:59.998863 [debug] [ThreadPool]: On list_weather_bronze_staging: Close
[0m21:58:00.001891 [debug] [ThreadPool]: Databricks adapter: Connection(session-id=01f17245-29f2-1284-b737-1ba400872385) - Closing
[0m21:58:00.071141 [debug] [ThreadPool]: SQL status: OK in 6.530 seconds
[0m21:58:00.075955 [debug] [ThreadPool]: Databricks adapter: Cursor(session-id=01f17245-29df-186d-8a17-4f8abad2a5c9, command-id=01f17245-2a96-1a6b-9b8d-bc169e60e506) - Closing
[0m21:58:00.320936 [debug] [ThreadPool]: On list_weather_bronze_marts: Close
[0m21:58:00.323451 [debug] [ThreadPool]: Databricks adapter: Connection(session-id=01f17245-29e2-172a-8e48-4b944bc6f513) - Closing
[0m21:58:00.686620 [debug] [ThreadPool]: On list_weather_bronze_intermediate: Close
[0m21:58:00.688651 [debug] [ThreadPool]: Databricks adapter: Connection(session-id=01f17245-29f4-10a3-85c3-78be93880bac) - Closing
[0m21:58:01.047607 [debug] [ThreadPool]: On list_weather_bronze_dbt_test__audit: Close
[0m21:58:01.049161 [debug] [ThreadPool]: Databricks adapter: Connection(session-id=01f17245-29df-186d-8a17-4f8abad2a5c9) - Closing
[0m21:58:01.411740 [debug] [MainThread]: Sending event: {'category': 'dbt', 'action': 'runnable_timing', 'label': '24c49c14-a09f-4d0d-bbce-6289f71b20df', 'context': [<snowplow_tracker.self_describing_json.SelfDescribingJson object at 0x00000175BAD3E450>]}
[0m21:58:01.425323 [debug] [Thread-3 (]: Began running node model.weather_analytics.stg_weather
[0m21:58:01.427858 [info ] [Thread-3 (]: 1 of 1 START sql table model bronze_staging.stg_weather ........................ [RUN]
[0m21:58:01.431514 [debug] [Thread-3 (]: Databricks adapter: DatabricksDBTConnection(session-id=None, name=model.weather_analytics.stg_weather) - Creating connection
[0m21:58:01.433707 [debug] [Thread-3 (]: Acquiring new databricks connection 'model.weather_analytics.stg_weather'
[0m21:58:01.434707 [debug] [Thread-3 (]: Began compiling node model.weather_analytics.stg_weather
[0m21:58:01.459606 [debug] [Thread-3 (]: Writing injected SQL for node "model.weather_analytics.stg_weather"
[0m21:58:01.465304 [debug] [Thread-3 (]: Began executing node model.weather_analytics.stg_weather
[0m21:58:01.532487 [debug] [Thread-3 (]: MATERIALIZING TABLE
[0m21:58:01.633698 [debug] [Thread-3 (]: Using databricks connection "model.weather_analytics.stg_weather"
[0m21:58:01.638668 [debug] [Thread-3 (]: On model.weather_analytics.stg_weather: /* {"app": "dbt", "dbt_version": "1.11.11", "dbt_databricks_version": "1.12.1", "databricks_sql_connector_version": "4.2.6", "profile_name": "weather_analytics", "target_name": "dev", "invocation_id": "24c49c14-a09f-4d0d-bbce-6289f71b20df", "node_id": "model.weather_analytics.stg_weather"} */
SELECT
    table_catalog,
    table_schema,
    table_name,
    filter_name,
    target_columns
  FROM `weather`.`information_schema`.`row_filters`
  WHERE table_catalog = 'weather'
    AND table_schema = 'bronze_staging'
    AND table_name = 'stg_weather'
[0m21:58:01.642708 [debug] [Thread-3 (]: Opening a new connection, currently in state init
[0m21:58:06.779114 [debug] [Thread-3 (]: Databricks adapter: Connection(session-id=01f17245-2e67-1397-88bb-2c70372973f5) - Created
[0m21:58:07.795185 [debug] [Thread-3 (]: SQL status: OK in 6.150 seconds
[0m21:58:07.802390 [debug] [Thread-3 (]: Databricks adapter: Cursor(session-id=01f17245-2e67-1397-88bb-2c70372973f5, command-id=01f17245-2f23-1a0e-92bb-cded0be5b775) - Closing
[0m21:58:07.860401 [debug] [Thread-3 (]: Writing runtime sql for node "model.weather_analytics.stg_weather"
[0m21:58:07.863012 [debug] [Thread-3 (]: Using databricks connection "model.weather_analytics.stg_weather"
[0m21:58:07.865406 [debug] [Thread-3 (]: On model.weather_analytics.stg_weather: /* {"app": "dbt", "dbt_version": "1.11.11", "dbt_databricks_version": "1.12.1", "databricks_sql_connector_version": "4.2.6", "profile_name": "weather_analytics", "target_name": "dev", "invocation_id": "24c49c14-a09f-4d0d-bbce-6289f71b20df", "node_id": "model.weather_analytics.stg_weather"} */

  
    
        create or replace table `weather`.`bronze_staging`.`stg_weather`
      
      
    using delta
  
      
      
      
      
      
      
      
      
      as
      ﻿

SELECT 
    city,
    temperature_celsius,
    humidity,
    pressure,
    wind_speed,
    weather_main,
    weather_description,
    observation_time,
    'sample' as ingestion_id,
    CURRENT_TIMESTAMP() as processed_time
FROM `weather`.`weather`.`weather_gold`
WHERE is_valid = TRUE
  
[0m21:58:08.500654 [debug] [Thread-3 (]: Databricks adapter: Exception while trying to execute query
/* {"app": "dbt", "dbt_version": "1.11.11", "dbt_databricks_version": "1.12.1", "databricks_sql_connector_version": "4.2.6", "profile_name": "weather_analytics", "target_name": "dev", "invocation_id": "24c49c14-a09f-4d0d-bbce-6289f71b20df", "node_id": "model.weather_analytics.stg_weather"} */

  
    
        create or replace table `weather`.`bronze_staging`.`stg_weather`
      
      
    using delta
  
      
      
      
      
      
      
      
      
      as
      ﻿

SELECT 
    city,
    temperature_celsius,
    humidity,
    pressure,
    wind_speed,
    weather_main,
    weather_description,
    observation_time,
    'sample' as ingestion_id,
    CURRENT_TIMESTAMP() as processed_time
FROM `weather`.`weather`.`weather_gold`
WHERE is_valid = TRUE
  
: 
[PARSE_SYNTAX_ERROR] Syntax error at or near '﻿'. SQLSTATE: 42601 (line 19, pos 6)

== SQL ==
/* {"app": "dbt", "dbt_version": "1.11.11", "dbt_databricks_version": "1.12.1", "databricks_sql_connector_version": "4.2.6", "profile_name": "weather_analytics", "target_name": "dev", "invocation_id": "24c49c14-a09f-4d0d-bbce-6289f71b20df", "node_id": "model.weather_analytics.stg_weather"} */

  
    
        create or replace table `weather`.`bronze_staging`.`stg_weather`
      
      
    using delta
  
      
      
      
      
      
      
      
      
      as
      ﻿
------^^^

SELECT 
    city,
    temperature_celsius,
    humidity,
    pressure,
    wind_speed,
    weather_main,
    weather_description,
    observation_time,
    'sample' as ingestion_id,
    CURRENT_TIMESTAMP() as processed_time
FROM `weather`.`weather`.`weather_gold`
WHERE is_valid = TRUE

Error properties: diagnostic-info=org.apache.hive.service.cli.HiveSQLException: Error running query: [PARSE_SYNTAX_ERROR] org.apache.spark.sql.catalyst.parser.ParseException: 
[PARSE_SYNTAX_ERROR] Syntax error at or near '﻿'. SQLSTATE: 42601 (line 19, pos 6)

== SQL ==
/* {"app": "dbt", "dbt_version": "1.11.11", "dbt_databricks_version": "1.12.1", "databricks_sql_connector_version": "4.2.6", "profile_name": "weather_analytics", "target_name": "dev", "invocation_id": "24c49c14-a09f-4d0d-bbce-6289f71b20df", "node_id": "model.weather_analytics.stg_weather"} */

  
    
        create or replace table `weather`.`bronze_staging`.`stg_weather`
      
      
    using delta
  
      
      
      
      
      
      
      
      
      as
      ﻿
------^^^

SELECT 
    city,
    temperature_celsius,
    humidity,
    pressure,
    wind_speed,
    weather_main,
    weather_description,
    observation_time,
    'sample' as ingestion_id,
    CURRENT_TIMESTAMP() as processed_time
FROM `weather`.`weather`.`weather_gold`
WHERE is_valid = TRUE

	at org.apache.spark.sql.hive.thriftserver.HiveThriftServerErrors$.runningQueryError(HiveThriftServerErrors.scala:58)
	at org.apache.spark.sql.hive.thriftserver.SparkExecuteStatementOperation.$anonfun$execute$1(SparkExecuteStatementOperation.scala:1352)
	at scala.runtime.java8.JFunction0$mcV$sp.apply(JFunction0$mcV$sp.scala:18)
	at com.databricks.unity.UCSEphemeralState$Handle.runWith(UCSEphemeralState.scala:51)
	at com.databricks.unity.HandleImpl.runWith(UCSHandle.scala:128)
	at org.apache.spark.sql.hive.thriftserver.SparkExecuteStatementOperation.org$apache$spark$sql$hive$thriftserver$SparkExecuteStatementOperation$$execute(SparkExecuteStatementOperation.scala:1030)
	at org.apache.spark.sql.hive.thriftserver.SparkExecuteStatementOperation$$anon$2$$anon$3.$anonfun$run$6(SparkExecuteStatementOperation.scala:641)
	at scala.runtime.java8.JFunction0$mcV$sp.apply(JFunction0$mcV$sp.scala:18)
	at org.apache.spark.sql.execution.SQLExecution$.withRootExecution(SQLExecution.scala:1439)
	at org.apache.spark.sql.hive.thriftserver.SparkExecuteStatementOperation$$anon$2$$anon$3.$anonfun$run$3(SparkExecuteStatementOperation.scala:641)
	at scala.runtime.java8.JFunction0$mcV$sp.apply(JFunction0$mcV$sp.scala:18)
	at com.databricks.util.TracingSpanUtils$.withTracing(TracingSpanUtils.scala:251)
	at com.databricks.spark.util.DatabricksTracingHelper.withSpan(DatabricksSparkTracingHelper.scala:154)
	at com.databricks.spark.util.DBRTracing$.withSpan(DBRTracing.scala:87)
	at org.apache.spark.sql.hive.thriftserver.ThriftLocalProperties.$anonfun$withLocalProperties$18(ThriftLocalProperties.scala:366)
	at com.databricks.logging.AttributionContextTracing.$anonfun$withAttributionContext$1(AttributionContextTracing.scala:146)
	at com.databricks.logging.AttributionContext$.$anonfun$withValue$1(AttributionContext.scala:349)
	at scala.util.DynamicVariable.withValue(DynamicVariable.scala:59)
	at com.databricks.logging.AttributionContext$.withValue(AttributionContext.scala:345)
	at com.databricks.logging.AttributionContextTracing.withAttributionContext(AttributionContextTracing.scala:144)
	at com.databricks.logging.AttributionContextTracing.withAttributionContext$(AttributionContextTracing.scala:141)
	at com.databricks.spark.util.PublicDBLogging.withAttributionContext(DatabricksSparkUsageLogger.scala:29)
	at com.databricks.logging.AttributionContextTracing.withAttributionTags(AttributionContextTracing.scala:201)
	at com.databricks.logging.AttributionContextTracing.withAttributionTags$(AttributionContextTracing.scala:182)
	at com.databricks.spark.util.PublicDBLogging.withAttributionTags(DatabricksSparkUsageLogger.scala:29)
	at com.databricks.spark.util.PublicDBLogging.withAttributionTags0(DatabricksSparkUsageLogger.scala:108)
	at com.databricks.spark.util.DatabricksSparkUsageLogger.withAttributionTags(DatabricksSparkUsageLogger.scala:215)
	at com.databricks.spark.util.UsageLogging.$anonfun$withAttributionTags$1(UsageLogger.scala:668)
	at com.databricks.spark.util.UsageLogging$.withAttributionTags(UsageLogger.scala:780)
	at com.databricks.spark.util.UsageLogging$.withAttributionTags(UsageLogger.scala:789)
	at com.databricks.spark.util.UsageLogging.withAttributionTags(UsageLogger.scala:668)
	at com.databricks.spark.util.UsageLogging.withAttributionTags$(UsageLogger.scala:666)
	at org.apache.spark.sql.hive.thriftserver.SparkExecuteStatementOperation.withAttributionTags(SparkExecuteStatementOperation.scala:83)
	at org.apache.spark.sql.hive.thriftserver.ThriftLocalProperties.$anonfun$withLocalProperties$15(ThriftLocalProperties.scala:365)
	at com.databricks.spark.util.IdentityClaim$.withClaim(IdentityClaim.scala:48)
	at org.apache.spark.sql.hive.thriftserver.ThriftLocalProperties.withLocalProperties(ThriftLocalProperties.scala:360)
	at org.apache.spark.sql.hive.thriftserver.ThriftLocalProperties.withLocalProperties$(ThriftLocalProperties.scala:180)
	at org.apache.spark.sql.hive.thriftserver.SparkExecuteStatementOperation.withLocalProperties(SparkExecuteStatementOperation.scala:83)
	at org.apache.spark.sql.hive.thriftserver.SparkExecuteStatementOperation$$anon$2$$anon$3.$anonfun$run$2(SparkExecuteStatementOperation.scala:617)
	at scala.runtime.java8.JFunction0$mcV$sp.apply(JFunction0$mcV$sp.scala:18)
	at com.databricks.spark.util.DBRTracing$.withSpanFromParent(DBRTracing.scala:70)
	at org.apache.spark.sql.hive.thriftserver.SparkExecuteStatementOperation$$anon$2$$anon$3.run(SparkExecuteStatementOperation.scala:617)
	at org.apache.spark.sql.hive.thriftserver.SparkExecuteStatementOperation$$anon$2$$anon$3.run(SparkExecuteStatementOperation.scala:590)
	at java.base/java.security.AccessController.doPrivileged(AccessController.java:712)
	at java.base/javax.security.auth.Subject.doAs(Subject.java:439)
	at org.apache.hadoop.security.UserGroupInformation.doAs(UserGroupInformation.java:1953)
	at org.apache.spark.sql.hive.thriftserver.SparkExecuteStatementOperation$$anon$2.run(SparkExecuteStatementOperation.scala:655)
	at java.base/java.util.concurrent.Executors$RunnableAdapter.call(Executors.java:539)
	at java.base/java.util.concurrent.FutureTask.run(FutureTask.java:264)
	at java.base/java.util.concurrent.ThreadPoolExecutor.runWorker(ThreadPoolExecutor.java:1136)
	at java.base/java.util.concurrent.ThreadPoolExecutor$Worker.run(ThreadPoolExecutor.java:635)
	at java.base/java.lang.Thread.run(Thread.java:840)
Caused by: org.apache.spark.sql.catalyst.parser.ParseException: 
[PARSE_SYNTAX_ERROR] Syntax error at or near '﻿'. SQLSTATE: 42601 (line 19, pos 6)

== SQL ==
/* {"app": "dbt", "dbt_version": "1.11.11", "dbt_databricks_version": "1.12.1", "databricks_sql_connector_version": "4.2.6", "profile_name": "weather_analytics", "target_name": "dev", "invocation_id": "24c49c14-a09f-4d0d-bbce-6289f71b20df", "node_id": "model.weather_analytics.stg_weather"} */

  
    
        create or replace table `weather`.`bronze_staging`.`stg_weather`
      
      
    using delta
  
      
      
      
      
      
      
      
      
      as
      ﻿
------^^^

SELECT 
    city,
    temperature_celsius,
    humidity,
    pressure,
    wind_speed,
    weather_main,
    weather_description,
    observation_time,
    'sample' as ingestion_id,
    CURRENT_TIMESTAMP() as processed_time
FROM `weather`.`weather`.`weather_gold`
WHERE is_valid = TRUE

	at org.apache.spark.sql.catalyst.parser.ParseException.withCommand(parsers.scala:514)
	at org.apache.spark.sql.catalyst.parser.AbstractParser$.executeWithTwoStageStrategy(parsers.scala:328)
	at org.apache.spark.sql.catalyst.parser.AbstractParser.parse(parsers.scala:89)
	at org.apache.spark.sql.execution.SparkSqlParser.super$parse(SparkSqlParser.scala:312)
	at org.apache.spark.sql.execution.SparkSqlParser.$anonfun$parseInternal$1(SparkSqlParser.scala:312)
	at org.apache.spark.sql.catalyst.trees.CurrentOrigin$.withOrigin(origin.scala:142)
	at org.apache.spark.sql.execution.SparkSqlParser.parseInternal(SparkSqlParser.scala:312)
	at org.apache.spark.sql.execution.SparkSqlParser.parse(SparkSqlParser.scala:229)
	at org.apache.spark.sql.catalyst.parser.AbstractSqlParser.parsePlan(AbstractSqlParser.scala:118)
	at com.databricks.sql.QueryRuntimePredictionUtils$.$anonfun$getParsedPlanWithTracking$4(QueryRuntimePrediction.scala:473)
	at com.databricks.spark.util.FrameProfiler$.$anonfun$record$1(FrameProfiler.scala:114)
	at com.databricks.spark.util.FrameProfilerExporter$.maybeExportFrameProfiler(FrameProfilerExporter.scala:146)
	at com.databricks.spark.util.FrameProfiler$.record(FrameProfiler.scala:105)
	at org.apache.spark.sql.catalyst.QueryPlanningTracker.measurePhase(QueryPlanningTracker.scala:925)
	at com.databricks.sql.QueryRuntimePredictionUtils$.$anonfun$getParsedPlanWithTracking$3(QueryRuntimePrediction.scala:457)
	at org.apache.spark.sql.catalyst.QueryPlanningTracker$.withTracker(QueryPlanningTracker.scala:266)
	at com.databricks.sql.QueryRuntimePredictionUtils$.$anonfun$getParsedPlanWithTracking$2(QueryRuntimePrediction.scala:457)
	at org.apache.spark.sql.execution.SQLExecution$.$anonfun$withExecutionPhase$1(SQLExecution.scala:322)
	at com.databricks.util.TracingSpanUtils$.withTracing(TracingSpanUtils.scala:251)
	at com.databricks.spark.util.DatabricksTracingHelper.withSpan(DatabricksSparkTracingHelper.scala:154)
	at com.databricks.spark.util.DBRTracing$.withSpan(DBRTracing.scala:87)
	at org.apache.spark.sql.execution.SQLExecution$.withExecutionPhase(SQLExecution.scala:303)
	at com.databricks.sql.QueryRuntimePredictionUtils$.$anonfun$getParsedPlanWithTracking$1(QueryRuntimePrediction.scala:456)
	at com.databricks.sql.util.MemoryTrackerHelper.withMemoryTracking(MemoryTrackerHelper.scala:111)
	at com.databricks.sql.QueryRuntimePredictionUtils$.getParsedPlanWithTracking(QueryRuntimePrediction.scala:452)
	at com.databricks.sql.QueryRuntimePrediction.$anonfun$getQueryExecutionWithParsedPlan$1(QueryRuntimePrediction.scala:895)
	at org.apache.spark.sql.SparkSession.withActive(SparkSession.scala:866)
	at com.databricks.sql.QueryRuntimePrediction.getQueryExecutionWithParsedPlan(QueryRuntimePrediction.scala:886)
	at com.databricks.sql.QueryRuntimePrediction.getRuntimeCategory(QueryRuntimePrediction.scala:610)
	at com.databricks.sql.ClusterLoadMonitor.$anonfun$getRuntimeCategory$3(ClusterLoadMonitor.scala:1120)
	at com.databricks.unity.UCSEphemeralState$Handle.runWith(UCSEphemeralState.scala:51)
	at com.databricks.unity.HandleImpl.runWith(UCSHandle.scala:128)
	at com.databricks.unity.HandleImpl.$anonfun$runWithAndClose$1(UCSHandle.scala:133)
	at scala.util.Using$.resource(Using.scala:296)
	at com.databricks.unity.HandleImpl.runWithAndClose(UCSHandle.scala:132)
	at com.databricks.sql.ClusterLoadMonitor.$anonfun$getRuntimeCategory$2(ClusterLoadMonitor.scala:1115)
	at java.base/java.util.concurrent.CompletableFuture$AsyncSupply.run(CompletableFuture.java:1768)
	at org.apache.spark.util.threads.SparkThreadLocalCapturingRunnable.$anonfun$run$1(SparkThreadLocalForwardingThreadPoolExecutor.scala:171)
	at scala.runtime.java8.JFunction0$mcV$sp.apply(JFunction0$mcV$sp.scala:18)
	at com.databricks.spark.util.DBRTracing$.withSpanFromParent(DBRTracing.scala:70)
	at org.apache.spark.util.threads.SparkThreadLocalCapturingHelper.$anonfun$runWithCaptured$7(SparkThreadLocalForwardingThreadPoolExecutor.scala:124)
	at com.databricks.util.LexicalThreadLocal$Handle.runWith(LexicalThreadLocal.scala:63)
	at org.apache.spark.util.threads.SparkThreadLocalCapturingHelper.$anonfun$runWithCaptured$6(SparkThreadLocalForwardingThreadPoolExecutor.scala:123)
	at com.databricks.sql.transaction.tahoe.mst.MSTThreadHelper$.runWithMSTContext(MSTThreadHelper.scala:60)
	at org.apache.spark.util.threads.SparkThreadLocalCapturingHelper.$anonfun$runWithCaptured$5(SparkThreadLocalForwardingThreadPoolExecutor.scala:120)
	at com.databricks.spark.util.IdentityClaim$.withClaim(IdentityClaim.scala:48)
	at org.apache.spark.util.threads.SparkThreadLocalCapturingHelper.$anonfun$runWithCaptured$4(SparkThreadLocalForwardingThreadPoolExecutor.scala:119)
	at com.databricks.unity.UCSEphemeralState$Handle.runWith(UCSEphemeralState.scala:51)
	at org.apache.spark.util.threads.SparkThreadLocalCapturingHelper.runWithCaptured(SparkThreadLocalForwardingThreadPoolExecutor.scala:118)
	at org.apache.spark.util.threads.SparkThreadLocalCapturingHelper.runWithCaptured$(SparkThreadLocalForwardingThreadPoolExecutor.scala:95)
	at org.apache.spark.util.threads.SparkThreadLocalCapturingRunnable.runWithCaptured(SparkThreadLocalForwardingThreadPoolExecutor.scala:168)
	at org.apache.spark.util.threads.SparkThreadLocalCapturingRunnable.run(SparkThreadLocalForwardingThreadPoolExecutor.scala:171)
	... 3 more
, operation-id=01f17245-2fc7-1eae-bc11-b6ab4da468dd
[0m21:58:08.505654 [debug] [Thread-3 (]: On model.weather_analytics.stg_weather: Close
[0m21:58:08.507657 [debug] [Thread-3 (]: Databricks adapter: Connection(session-id=01f17245-2e67-1397-88bb-2c70372973f5) - Closing
[0m21:58:08.877798 [debug] [Thread-3 (]: Database Error in model stg_weather (models\staging\stg_weather.sql)
  
  [PARSE_SYNTAX_ERROR] Syntax error at or near '﻿'. SQLSTATE: 42601 (line 19, pos 6)
  
  == SQL ==
  /* {"app": "dbt", "dbt_version": "1.11.11", "dbt_databricks_version": "1.12.1", "databricks_sql_connector_version": "4.2.6", "profile_name": "weather_analytics", "target_name": "dev", "invocation_id": "24c49c14-a09f-4d0d-bbce-6289f71b20df", "node_id": "model.weather_analytics.stg_weather"} */
  
    
      
          create or replace table `weather`.`bronze_staging`.`stg_weather`
        
        
      using delta
    
        
        
        
        
        
        
        
        
        as
        ﻿
  ------^^^
  
  SELECT 
      city,
      temperature_celsius,
      humidity,
      pressure,
      wind_speed,
      weather_main,
      weather_description,
      observation_time,
      'sample' as ingestion_id,
      CURRENT_TIMESTAMP() as processed_time
  FROM `weather`.`weather`.`weather_gold`
  WHERE is_valid = TRUE
  
  compiled code at target\run\weather_analytics\models\staging\stg_weather.sql
[0m21:58:08.883840 [debug] [Thread-3 (]: Sending event: {'category': 'dbt', 'action': 'run_model', 'label': '24c49c14-a09f-4d0d-bbce-6289f71b20df', 'context': [<snowplow_tracker.self_describing_json.SelfDescribingJson object at 0x00000175BB589B90>]}
[0m21:58:08.885633 [error] [Thread-3 (]: 1 of 1 ERROR creating sql table model bronze_staging.stg_weather ............... [[31mERROR[0m in 7.45s]
[0m21:58:08.887647 [debug] [Thread-3 (]: Finished running node model.weather_analytics.stg_weather
[0m21:58:08.890649 [debug] [Thread-9 (]: Marking all children of 'model.weather_analytics.stg_weather' to be skipped because of status 'error'.  Reason: Database Error in model stg_weather (models\staging\stg_weather.sql)
  
  [PARSE_SYNTAX_ERROR] Syntax error at or near '﻿'. SQLSTATE: 42601 (line 19, pos 6)
  
  == SQL ==
  /* {"app": "dbt", "dbt_version": "1.11.11", "dbt_databricks_version": "1.12.1", "databricks_sql_connector_version": "4.2.6", "profile_name": "weather_analytics", "target_name": "dev", "invocation_id": "24c49c14-a09f-4d0d-bbce-6289f71b20df", "node_id": "model.weather_analytics.stg_weather"} */
  
    
      
          create or replace table `weather`.`bronze_staging`.`stg_weather`
        
        
      using delta
    
        
        
        
        
        
        
        
        
        as
        ﻿
  ------^^^
  
  SELECT 
      city,
      temperature_celsius,
      humidity,
      pressure,
      wind_speed,
      weather_main,
      weather_description,
      observation_time,
      'sample' as ingestion_id,
      CURRENT_TIMESTAMP() as processed_time
  FROM `weather`.`weather`.`weather_gold`
  WHERE is_valid = TRUE
  
  compiled code at target\run\weather_analytics\models\staging\stg_weather.sql.
[0m21:58:08.894768 [debug] [MainThread]: Databricks adapter: DatabricksDBTConnection(session-id=None, name=master) - Creating connection
[0m21:58:08.895886 [debug] [MainThread]: Acquiring new databricks connection 'master'
[0m21:58:08.897604 [info ] [MainThread]: 
[0m21:58:08.899161 [info ] [MainThread]: Finished running 1 table model in 0 hours 0 minutes and 27.42 seconds (27.42s).
[0m21:58:08.902159 [debug] [MainThread]: Command end result
[0m21:58:09.332073 [debug] [MainThread]: Wrote artifact WritableManifest to C:\Users\Shank\PROJECT-CS\data engineering\weather-data-platform\dbt_weather\target\manifest.json
[0m21:58:09.339858 [debug] [MainThread]: Wrote artifact SemanticManifest to C:\Users\Shank\PROJECT-CS\data engineering\weather-data-platform\dbt_weather\target\semantic_manifest.json
[0m21:58:09.354781 [debug] [MainThread]: Wrote artifact RunExecutionResult to C:\Users\Shank\PROJECT-CS\data engineering\weather-data-platform\dbt_weather\target\run_results.json
[0m21:58:09.356555 [info ] [MainThread]: 
[0m21:58:09.358806 [info ] [MainThread]: [31mCompleted with 1 error, 0 partial successes, and 0 warnings:[0m
[0m21:58:09.360817 [info ] [MainThread]: 
[0m21:58:09.362487 [error] [MainThread]: [31mFailure in model stg_weather (models\staging\stg_weather.sql)[0m
[0m21:58:09.364098 [error] [MainThread]:   Database Error in model stg_weather (models\staging\stg_weather.sql)
  
  [PARSE_SYNTAX_ERROR] Syntax error at or near '﻿'. SQLSTATE: 42601 (line 19, pos 6)
  
  == SQL ==
  /* {"app": "dbt", "dbt_version": "1.11.11", "dbt_databricks_version": "1.12.1", "databricks_sql_connector_version": "4.2.6", "profile_name": "weather_analytics", "target_name": "dev", "invocation_id": "24c49c14-a09f-4d0d-bbce-6289f71b20df", "node_id": "model.weather_analytics.stg_weather"} */
  
    
      
          create or replace table `weather`.`bronze_staging`.`stg_weather`
        
        
      using delta
    
        
        
        
        
        
        
        
        
        as
        ﻿
  ------^^^
  
  SELECT 
      city,
      temperature_celsius,
      humidity,
      pressure,
      wind_speed,
      weather_main,
      weather_description,
      observation_time,
      'sample' as ingestion_id,
      CURRENT_TIMESTAMP() as processed_time
  FROM `weather`.`weather`.`weather_gold`
  WHERE is_valid = TRUE
  
  compiled code at target\run\weather_analytics\models\staging\stg_weather.sql
[0m21:58:09.366301 [info ] [MainThread]: 
[0m21:58:09.368621 [info ] [MainThread]:   compiled code at target\compiled\weather_analytics\models\staging\stg_weather.sql
[0m21:58:09.370331 [info ] [MainThread]: 
[0m21:58:09.372041 [info ] [MainThread]: Done. PASS=0 WARN=0 ERROR=1 SKIP=0 NO-OP=0 TOTAL=1
[0m21:58:09.375193 [warn ] [MainThread]: [[33mWARNING[0m][DeprecationsSummary]: Deprecated functionality
Summary of encountered deprecations:
- PropertyMovedToConfigDeprecation: 7 occurrences
- MissingArgumentsPropertyInGenericTestDeprecation: 6 occurrences
To see all deprecation instances instead of just the first occurrence of each,
run command again with the `--show-all-deprecations` flag. You may also need to
run with `--no-partial-parse` as some deprecations are only encountered during
parsing.
[0m21:58:09.379466 [debug] [MainThread]: Command `dbt run` failed at 21:58:09.378464 after 40.34 seconds
[0m21:58:09.380476 [debug] [MainThread]: Sending event: {'category': 'dbt', 'action': 'invocation', 'label': 'end', 'context': [<snowplow_tracker.self_describing_json.SelfDescribingJson object at 0x000001759710BC90>, <snowplow_tracker.self_describing_json.SelfDescribingJson object at 0x00000175BB5178D0>, <snowplow_tracker.self_describing_json.SelfDescribingJson object at 0x00000175BB5144D0>]}
[0m21:58:09.383778 [debug] [MainThread]: Flushing usage events
[0m21:58:11.320133 [debug] [MainThread]: An error was encountered while trying to flush usage events
